상품 ID,브랜드,성별,카테고리1,카테고리2,원산지,실패 사유
AB22CK19548C014,MONCLER,K,AB,T-SHIRT Colore unico,MADE IN TURKEY,재고 없음
AB22CK19548C014,MONCLER,K,AB,T-SHIRT Colore unico,MADE IN TURKEY,재고 없음
AB22CK19548C018,MONCLER,K,AB,T-SHIRT Colore unico,MADE IN PORTUGAL,재고 없음
AB22CK19548C018,MONCLER,K,AB,T-SHIRT Colore unico,MADE IN PORTUGAL,재고 없음
AB04X9095XXX001,BORRIELLO NAPOLI,U,AB,SHIRT,MADE IN ITALY,재고 없음
AB04X9095XXX001,BORRIELLO NAPOLI,U,AB,SHIRT,MADE IN ITALY,재고 없음
AB13CEM00110001,EMPORIO ARMANI,U,AB,TROUSERS Colore unico,MADE IN CAMBOGIA,재고 없음
AB13CEM00110001,EMPORIO ARMANI,U,AB,TROUSERS Colore unico,MADE IN CAMBOGIA,재고 없음
AB04CEM00152002,EMPORIO ARMANI,U,AB,SHIRT Colore unico,MADE IN CHINA,재고 없음
AB04CEM00152002,EMPORIO ARMANI,U,AB,SHIRT Colore unico,MADE IN CHINA,재고 없음
AB13XNEPETAX001,MAX MARA,D,AB,TROUSERS,MADE IN ITALY,재고 없음
AB13XNEPETAX001,MAX MARA,D,AB,TROUSERS,MADE IN ITALY,재고 없음
AB08XB9D0052001,AMARANTO,U,AB,VEST,MADE IN ITALY,재고 없음
AB08XB9D0052001,AMARANTO,U,AB,VEST,MADE IN ITALY,재고 없음
AB02CKS10250002,KONGES SLOJD,K,AB,BEACHWEAR,MADE IN CHINA,재고 없음
AB02CKS10250002,KONGES SLOJD,K,AB,BEACHWEAR,MADE IN CHINA,재고 없음
AB22CS05GTSK005,BONPOINT,K,AB,T-SHIRT Colore unico,MADE IN PORTUGAL,재고 없음
AB22CS05GTSK005,BONPOINT,K,AB,T-SHIRT Colore unico,MADE IN PORTUGAL,재고 없음
AB04CKS10230005,KONGES SLOJD,K,AB,SHIRT,MADE IN CHINA,재고 없음
AB04CKS10230005,KONGES SLOJD,K,AB,SHIRT,MADE IN CHINA,재고 없음
AB22XUTS056X001,AMI,U,AB,T-SHIRT,MADE IN PORTUGAL,재고 없음
AB22XUTS056X001,AMI,U,AB,T-SHIRT,MADE IN PORTUGAL,재고 없음
AB03X255JS31001,JACQUEMUS,U,AB,SHORT,MADE IN PORTUGAL,재고 없음
AB03X255JS31001,JACQUEMUS,U,AB,SHORT,MADE IN PORTUGAL,재고 없음
29504211,MC2 Saint Barth,Man,Clothing,Sea clothing,Moldova,원가 없음 또는 0원
29504211,MC2 Saint Barth,Man,Clothing,Sea clothing,Moldova,원가 없음 또는 0원
29504211,MC2 Saint Barth,Man,Clothing,Sea clothing,Moldova,원가 없음 또는 0원
29504211,MC2 Saint Barth,Man,Clothing,Sea clothing,Moldova,원가 없음 또는 0원
29504211,MC2 Saint Barth,Man,Clothing,Sea clothing,Moldova,원가 없음 또는 0원
29504211,MC2 Saint Barth,Man,Clothing,Sea clothing,Moldova,원가 없음 또는 0원
AB22XA13049X001,DIESEL,U,AB,T-SHIRT,MADE IN INDIA,재고 없음
AB22XA13049X001,DIESEL,U,AB,T-SHIRT,MADE IN INDIA,재고 없음
AB22XA17880X001,DIESEL,U,AB,T-SHIRT,MADE IN BULGARIA,재고 없음
AB22XA17880X001,DIESEL,U,AB,T-SHIRT,MADE IN BULGARIA,재고 없음
AB22CC20489_002,CHLOE',K,AB,T-SHIRT Colore unico,MADE IN TUNISIA,재고 없음
AB22CC20489_002,CHLOE',K,AB,T-SHIRT Colore unico,MADE IN TUNISIA,재고 없음
BO01X6W0B0R6001,VALENTINO GARAVANI,D,BO,LEATHER BAG,,재고 없음
BO01X6W0B0R6001,VALENTINO GARAVANI,D,BO,LEATHER BAG,,재고 없음
AB22XK109U8C003,MONCLER X FRAGMENT,U,AB,T-SHIRT,MADE IN TURKEY,재고 없음
AB22XK109U8C003,MONCLER X FRAGMENT,U,AB,T-SHIRT,MADE IN TURKEY,재고 없음
AB22X37768XX005,PATAGONIA,U,AB,T-SHIRT,MADE IN MEXICO,재고 없음
AB22X37768XX005,PATAGONIA,U,AB,T-SHIRT,MADE IN MEXICO,재고 없음
AB22XNF0A8C3001,THE NORTH FACE,U,AB,T-SHIRT,MADE IN TURKEY,재고 없음
AB22XNF0A8C3001,THE NORTH FACE,U,AB,T-SHIRT,MADE IN TURKEY,재고 없음
AB13CM01416X002,MARNI,K,AB,TROUSERS Colore unico,MADE IN BULGARIA,재고 없음
AB13CM01416X002,MARNI,K,AB,TROUSERS Colore unico,MADE IN BULGARIA,재고 없음
AB22CTW8A21X001,STELLA MCCARTNEY,K,AB,T-SHIRT Colore unico,MADE IN TURKEY,재고 없음
AB22CTW8A21X001,STELLA MCCARTNEY,K,AB,T-SHIRT Colore unico,MADE IN TURKEY,재고 없음
AB22XSS25BAL001,COLE BUXTON,U,AB,T-SHIRT,MADE IN PORTUGAL,재고 없음
AB22XSS25BAL001,COLE BUXTON,U,AB,T-SHIRT,MADE IN PORTUGAL,재고 없음
AB13X255JS30001,JACQUEMUS,U,AB,TROUSERS,,재고 없음
AB13X255JS30001,JACQUEMUS,U,AB,TROUSERS,,재고 없음
AB13X6400933001,STELLA MCCARTNEY,D,AB,TROUSERS,MADE IN HUNGARY,재고 없음
AB13X6400933001,STELLA MCCARTNEY,D,AB,TROUSERS,MADE IN HUNGARY,재고 없음
AB13XCOPP552001,COPERNI,D,AB,TROUSERS,MADE IN ITALY,재고 없음
AB13XCOPP552001,COPERNI,D,AB,TROUSERS,MADE IN ITALY,재고 없음
AB13XHEW0330001,HAIKURE,D,AB,TROUSERS,MADE IN ITALY,재고 없음
AB13XHEW0330001,HAIKURE,D,AB,TROUSERS,MADE IN ITALY,재고 없음
AB13XSS25CTT001,COLE BUXTON,U,AB,TROUSERS,MADE IN CHINA,재고 없음
AB13XSS25CTT001,COLE BUXTON,U,AB,TROUSERS,MADE IN CHINA,재고 없음
29494959,,Woman,Clothing,Sea clothing,BULGARIA,브랜드 실패(사유: None) / 카테고리 성공 / 원산지 성공
29494959,,Woman,Clothing,Sea clothing,BULGARIA,브랜드 실패(사유: None) / 카테고리 성공 / 원산지 성공
29494959,,Woman,Clothing,Sea clothing,BULGARIA,브랜드 실패(사유: None) / 카테고리 성공 / 원산지 성공
29494959,,Woman,Clothing,Sea clothing,BULGARIA,브랜드 실패(사유: None) / 카테고리 성공 / 원산지 성공
29494959,,Woman,Clothing,Sea clothing,BULGARIA,브랜드 실패(사유: None) / 카테고리 성공 / 원산지 성공
29494959,,Woman,Clothing,Sea clothing,BULGARIA,브랜드 실패(사유: None) / 카테고리 성공 / 원산지 성공
AB24XK1S1551001,STONE ISLAND,U,AB,CARDIGAN,MADE IN CROAZIA,재고 없음
AB24XK1S1551001,STONE ISLAND,U,AB,CARDIGAN,MADE IN CROAZIA,재고 없음
31122442,,Man,Clothing,T-shirts and Polos,,브랜드 실패(사유: None) / 카테고리 성공 / 원산지 성공
31122442,,Man,Clothing,T-shirts and Polos,,브랜드 실패(사유: None) / 카테고리 성공 / 원산지 성공
31122442,,Man,Clothing,T-shirts and Polos,,브랜드 실패(사유: None) / 카테고리 성공 / 원산지 성공
31122442,,Man,Clothing,T-shirts and Polos,,브랜드 실패(사유: None) / 카테고리 성공 / 원산지 성공
31122442,,Man,Clothing,T-shirts and Polos,,브랜드 실패(사유: None) / 카테고리 성공 / 원산지 성공
31122442,,Man,Clothing,T-shirts and Polos,,브랜드 실패(사유: None) / 카테고리 성공 / 원산지 성공
31122447,,Man,Clothing,Shorts,,브랜드 실패(사유: None) / 카테고리 성공 / 원산지 성공
31122447,,Man,Clothing,Shorts,,브랜드 실패(사유: None) / 카테고리 성공 / 원산지 성공
31122447,,Man,Clothing,Shorts,,브랜드 실패(사유: None) / 카테고리 성공 / 원산지 성공
31122447,,Man,Clothing,Shorts,,브랜드 실패(사유: None) / 카테고리 성공 / 원산지 성공
31122447,,Man,Clothing,Shorts,,브랜드 실패(사유: None) / 카테고리 성공 / 원산지 성공
31122447,,Man,Clothing,Shorts,,브랜드 실패(사유: None) / 카테고리 성공 / 원산지 성공
AB25X85241XX002,PATAGONIA,U,AB,WINDBREAKER,MADE IN VIETNAM,재고 없음
AB25X85241XX002,PATAGONIA,U,AB,WINDBREAKER,MADE IN VIETNAM,재고 없음
AB31CK19541A003,MONCLER,K,AB,DOWNJACKET Colore unico,MADE IN ALBANIA,재고 없음
AB31CK19541A003,MONCLER,K,AB,DOWNJACKET Colore unico,MADE IN ALBANIA,재고 없음
AB28CS05GDRW001,BONPOINT,K,AB,BABY DRESS Colore unico,MADE IN INDIA,재고 없음
AB28CS05GDRW001,BONPOINT,K,AB,BABY DRESS Colore unico,MADE IN INDIA,재고 없음
AB31CK51416W001,K-WAY,K,AB,DOWNJACKET,MADE IN VIETNAM,재고 없음
AB31CK51416W001,K-WAY,K,AB,DOWNJACKET,MADE IN VIETNAM,재고 없음
31122431,ADIDAS X AVAVAV,Unisex,Clothing,T-shirts and Polos,Cina,브랜드 실패(사유: ADIDAS X AVAVAV) / 카테고리 성공 / 원산지 성공
31122431,ADIDAS X AVAVAV,Unisex,Clothing,T-shirts and Polos,Cina,브랜드 실패(사유: ADIDAS X AVAVAV) / 카테고리 성공 / 원산지 성공
31122431,ADIDAS X AVAVAV,Unisex,Clothing,T-shirts and Polos,Cina,브랜드 실패(사유: ADIDAS X AVAVAV) / 카테고리 성공 / 원산지 성공
31122431,ADIDAS X AVAVAV,Unisex,Clothing,T-shirts and Polos,Cina,브랜드 실패(사유: ADIDAS X AVAVAV) / 카테고리 성공 / 원산지 성공
31122432,ADIDAS X AVAVAV,Unisex,Clothing,Underwear,China,브랜드 실패(사유: ADIDAS X AVAVAV) / 카테고리 성공 / 원산지 성공
31122432,ADIDAS X AVAVAV,Unisex,Clothing,Underwear,China,브랜드 실패(사유: ADIDAS X AVAVAV) / 카테고리 성공 / 원산지 성공
31122432,ADIDAS X AVAVAV,Unisex,Clothing,Underwear,China,브랜드 실패(사유: ADIDAS X AVAVAV) / 카테고리 성공 / 원산지 성공
31122432,ADIDAS X AVAVAV,Unisex,Clothing,Underwear,China,브랜드 실패(사유: ADIDAS X AVAVAV) / 카테고리 성공 / 원산지 성공
31122441,ADIDAS X AVAVAV,Unisex,Clothing,Sweaters,,브랜드 실패(사유: ADIDAS X AVAVAV) / 카테고리 성공 / 원산지 성공
31122441,ADIDAS X AVAVAV,Unisex,Clothing,Sweaters,,브랜드 실패(사유: ADIDAS X AVAVAV) / 카테고리 성공 / 원산지 성공
31122441,ADIDAS X AVAVAV,Unisex,Clothing,Sweaters,,브랜드 실패(사유: ADIDAS X AVAVAV) / 카테고리 성공 / 원산지 성공
31122441,ADIDAS X AVAVAV,Unisex,Clothing,Sweaters,,브랜드 실패(사유: ADIDAS X AVAVAV) / 카테고리 성공 / 원산지 성공
31122446,ADIDAS X AVAVAV,Unisex,Clothing,Trousers,Cina,브랜드 실패(사유: ADIDAS X AVAVAV) / 카테고리 성공 / 원산지 성공
31122446,ADIDAS X AVAVAV,Unisex,Clothing,Trousers,Cina,브랜드 실패(사유: ADIDAS X AVAVAV) / 카테고리 성공 / 원산지 성공
31122446,ADIDAS X AVAVAV,Unisex,Clothing,Trousers,Cina,브랜드 실패(사유: ADIDAS X AVAVAV) / 카테고리 성공 / 원산지 성공
31122446,ADIDAS X AVAVAV,Unisex,Clothing,Trousers,Cina,브랜드 실패(사유: ADIDAS X AVAVAV) / 카테고리 성공 / 원산지 성공
AB22XDR1045X002,LEMAIRE,D,AB,T-SHIRT,MADE IN PORTUGAL,재고 없음
AB22XDR1045X002,LEMAIRE,D,AB,T-SHIRT,MADE IN PORTUGAL,재고 없음
AB22XERL08T0002,ERL,U,AB,T-SHIRT,MADE IN PORTUGAL,재고 없음
AB22XERL08T0002,ERL,U,AB,T-SHIRT,MADE IN PORTUGAL,재고 없음
AB22XHTS048X002,AMI,U,AB,T-SHIRT,MADE IN PORTUGAL,재고 없음
AB22XHTS048X002,AMI,U,AB,T-SHIRT,MADE IN PORTUGAL,재고 없음
AB22XK1S1521007,STONE ISLAND,U,AB,T-SHIRT,MADE IN TUNISIA,재고 없음
AB22XK1S1521007,STONE ISLAND,U,AB,T-SHIRT,MADE IN TUNISIA,재고 없음
AL12XFXT155X002,FENDI,D,AL,WOMEN SILK,MADE IN ITALY,재고 없음
AL12XFXT155X002,FENDI,D,AL,WOMEN SILK,MADE IN ITALY,재고 없음
BO01X6W2B0R4003,VALENTINO GARAVANI,D,BO,LEATHER BAG,MADE IN ITALY,재고 없음
BO01X6W2B0R4003,VALENTINO GARAVANI,D,BO,LEATHER BAG,MADE IN ITALY,재고 없음
29006437,Hugo Boss,Man,Shoes,Sneakers,Vietnam,원가 없음 또는 0원
29006437,Hugo Boss,Man,Shoes,Sneakers,Vietnam,원가 없음 또는 0원
29006437,Hugo Boss,Man,Shoes,Sneakers,Vietnam,원가 없음 또는 0원
29006437,Hugo Boss,Man,Shoes,Sneakers,Vietnam,원가 없음 또는 0원
29006437,Hugo Boss,Man,Shoes,Sneakers,Vietnam,원가 없음 또는 0원
29006437,Hugo Boss,Man,Shoes,Sneakers,Vietnam,원가 없음 또는 0원
29006471,Carven,Woman,Accessories,Sunglasses,France,원가 없음 또는 0원
29006471,Carven,Woman,Accessories,Sunglasses,France,원가 없음 또는 0원
29006471,Carven,Woman,Accessories,Sunglasses,France,원가 없음 또는 0원
29006471,Carven,Woman,Accessories,Sunglasses,France,원가 없음 또는 0원
29006471,Carven,Woman,Accessories,Sunglasses,France,원가 없음 또는 0원
29006471,Carven,Woman,Accessories,Sunglasses,France,원가 없음 또는 0원
BO01X1C56XXX006,JW PEI,D,BO,LEATHER BAG,MADE IN CHINA,재고 없음
BO01X1C56XXX006,JW PEI,D,BO,LEATHER BAG,MADE IN CHINA,재고 없음
BO08X658582X002,GUCCI,U,BO,BELT BAG,MADE IN ITALY,재고 없음
BO08X658582X002,GUCCI,U,BO,BELT BAG,MADE IN ITALY,재고 없음
BO01X223BA04004,JACQUEMUS,D,BO,LEATHER BAG,MADE IN MAROCCO,재고 없음
BO01X223BA04004,JACQUEMUS,D,BO,LEATHER BAG,MADE IN MAROCCO,재고 없음
BO01X223BA04005,JACQUEMUS,D,BO,LEATHER BAG,MADE IN MAROCCO,재고 없음
BO01X223BA04005,JACQUEMUS,D,BO,LEATHER BAG,MADE IN MAROCCO,재고 없음
BO01X6W2B0R0006,VALENTINO GARAVANI,D,BO,MINI BAG,MADE IN ITALY,재고 없음
BO01X6W2B0R0006,VALENTINO GARAVANI,D,BO,MINI BAG,MADE IN ITALY,재고 없음
29347286,Pero,Woman,Clothing,Skirts,India,원가 없음 또는 0원
29347286,Pero,Woman,Clothing,Skirts,India,원가 없음 또는 0원
29347286,Pero,Woman,Clothing,Skirts,India,원가 없음 또는 0원
29347286,Pero,Woman,Clothing,Skirts,India,원가 없음 또는 0원
29347286,Pero,Woman,Clothing,Skirts,India,원가 없음 또는 0원
29347286,Pero,Woman,Clothing,Skirts,India,원가 없음 또는 0원
BO01X34178XX005,LONGCHAMP,D,BO,LEATHER BAG,MADE IN CHINA,재고 없음
BO01X34178XX005,LONGCHAMP,D,BO,LEATHER BAG,MADE IN CHINA,재고 없음
BO01X104515X001,PINKO,D,BO,LEATHER BAG,MADE IN CHINA,재고 없음
BO01X104515X001,PINKO,D,BO,LEATHER BAG,MADE IN CHINA,재고 없음
AB23CK1S1661017,STONE ISLAND,K,AB,SWEATSHIRT Colore unico,MADE IN ROMANIA,재고 없음
AB23CK1S1661017,STONE ISLAND,K,AB,SWEATSHIRT Colore unico,MADE IN ROMANIA,재고 없음
BO01X8BS081X006,FENDI,D,BO,mini bag,MADE IN ITALY,재고 없음
BO01X8BS081X006,FENDI,D,BO,mini bag,MADE IN ITALY,재고 없음
CA03X3240422003,CHRISTIAN LOUBOUTIN,U,CA,SNEAKERS,MADE IN ITALY,재고 없음
CA03X3240422003,CHRISTIAN LOUBOUTIN,U,CA,SNEAKERS,MADE IN ITALY,재고 없음
AB23COBBA001015,OFF WHITE,K,AB,SWEATSHIRT Colore unico,MADE IN PORTUGAL,재고 없음
AB23COBBA001015,OFF WHITE,K,AB,SWEATSHIRT Colore unico,MADE IN PORTUGAL,재고 없음
BO01XXBWAPAT015,TODS,D,BO,LEATHER BAG,MADE IN ITALY,재고 없음
BO01XXBWAPAT015,TODS,D,BO,LEATHER BAG,MADE IN ITALY,재고 없음
65dc6b0f3536af7c18eb718c,MORDECAI,MAN,UOMO,ABBIGLIAMENTO,MADE IN ITALY,브랜드 실패(사유: MORDECAI) / 카테고리 성공 / 원산지 성공
65dc6b0f3536af7c18eb718c,MORDECAI,MAN,UOMO,ABBIGLIAMENTO,MADE IN ITALY,브랜드 실패(사유: MORDECAI) / 카테고리 성공 / 원산지 성공
65dc6b0f3536af7c18eb718c,MORDECAI,MAN,UOMO,ABBIGLIAMENTO,MADE IN ITALY,브랜드 실패(사유: MORDECAI) / 카테고리 성공 / 원산지 성공
65dc6b0f3536af7c18eb718c,MORDECAI,MAN,UOMO,ABBIGLIAMENTO,MADE IN ITALY,브랜드 실패(사유: MORDECAI) / 카테고리 성공 / 원산지 성공
65dc6ad73536af7c18eb6902,MORDECAI,MAN,UOMO,ABBIGLIAMENTO,MADE IN ITALY,브랜드 실패(사유: MORDECAI) / 카테고리 성공 / 원산지 성공
65dc6ad73536af7c18eb6902,MORDECAI,MAN,UOMO,ABBIGLIAMENTO,MADE IN ITALY,브랜드 실패(사유: MORDECAI) / 카테고리 성공 / 원산지 성공
65dc6ad73536af7c18eb6902,MORDECAI,MAN,UOMO,ABBIGLIAMENTO,MADE IN ITALY,브랜드 실패(사유: MORDECAI) / 카테고리 성공 / 원산지 성공
65dc6ad73536af7c18eb6902,MORDECAI,MAN,UOMO,ABBIGLIAMENTO,MADE IN ITALY,브랜드 실패(사유: MORDECAI) / 카테고리 성공 / 원산지 성공
BO01XSLIM SY001,SAVETTE,D,BO,LEATHER BAG,MADE IN ITALY,재고 없음
BO01XSLIM SY001,SAVETTE,D,BO,LEATHER BAG,MADE IN ITALY,재고 없음
BO01XSA1VX00001,MAISON MARGIELA,U,BO,LEATHER BAG,MADE IN ITALY,재고 없음
BO01XSA1VX00001,MAISON MARGIELA,U,BO,LEATHER BAG,MADE IN ITALY,재고 없음
AB18CDW5A51X001,DOUDOU,K,AB,TOP Colore unico,MADE IN ROMANIA,재고 없음
AB18CDW5A51X001,DOUDOU,K,AB,TOP Colore unico,MADE IN ROMANIA,재고 없음
CA03XOMIA189042,OFF WHITE,U,CA,SNEAKERS,MADE IN CHINA,재고 없음
CA03XOMIA189042,OFF WHITE,U,CA,SNEAKERS,MADE IN CHINA,재고 없음
BO05C782708X003,GUCCI,K,BO,BACKPACK Colore unico,MADE IN ITALY,재고 없음
BO05C782708X003,GUCCI,K,BO,BACKPACK Colore unico,MADE IN ITALY,재고 없음
AB29CEM00057004,EMPORIO ARMANI,U,AB,POLO Colore unico,MADE IN TURKEY,재고 없음
AB29CEM00057004,EMPORIO ARMANI,U,AB,POLO Colore unico,MADE IN TURKEY,재고 없음
AB28CKS10307002,KONGES SLOJD,K,AB,BABY DRESS,MADE IN CHINA,재고 없음
AB28CKS10307002,KONGES SLOJD,K,AB,BABY DRESS,MADE IN CHINA,재고 없음
AB18XRS24107001,SELF PORTRAIT,D,AB,TOP,MADE IN CHINA,재고 없음
AB18XRS24107001,SELF PORTRAIT,D,AB,TOP,MADE IN CHINA,재고 없음
AB31CK19511A017,MONCLER,K,AB,DOWNJACKET Colore unico,,재고 없음
AB31CK19511A017,MONCLER,K,AB,DOWNJACKET Colore unico,,재고 없음
CA03XGMF0068002,GOLDEN GOOSE,U,CA,SNEAKERS,MADE IN ITALY,재고 없음
CA03XGMF0068002,GOLDEN GOOSE,U,CA,SNEAKERS,MADE IN ITALY,재고 없음
AB31X18CMOW0004,CP COMPANY,U,AB,DOWNJACKET,MADE IN MYANMAR,재고 없음
AB31X18CMOW0004,CP COMPANY,U,AB,DOWNJACKET,MADE IN MYANMAR,재고 없음
AB31X2079MXX004,CANADA GOOSE,U,AB,DOWNJACKET,MADE IN CANADA,재고 없음
AB31X2079MXX004,CANADA GOOSE,U,AB,DOWNJACKET,MADE IN CANADA,재고 없음
CA03XCS1772X011,DOLCE&GABBANA,U,CA,SNEAKERS,MADE IN ITALY,재고 없음
CA03XCS1772X011,DOLCE&GABBANA,U,CA,SNEAKERS,MADE IN ITALY,재고 없음
CA03XCS2203X003,DOLCE&GABBANA,U,CA,SNEAKERS,MADE IN ITALY,재고 없음
CA03XCS2203X003,DOLCE&GABBANA,U,CA,SNEAKERS,MADE IN ITALY,재고 없음
CA05XV28R0X001,MANEBI,D,CA,SANDALS,MADE IN SPAIN,재고 없음
CA05XV28R0X001,MANEBI,D,CA,SANDALS,MADE IN SPAIN,재고 없음
CA07X163189X001,TORY BURCH,D,CA,FLAT SHOES,MADE IN CHINA,재고 없음
CA07X163189X001,TORY BURCH,D,CA,FLAT SHOES,MADE IN CHINA,재고 없음
CA07X8X8645X001,FENDI,D,CA,FLAT SHOES,MADE IN ITALY,재고 없음
CA07X8X8645X001,FENDI,D,CA,FLAT SHOES,MADE IN ITALY,재고 없음
CA08X787037X001,BOTTEGA VENETA,D,CA,HEELED SHOES,MADE IN ITALY,재고 없음
CA08X787037X001,BOTTEGA VENETA,D,CA,HEELED SHOES,MADE IN ITALY,재고 없음
AB31XPI0660D003,HERNO,D,AB,DOWNJACKET,MADE IN ARMENIA,재고 없음
AB31XPI0660D003,HERNO,D,AB,DOWNJACKET,MADE IN ARMENIA,재고 없음
PP02XMAUOA25001,BRUNELLO CUCINELLI,U,PP,BELT,MADE IN ITALY,재고 없음
PP02XMAUOA25001,BRUNELLO CUCINELLI,U,PP,BELT,MADE IN ITALY,재고 없음
AB22XEH1EG01003,BALMAIN,U,AB,T-SHIRT,MADE IN PORTUGAL,재고 없음
AB22XEH1EG01003,BALMAIN,U,AB,T-SHIRT,MADE IN PORTUGAL,재고 없음
AB23X768444X001,GUCCI,U,AB,SWEATSHIRT,MADE IN ITALY,재고 없음
AB23X768444X001,GUCCI,U,AB,SWEATSHIRT,MADE IN ITALY,재고 없음
BO01X100038X019,PINKO,D,BO,LEATHER BAG,MADE IN CHINA,재고 없음
BO01X100038X019,PINKO,D,BO,LEATHER BAG,MADE IN CHINA,재고 없음
PP12X6W2P0AJ001,VALENTINO GARAVANI,D,PP,POUCH,MADE IN ITALY,재고 없음
PP12X6W2P0AJ001,VALENTINO GARAVANI,D,PP,POUCH,MADE IN ITALY,재고 없음
BO01X6W2P0AK002,VALENTINO GARAVANI,D,BO,LEATHER BAG,MADE IN ITALY,재고 없음
BO01X6W2P0AK002,VALENTINO GARAVANI,D,BO,LEATHER BAG,MADE IN ITALY,재고 없음
AB31CK1S1641002,STONE ISLAND,K,AB,DOWNJACKET Colore unico,MADE IN INDONESIA,재고 없음
AB31CK1S1641002,STONE ISLAND,K,AB,DOWNJACKET Colore unico,MADE IN INDONESIA,재고 없음
BO01X18CMAC2002,CP COMPANY,U,BO,LEATHER BAG,MADE IN CHINA,재고 없음
BO01X18CMAC2002,CP COMPANY,U,BO,LEATHER BAG,MADE IN CHINA,재고 없음
AB27C320-945001,RALPH LAUREN,K,AB,BABY TRACKSUIT Colore unico,MADE IN CHINA,재고 없음
AB27C320-945001,RALPH LAUREN,K,AB,BABY TRACKSUIT Colore unico,MADE IN CHINA,재고 없음
AB29C8100457001,BURBERRY,K,AB,POLO Colore unico,MADE IN VIETNAM,재고 없음
AB29C8100457001,BURBERRY,K,AB,POLO Colore unico,MADE IN VIETNAM,재고 없음
AB31X793181X001,GUCCI,U,AB,DOWNJACKET,MADE IN ITALY,재고 없음
AB31X793181X001,GUCCI,U,AB,DOWNJACKET,MADE IN ITALY,재고 없음
AL02X696429X007,FERRAGAMO,D,AL,JEWELLERY,MADE IN ITALY,재고 없음
AL02X696429X007,FERRAGAMO,D,AL,JEWELLERY,MADE IN ITALY,재고 없음
AL02XSM6UQ00003,MM6,D,AL,JEWELLERY,MADE IN ITALY,재고 없음
AL02XSM6UQ00003,MM6,D,AL,JEWELLERY,MADE IN ITALY,재고 없음
BO01XL1500XX045,LONGCHAMP,D,BO,2000030107043,MADE IN TUNISIA,재고 없음
BO01XL1500XX045,LONGCHAMP,D,BO,2000030107043,MADE IN TUNISIA,재고 없음
AB32CP25DP47002,IL GUFO,K,AB,SET TOP PANTALONE Colore unico,MADE IN ITALY,재고 없음
AB32CP25DP47002,IL GUFO,K,AB,SET TOP PANTALONE Colore unico,MADE IN ITALY,재고 없음
CA03XU740XXX002,NEW BALANCE,D,CA,SNEAKERS,MADE IN CHINA,재고 없음
PP07XJ07UI00012,JIL SANDER,D,PP,WALLET,MADE IN ITALY,재고 없음
PP07XJ07UI00012,JIL SANDER,D,PP,WALLET,MADE IN ITALY,재고 없음
BO01X10306XX001,LONGCHAMP,D,BO,TOTE BAG,MADE IN MOROCCO,재고 없음
BO01X10306XX001,LONGCHAMP,D,BO,TOTE BAG,MADE IN MOROCCO,재고 없음
BO01CM01489X003,MARNI,K,BO,LEATHER BAG Colore unico,MADE IN EXTRA UE,재고 없음
BO01CM01489X003,MARNI,K,BO,LEATHER BAG Colore unico,MADE IN EXTRA UE,재고 없음
CA03XCS2305X001,DOLCE&GABBANA,U,CA,SNEAKERS,MADE IN ITALY,재고 없음
CA03XCS2305X001,DOLCE&GABBANA,U,CA,SNEAKERS,MADE IN ITALY,재고 없음
AB05X2511011001,MAX MARA,D,AB,COAT,MADE IN ITALY,재고 없음
AB05X2511011001,MAX MARA,D,AB,COAT,MADE IN ITALY,재고 없음
AB07X22MC000002,OBEY,U,AB,JACKET,MADE IN CHINA,재고 없음
AB07X22MC000002,OBEY,U,AB,JACKET,MADE IN CHINA,재고 없음
PP02C10924XX002,MAYORAL,K,PP,BELT,MADE IN CHINA,재고 없음
PP02C10924XX002,MAYORAL,K,PP,BELT,MADE IN CHINA,재고 없음
AB07CEM00185001,EMPORIO ARMANI,U,AB,JACKET Colore unico,,재고 없음
AB07CEM00185001,EMPORIO ARMANI,U,AB,JACKET Colore unico,,재고 없음
AB13CK1S1631007,STONE ISLAND,K,AB,TROUSERS Colore unico,,재고 없음
AB13CK1S1631007,STONE ISLAND,K,AB,TROUSERS Colore unico,,재고 없음
AB22CK1S1621019,STONE ISLAND,K,AB,T-SHIRT Colore unico,MADE IN ALBANIA,재고 없음
AB22CK1S1621019,STONE ISLAND,K,AB,T-SHIRT Colore unico,MADE IN ALBANIA,재고 없음
AB04X255SH11001,JACQUEMUS,U,AB,SHIRT,MADE IN BULGARIA,재고 없음
AB04X255SH11001,JACQUEMUS,U,AB,SHIRT,MADE IN BULGARIA,재고 없음
AB04X255SH20001,JACQUEMUS,U,AB,SHIRT,MADE IN PORTUGAL,재고 없음
AB04X255SH20001,JACQUEMUS,U,AB,SHIRT,MADE IN PORTUGAL,재고 없음
AB31XK1S1541014,STONE ISLAND,U,AB,DOWNJACKET,MADE IN TUNISIA,재고 없음
AB31XK1S1541014,STONE ISLAND,U,AB,DOWNJACKET,MADE IN TUNISIA,재고 없음
AL11XALOEUW-002,PIERRE LOUIS MASCIA,D,AL,SCARF,MADE IN ITALY,재고 없음
AL11XALOEUW-002,PIERRE LOUIS MASCIA,D,AL,SCARF,MADE IN ITALY,재고 없음
AL12X8102086001,BURBERRY,D,AL,WOMEN SILK,MADE IN ITALY,재고 없음
AL12X8102086001,BURBERRY,D,AL,WOMEN SILK,MADE IN ITALY,재고 없음
AB31XMTE24A4002,TATRAS,U,AB,DOWNJACKET,MADE IN POLAND,재고 없음
AB31XMTE24A4002,TATRAS,U,AB,DOWNJACKET,MADE IN POLAND,재고 없음
AB31C804409X001,GUCCI,K,AB,DOWNJACKET Colore unico,MADE IN ITALY,재고 없음
AB31C804409X001,GUCCI,K,AB,DOWNJACKET Colore unico,MADE IN ITALY,재고 없음
AB31XLTAT24A019,TATRAS,D,AB,DOWNJACKET,MADE IN POLAND,재고 없음
AB31XLTAT24A019,TATRAS,D,AB,DOWNJACKET,MADE IN POLAND,재고 없음
PP07X466492X003,GUCCI,D,PP,WALLET,MADE IN ITALY,재고 없음
PP07X466492X003,GUCCI,D,PP,WALLET,MADE IN ITALY,재고 없음
29504250,MC2 Saint Barth,Man,Clothing,Sea clothing,Cina,원가 없음 또는 0원
29504250,MC2 Saint Barth,Man,Clothing,Sea clothing,Cina,원가 없음 또는 0원
29504250,MC2 Saint Barth,Man,Clothing,Sea clothing,Cina,원가 없음 또는 0원
29504250,MC2 Saint Barth,Man,Clothing,Sea clothing,Cina,원가 없음 또는 0원
29504250,MC2 Saint Barth,Man,Clothing,Sea clothing,Cina,원가 없음 또는 0원
29504250,MC2 Saint Barth,Man,Clothing,Sea clothing,Cina,원가 없음 또는 0원
29924780,SORBET ISLAND,Woman,Clothing,Sea clothing,Europa,원가 없음 또는 0원
29924780,SORBET ISLAND,Woman,Clothing,Sea clothing,Europa,원가 없음 또는 0원
29924780,SORBET ISLAND,Woman,Clothing,Sea clothing,Europa,원가 없음 또는 0원
29924780,SORBET ISLAND,Woman,Clothing,Sea clothing,Europa,원가 없음 또는 0원
29924780,SORBET ISLAND,Woman,Clothing,Sea clothing,Europa,원가 없음 또는 0원
29924780,SORBET ISLAND,Woman,Clothing,Sea clothing,Europa,원가 없음 또는 0원
29924922,SORBET ISLAND,Woman,Clothing,Sea clothing,Grecia,원가 없음 또는 0원
29924922,SORBET ISLAND,Woman,Clothing,Sea clothing,Grecia,원가 없음 또는 0원
29924922,SORBET ISLAND,Woman,Clothing,Sea clothing,Grecia,원가 없음 또는 0원
29924922,SORBET ISLAND,Woman,Clothing,Sea clothing,Grecia,원가 없음 또는 0원
29924922,SORBET ISLAND,Woman,Clothing,Sea clothing,Grecia,원가 없음 또는 0원
29924922,SORBET ISLAND,Woman,Clothing,Sea clothing,Grecia,원가 없음 또는 0원
29924928,CUBA LAB,Woman,Bags,Bags..,ITALIA,원가 없음 또는 0원
29924928,CUBA LAB,Woman,Bags,Bags..,ITALIA,원가 없음 또는 0원
29924928,CUBA LAB,Woman,Bags,Bags..,ITALIA,원가 없음 또는 0원
29924928,CUBA LAB,Woman,Bags,Bags..,ITALIA,원가 없음 또는 0원
29924928,CUBA LAB,Woman,Bags,Bags..,ITALIA,원가 없음 또는 0원
29924928,CUBA LAB,Woman,Bags,Bags..,ITALIA,원가 없음 또는 0원
30313895,MC2 Saint Barth,Man,Clothing,T-shirts and Polos,Portogallo,원가 없음 또는 0원
30313895,MC2 Saint Barth,Man,Clothing,T-shirts and Polos,Portogallo,원가 없음 또는 0원
30313895,MC2 Saint Barth,Man,Clothing,T-shirts and Polos,Portogallo,원가 없음 또는 0원
30313895,MC2 Saint Barth,Man,Clothing,T-shirts and Polos,Portogallo,원가 없음 또는 0원
30313895,MC2 Saint Barth,Man,Clothing,T-shirts and Polos,Portogallo,원가 없음 또는 0원
30313895,MC2 Saint Barth,Man,Clothing,T-shirts and Polos,Portogallo,원가 없음 또는 0원
31212063,SOFT GOAT,Woman,Clothing,Jackets,China,브랜드 실패(사유: SOFT GOAT) / 카테고리 성공 / 원산지 성공
31212063,SOFT GOAT,Woman,Clothing,Jackets,China,브랜드 실패(사유: SOFT GOAT) / 카테고리 성공 / 원산지 성공
31212063,SOFT GOAT,Woman,Clothing,Jackets,China,브랜드 실패(사유: SOFT GOAT) / 카테고리 성공 / 원산지 성공
31212063,SOFT GOAT,Woman,Clothing,Jackets,China,브랜드 실패(사유: SOFT GOAT) / 카테고리 성공 / 원산지 성공
66acb0fcc6971b7945bc252e,MCM,MAN,UOMO,ABBIGLIAMENTO,"MADE IN KOREA, SOUTH","브랜드 성공 / 카테고리 성공 / 원산지 실패(사유: MADE IN KOREA, SOUTH)"
66acb0fcc6971b7945bc252e,MCM,MAN,UOMO,ABBIGLIAMENTO,"MADE IN KOREA, SOUTH","브랜드 성공 / 카테고리 성공 / 원산지 실패(사유: MADE IN KOREA, SOUTH)"
66acb0fcc6971b7945bc252e,MCM,MAN,UOMO,ABBIGLIAMENTO,"MADE IN KOREA, SOUTH","브랜드 성공 / 카테고리 성공 / 원산지 실패(사유: MADE IN KOREA, SOUTH)"
66acb0fcc6971b7945bc252e,MCM,MAN,UOMO,ABBIGLIAMENTO,"MADE IN KOREA, SOUTH","브랜드 성공 / 카테고리 성공 / 원산지 실패(사유: MADE IN KOREA, SOUTH)"
66acb0fcc6971b7945bc252e,MCM,MAN,UOMO,ABBIGLIAMENTO,"MADE IN KOREA, SOUTH","브랜드 성공 / 카테고리 성공 / 원산지 실패(사유: MADE IN KOREA, SOUTH)"
66acb0fcc6971b7945bc252e,MCM,MAN,UOMO,ABBIGLIAMENTO,"MADE IN KOREA, SOUTH","브랜드 성공 / 카테고리 성공 / 원산지 실패(사유: MADE IN KOREA, SOUTH)"
30356572,Hugo Boss,Man,Clothing,T-shirts and Polos,Turchia,원가 없음 또는 0원
30356572,Hugo Boss,Man,Clothing,T-shirts and Polos,Turchia,원가 없음 또는 0원
30356572,Hugo Boss,Man,Clothing,T-shirts and Polos,Turchia,원가 없음 또는 0원
30356572,Hugo Boss,Man,Clothing,T-shirts and Polos,Turchia,원가 없음 또는 0원
30356572,Hugo Boss,Man,Clothing,T-shirts and Polos,Turchia,원가 없음 또는 0원
30356572,Hugo Boss,Man,Clothing,T-shirts and Polos,Turchia,원가 없음 또는 0원
26878721,Casablanca,Woman,Clothing,T-shirts and Polos,"CHINA, PEOPLE'S REPUBLIC OF","브랜드 성공 / 카테고리 성공 / 원산지 실패(사유: CHINA, PEOPLE'S REPUBLIC OF)"
26878721,Casablanca,Woman,Clothing,T-shirts and Polos,"CHINA, PEOPLE'S REPUBLIC OF","브랜드 성공 / 카테고리 성공 / 원산지 실패(사유: CHINA, PEOPLE'S REPUBLIC OF)"
26878721,Casablanca,Woman,Clothing,T-shirts and Polos,"CHINA, PEOPLE'S REPUBLIC OF","브랜드 성공 / 카테고리 성공 / 원산지 실패(사유: CHINA, PEOPLE'S REPUBLIC OF)"
26878721,Casablanca,Woman,Clothing,T-shirts and Polos,"CHINA, PEOPLE'S REPUBLIC OF","브랜드 성공 / 카테고리 성공 / 원산지 실패(사유: CHINA, PEOPLE'S REPUBLIC OF)"
26878721,Casablanca,Woman,Clothing,T-shirts and Polos,"CHINA, PEOPLE'S REPUBLIC OF","브랜드 성공 / 카테고리 성공 / 원산지 실패(사유: CHINA, PEOPLE'S REPUBLIC OF)"
26878721,Casablanca,Woman,Clothing,T-shirts and Polos,"CHINA, PEOPLE'S REPUBLIC OF","브랜드 성공 / 카테고리 성공 / 원산지 실패(사유: CHINA, PEOPLE'S REPUBLIC OF)"
67c873a5be373a1b7e8fb18d,MCM,WOMAN,DONNA,BORSE,"MADE IN KOREA, SOUTH","브랜드 성공 / 카테고리 성공 / 원산지 실패(사유: MADE IN KOREA, SOUTH)"
67c873a5be373a1b7e8fb18d,MCM,WOMAN,DONNA,BORSE,"MADE IN KOREA, SOUTH","브랜드 성공 / 카테고리 성공 / 원산지 실패(사유: MADE IN KOREA, SOUTH)"
67c873a5be373a1b7e8fb18d,MCM,WOMAN,DONNA,BORSE,"MADE IN KOREA, SOUTH","브랜드 성공 / 카테고리 성공 / 원산지 실패(사유: MADE IN KOREA, SOUTH)"
67c873a5be373a1b7e8fb18d,MCM,WOMAN,DONNA,BORSE,"MADE IN KOREA, SOUTH","브랜드 성공 / 카테고리 성공 / 원산지 실패(사유: MADE IN KOREA, SOUTH)"
67c873a5be373a1b7e8fb18d,MCM,WOMAN,DONNA,BORSE,"MADE IN KOREA, SOUTH","브랜드 성공 / 카테고리 성공 / 원산지 실패(사유: MADE IN KOREA, SOUTH)"
67c873a5be373a1b7e8fb18d,MCM,WOMAN,DONNA,BORSE,"MADE IN KOREA, SOUTH","브랜드 성공 / 카테고리 성공 / 원산지 실패(사유: MADE IN KOREA, SOUTH)"
67c8714bbe373a1b7e8f7941,MCM,WOMAN,DONNA,BORSE,"MADE IN KOREA, SOUTH","브랜드 성공 / 카테고리 성공 / 원산지 실패(사유: MADE IN KOREA, SOUTH)"
67c8714bbe373a1b7e8f7941,MCM,WOMAN,DONNA,BORSE,"MADE IN KOREA, SOUTH","브랜드 성공 / 카테고리 성공 / 원산지 실패(사유: MADE IN KOREA, SOUTH)"
67c8714bbe373a1b7e8f7941,MCM,WOMAN,DONNA,BORSE,"MADE IN KOREA, SOUTH","브랜드 성공 / 카테고리 성공 / 원산지 실패(사유: MADE IN KOREA, SOUTH)"
67c8714bbe373a1b7e8f7941,MCM,WOMAN,DONNA,BORSE,"MADE IN KOREA, SOUTH","브랜드 성공 / 카테고리 성공 / 원산지 실패(사유: MADE IN KOREA, SOUTH)"
67c8714bbe373a1b7e8f7941,MCM,WOMAN,DONNA,BORSE,"MADE IN KOREA, SOUTH","브랜드 성공 / 카테고리 성공 / 원산지 실패(사유: MADE IN KOREA, SOUTH)"
67c8714bbe373a1b7e8f7941,MCM,WOMAN,DONNA,BORSE,"MADE IN KOREA, SOUTH","브랜드 성공 / 카테고리 성공 / 원산지 실패(사유: MADE IN KOREA, SOUTH)"
673db13c7aec081fd1307c42,MCM,WOMAN,DONNA,BORSE,"MADE IN KOREA, SOUTH","브랜드 성공 / 카테고리 성공 / 원산지 실패(사유: MADE IN KOREA, SOUTH)"
673db13c7aec081fd1307c42,MCM,WOMAN,DONNA,BORSE,"MADE IN KOREA, SOUTH","브랜드 성공 / 카테고리 성공 / 원산지 실패(사유: MADE IN KOREA, SOUTH)"
673db13c7aec081fd1307c42,MCM,WOMAN,DONNA,BORSE,"MADE IN KOREA, SOUTH","브랜드 성공 / 카테고리 성공 / 원산지 실패(사유: MADE IN KOREA, SOUTH)"
673db13c7aec081fd1307c42,MCM,WOMAN,DONNA,BORSE,"MADE IN KOREA, SOUTH","브랜드 성공 / 카테고리 성공 / 원산지 실패(사유: MADE IN KOREA, SOUTH)"
673db13c7aec081fd1307c42,MCM,WOMAN,DONNA,BORSE,"MADE IN KOREA, SOUTH","브랜드 성공 / 카테고리 성공 / 원산지 실패(사유: MADE IN KOREA, SOUTH)"
673db13c7aec081fd1307c42,MCM,WOMAN,DONNA,BORSE,"MADE IN KOREA, SOUTH","브랜드 성공 / 카테고리 성공 / 원산지 실패(사유: MADE IN KOREA, SOUTH)"
1\4\4\324756\728258\0,THOM BROWNE KIDS,KIDS,CLOTHING,JACKETS,ITALY,브랜드 실패(사유: THOM BROWNE KIDS) / 카테고리 성공 / 원산지 성공
1\4\4\324756\728258\0,THOM BROWNE KIDS,KIDS,CLOTHING,JACKETS,ITALY,브랜드 실패(사유: THOM BROWNE KIDS) / 카테고리 성공 / 원산지 성공
1\4\4\324756\728258\0,THOM BROWNE KIDS,KIDS,CLOTHING,JACKETS,ITALY,브랜드 실패(사유: THOM BROWNE KIDS) / 카테고리 성공 / 원산지 성공
1\4\4\324756\728258\0,THOM BROWNE KIDS,KIDS,CLOTHING,JACKETS,ITALY,브랜드 실패(사유: THOM BROWNE KIDS) / 카테고리 성공 / 원산지 성공
AB09X104647X001,PINKO,D,AB,SKIRT,MADE IN TUNISIA,재고 없음
AB09X104647X001,PINKO,D,AB,SKIRT,MADE IN TUNISIA,재고 없음
AB13CK1S1662002,STONE ISLAND,K,AB,TROUSERS Colore unico,MADE IN ROMANIA,재고 없음
AB13CK1S1662002,STONE ISLAND,K,AB,TROUSERS Colore unico,MADE IN ROMANIA,재고 없음
AB07X256302X001,CHARO RUIZ,D,AB,JACKET,MADE IN PORTUGAL,재고 없음
AB07X256302X001,CHARO RUIZ,D,AB,JACKET,MADE IN PORTUGAL,재고 없음
CA03X8049745006,BURBERRY,U,CA,SNEAKERS,MADE IN ITALY,재고 없음
CA03X8049745006,BURBERRY,U,CA,SNEAKERS,MADE IN ITALY,재고 없음
AL02X251SL14001,JACQUEMUS,U,AL,JEWELLERY,MADE IN MADAGASCAR,재고 없음
AL02X251SL14001,JACQUEMUS,U,AL,JEWELLERY,MADE IN MADAGASCAR,재고 없음
AL12CEW00187001,EMPORIO ARMANI,D,AL,WOMEN SILK Colore unico,MADE IN ITALY,재고 없음
AL12CEW00187001,EMPORIO ARMANI,D,AL,WOMEN SILK Colore unico,MADE IN ITALY,재고 없음
AB09XD206XCX001,DES PHEMMES,D,AB,SKIRT,MADE IN INDIA,재고 없음
AB09XD206XCX001,DES PHEMMES,D,AB,SKIRT,MADE IN INDIA,재고 없음
AB22XK1S1522005,STONE ISLAND,U,AB,T-SHIRT,MADE IN TURKEY,재고 없음
AB22XK1S1522005,STONE ISLAND,U,AB,T-SHIRT,MADE IN TURKEY,재고 없음
CA03X1250513001,CHRISTIAN LOUBOUTIN,U,CA,SNEAKERS,,재고 없음
CA03X1250513001,CHRISTIAN LOUBOUTIN,U,CA,SNEAKERS,,재고 없음
CA03XSH1WS00003,MM6 X SALOMON,U,CA,SNEAKERS,MADE IN CHINA,재고 없음
CA03XSH1WS00003,MM6 X SALOMON,U,CA,SNEAKERS,MADE IN CHINA,재고 없음
AB27CA24TL09001,IL GUFO,K,AB,BABY TRACKSUIT Colore unico,MADE IN BOSNIA-HERZE,재고 없음
AB27CA24TL09001,IL GUFO,K,AB,BABY TRACKSUIT Colore unico,MADE IN BOSNIA-HERZE,재고 없음
AB22CTW8R51X001,STELLA MCCARTNEY,K,AB,T-SHIRT Colore unico,MADE IN PORTUGAL,재고 없음
AL11X6W2EN00001,VALENTINO GARAVANI,D,AL,SCARF,MADE IN ITALY,재고 없음
AL11X6W2EN00001,VALENTINO GARAVANI,D,AL,SCARF,MADE IN ITALY,재고 없음
AL02X6W2J0X6001,VALENTINO GARAVANI,D,AL,JEWELLERY,MADE IN ITALY,재고 없음
AL02X6W2J0X6001,VALENTINO GARAVANI,D,AL,JEWELLERY,MADE IN ITALY,재고 없음
AB02CEM00058001,EMPORIO ARMANI,U,AB,BEACHWEAR Colore unico,MADE IN TURKEY,재고 없음
AB02CEM00058001,EMPORIO ARMANI,U,AB,BEACHWEAR Colore unico,MADE IN TURKEY,재고 없음
CA03C626620X002,GUCCI,K,CA,SNEAKERS Colore unico,MADE IN ITALY,재고 없음
CA03C626620X002,GUCCI,K,CA,SNEAKERS Colore unico,MADE IN ITALY,재고 없음
AB31CK19541A019,MONCLER,K,AB,DOWNJACKET Colore unico,MADE IN MOLDOVA,재고 없음
AB31CK19541A019,MONCLER,K,AB,DOWNJACKET Colore unico,MADE IN MOLDOVA,재고 없음
AB18XT170760001,THE ANDAMANE,D,AB,TOP,MADE IN ITALY,재고 없음
AB18XT170760001,THE ANDAMANE,D,AB,TOP,MADE IN ITALY,재고 없음
BO01X158500X001,TORY BURCH,D,BO,LEATHER BAG,MADE IN PHILIPPINES,재고 없음
BO01X158500X001,TORY BURCH,D,BO,LEATHER BAG,MADE IN PHILIPPINES,재고 없음
AB22XSS25ADT001,COLE BUXTON,U,AB,T-SHIRT,MADE IN PORTUGAL,재고 없음
AB22XSS25ADT001,COLE BUXTON,U,AB,T-SHIRT,MADE IN PORTUGAL,재고 없음
AB22XTSHM001006,SAINT BARTH,U,AB,T-SHIRT,MADE IN PORTUGAL,재고 없음
AB22XJJ3385X001,ADIDAS ORIGINALS,D,AB,T-SHIRT,MADE IN PAKISTAN,재고 없음
AB22XJJ3385X001,ADIDAS ORIGINALS,D,AB,T-SHIRT,MADE IN PAKISTAN,재고 없음
28463196,,Man,Clothing,Shirts,JAPAN,브랜드 실패(사유: None) / 카테고리 성공 / 원산지 성공
28463196,,Man,Clothing,Shirts,JAPAN,브랜드 실패(사유: None) / 카테고리 성공 / 원산지 성공
28463196,,Man,Clothing,Shirts,JAPAN,브랜드 실패(사유: None) / 카테고리 성공 / 원산지 성공
28463196,,Man,Clothing,Shirts,JAPAN,브랜드 실패(사유: None) / 카테고리 성공 / 원산지 성공
28463196,,Man,Clothing,Shirts,JAPAN,브랜드 실패(사유: None) / 카테고리 성공 / 원산지 성공
28463196,,Man,Clothing,Shirts,JAPAN,브랜드 실패(사유: None) / 카테고리 성공 / 원산지 성공
28463197,,Man,Clothing,Trousers,Gaippone,브랜드 실패(사유: None) / 카테고리 성공 / 원산지 실패(사유: Gaippone)
28463197,,Man,Clothing,Trousers,Gaippone,브랜드 실패(사유: None) / 카테고리 성공 / 원산지 실패(사유: Gaippone)
28463197,,Man,Clothing,Trousers,Gaippone,브랜드 실패(사유: None) / 카테고리 성공 / 원산지 성공
28463197,,Man,Clothing,Trousers,Gaippone,브랜드 실패(사유: None) / 카테고리 성공 / 원산지 성공
28463197,,Man,Clothing,Trousers,Gaippone,브랜드 실패(사유: None) / 카테고리 성공 / 원산지 실패(사유: Gaippone)
28463197,,Man,Clothing,Trousers,Gaippone,브랜드 실패(사유: None) / 카테고리 성공 / 원산지 실패(사유: Gaippone)
28463201,,Man,Clothing,Jackets,JAPAN,브랜드 실패(사유: None) / 카테고리 성공 / 원산지 성공
28463201,,Man,Clothing,Jackets,JAPAN,브랜드 실패(사유: None) / 카테고리 성공 / 원산지 성공
28463201,,Man,Clothing,Jackets,JAPAN,브랜드 실패(사유: None) / 카테고리 성공 / 원산지 성공
28463201,,Man,Clothing,Jackets,JAPAN,브랜드 실패(사유: None) / 카테고리 성공 / 원산지 성공
28463201,,Man,Clothing,Jackets,JAPAN,브랜드 실패(사유: None) / 카테고리 성공 / 원산지 성공
28463201,,Man,Clothing,Jackets,JAPAN,브랜드 실패(사유: None) / 카테고리 성공 / 원산지 성공
28463211,,Man,Clothing,Shorts,Giappone,브랜드 실패(사유: None) / 카테고리 성공 / 원산지 성공
28463211,,Man,Clothing,Shorts,Giappone,브랜드 실패(사유: None) / 카테고리 성공 / 원산지 성공
28463211,,Man,Clothing,Shorts,Giappone,브랜드 실패(사유: None) / 카테고리 성공 / 원산지 성공
28463211,,Man,Clothing,Shorts,Giappone,브랜드 실패(사유: None) / 카테고리 성공 / 원산지 성공
28463211,,Man,Clothing,Shorts,Giappone,브랜드 실패(사유: None) / 카테고리 성공 / 원산지 성공
28463211,,Man,Clothing,Shorts,Giappone,브랜드 실패(사유: None) / 카테고리 성공 / 원산지 성공
31296416,Courreges,Woman,Clothing,Jackets,"Slovacca, Repubblica","브랜드 성공 / 카테고리 성공 / 원산지 실패(사유: Slovacca, Repubblica)"
31296416,Courreges,Woman,Clothing,Jackets,"Slovacca, Repubblica","브랜드 성공 / 카테고리 성공 / 원산지 실패(사유: Slovacca, Repubblica)"
31296416,Courreges,Woman,Clothing,Jackets,"Slovacca, Repubblica","브랜드 성공 / 카테고리 성공 / 원산지 실패(사유: Slovacca, Repubblica)"
31296416,Courreges,Woman,Clothing,Jackets,"Slovacca, Repubblica","브랜드 성공 / 카테고리 성공 / 원산지 실패(사유: Slovacca, Repubblica)"
31296416,Courreges,Woman,Clothing,Jackets,"Slovacca, Repubblica","브랜드 성공 / 카테고리 성공 / 원산지 실패(사유: Slovacca, Repubblica)"
31296416,Courreges,Woman,Clothing,Jackets,"Slovacca, Repubblica","브랜드 성공 / 카테고리 성공 / 원산지 실패(사유: Slovacca, Repubblica)"
29006335,,Man,Bags,Bags..,VN,브랜드 실패(사유: None) / 카테고리 성공 / 원산지 성공
29006335,,Man,Bags,Bags..,VN,브랜드 실패(사유: None) / 카테고리 성공 / 원산지 성공
29006335,,Man,Bags,Bags..,VN,브랜드 실패(사유: None) / 카테고리 성공 / 원산지 성공
29006335,,Man,Bags,Bags..,VN,브랜드 실패(사유: None) / 카테고리 성공 / 원산지 성공
29006335,,Man,Bags,Bags..,VN,브랜드 실패(사유: None) / 카테고리 성공 / 원산지 성공
29006335,,Man,Bags,Bags..,VN,브랜드 실패(사유: None) / 카테고리 성공 / 원산지 성공
31297127,VANESSA BARONI,Woman,Accessories,Bijoux,ITALIA,원가 없음 또는 0원
31297127,VANESSA BARONI,Woman,Accessories,Bijoux,ITALIA,원가 없음 또는 0원
31297127,VANESSA BARONI,Woman,Accessories,Bijoux,ITALIA,원가 없음 또는 0원
31297127,VANESSA BARONI,Woman,Accessories,Bijoux,ITALIA,원가 없음 또는 0원
31297127,VANESSA BARONI,Woman,Accessories,Bijoux,ITALIA,원가 없음 또는 0원
31297127,VANESSA BARONI,Woman,Accessories,Bijoux,ITALIA,원가 없음 또는 0원
31297141,VANESSA BARONI,Woman,Accessories,Bijoux,ITALIA,원가 없음 또는 0원
31297141,VANESSA BARONI,Woman,Accessories,Bijoux,ITALIA,원가 없음 또는 0원
31297141,VANESSA BARONI,Woman,Accessories,Bijoux,ITALIA,원가 없음 또는 0원
31297141,VANESSA BARONI,Woman,Accessories,Bijoux,ITALIA,원가 없음 또는 0원
31297141,VANESSA BARONI,Woman,Accessories,Bijoux,ITALIA,원가 없음 또는 0원
31297141,VANESSA BARONI,Woman,Accessories,Bijoux,ITALIA,원가 없음 또는 0원
31505253,S Max Mara,Woman,Clothing,Skirts,ITALIA,원가 없음 또는 0원
31505253,S Max Mara,Woman,Clothing,Skirts,ITALIA,원가 없음 또는 0원
31505253,S Max Mara,Woman,Clothing,Skirts,ITALIA,원가 없음 또는 0원
31505253,S Max Mara,Woman,Clothing,Skirts,ITALIA,원가 없음 또는 0원
31505253,S Max Mara,Woman,Clothing,Skirts,ITALIA,원가 없음 또는 0원
31505253,S Max Mara,Woman,Clothing,Skirts,ITALIA,원가 없음 또는 0원
29492768,,Woman,Shoes,Flat shoes,ITALY,브랜드 실패(사유: None) / 카테고리 성공 / 원산지 성공
29492768,,Woman,Shoes,Flat shoes,ITALY,브랜드 실패(사유: None) / 카테고리 성공 / 원산지 성공
29492768,,Woman,Shoes,Flat shoes,ITALY,브랜드 실패(사유: None) / 카테고리 성공 / 원산지 성공
29492768,,Woman,Shoes,Flat shoes,ITALY,브랜드 실패(사유: None) / 카테고리 성공 / 원산지 성공
29492768,,Woman,Shoes,Flat shoes,ITALY,브랜드 실패(사유: None) / 카테고리 성공 / 원산지 성공
29492768,,Woman,Shoes,Flat shoes,ITALY,브랜드 실패(사유: None) / 카테고리 성공 / 원산지 성공
29492915,TOOCO,Woman,Clothing,Sweaters,,브랜드 실패(사유: TOOCO) / 카테고리 성공 / 원산지 성공
29492915,TOOCO,Woman,Clothing,Sweaters,,브랜드 실패(사유: TOOCO) / 카테고리 성공 / 원산지 성공
29492915,TOOCO,Woman,Clothing,Sweaters,,브랜드 실패(사유: TOOCO) / 카테고리 성공 / 원산지 성공
29492915,TOOCO,Woman,Clothing,Sweaters,,브랜드 실패(사유: TOOCO) / 카테고리 성공 / 원산지 성공
29493655,TOOCO,Woman,Clothing,Sweaters,,브랜드 실패(사유: TOOCO) / 카테고리 성공 / 원산지 성공
29493655,TOOCO,Woman,Clothing,Sweaters,,브랜드 실패(사유: TOOCO) / 카테고리 성공 / 원산지 성공
29493655,TOOCO,Woman,Clothing,Sweaters,,브랜드 실패(사유: TOOCO) / 카테고리 성공 / 원산지 성공
29493655,TOOCO,Woman,Clothing,Sweaters,,브랜드 실패(사유: TOOCO) / 카테고리 성공 / 원산지 성공
29494224,,Kids,Accessories,Sunglasses,CHINA,브랜드 실패(사유: None) / 카테고리 성공 / 원산지 성공
29494224,,Kids,Accessories,Sunglasses,CHINA,브랜드 실패(사유: None) / 카테고리 성공 / 원산지 성공
29494224,,Kids,Accessories,Sunglasses,CHINA,브랜드 실패(사유: None) / 카테고리 성공 / 원산지 성공
29494224,,Kids,Accessories,Sunglasses,CHINA,브랜드 실패(사유: None) / 카테고리 성공 / 원산지 성공
29494224,,Kids,Accessories,Sunglasses,CHINA,브랜드 실패(사유: None) / 카테고리 성공 / 원산지 성공
29494224,,Kids,Accessories,Sunglasses,CHINA,브랜드 실패(사유: None) / 카테고리 성공 / 원산지 성공
29494340,,Woman,Shoes,Flat shoes,ITALY,브랜드 실패(사유: None) / 카테고리 성공 / 원산지 성공
29494340,,Woman,Shoes,Flat shoes,ITALY,브랜드 실패(사유: None) / 카테고리 성공 / 원산지 성공
29494340,,Woman,Shoes,Flat shoes,ITALY,브랜드 실패(사유: None) / 카테고리 성공 / 원산지 성공
29494340,,Woman,Shoes,Flat shoes,ITALY,브랜드 실패(사유: None) / 카테고리 성공 / 원산지 성공
29494340,,Woman,Shoes,Flat shoes,ITALY,브랜드 실패(사유: None) / 카테고리 성공 / 원산지 성공
29494340,,Woman,Shoes,Flat shoes,ITALY,브랜드 실패(사유: None) / 카테고리 성공 / 원산지 성공
30896447,Timberland,Man,Shoes,Flat shoes,,브랜드 실패(사유: Timberland) / 카테고리 성공 / 원산지 성공
30896447,Timberland,Man,Shoes,Flat shoes,,브랜드 실패(사유: Timberland) / 카테고리 성공 / 원산지 성공
30896447,Timberland,Man,Shoes,Flat shoes,,브랜드 실패(사유: Timberland) / 카테고리 성공 / 원산지 성공
30896447,Timberland,Man,Shoes,Flat shoes,,브랜드 실패(사유: Timberland) / 카테고리 성공 / 원산지 성공
31212083,ADIDAS X AVAVAV,Unisex,Clothing,Trousers,China,브랜드 실패(사유: ADIDAS X AVAVAV) / 카테고리 성공 / 원산지 성공
31212083,ADIDAS X AVAVAV,Unisex,Clothing,Trousers,China,브랜드 실패(사유: ADIDAS X AVAVAV) / 카테고리 성공 / 원산지 성공
31212083,ADIDAS X AVAVAV,Unisex,Clothing,Trousers,China,브랜드 실패(사유: ADIDAS X AVAVAV) / 카테고리 성공 / 원산지 성공
31212083,ADIDAS X AVAVAV,Unisex,Clothing,Trousers,China,브랜드 실패(사유: ADIDAS X AVAVAV) / 카테고리 성공 / 원산지 성공
31314147,SOFT GOAT,Woman,Clothing,Sweaters,China,브랜드 실패(사유: SOFT GOAT) / 카테고리 성공 / 원산지 성공
31314147,SOFT GOAT,Woman,Clothing,Sweaters,China,브랜드 실패(사유: SOFT GOAT) / 카테고리 성공 / 원산지 성공
31314147,SOFT GOAT,Woman,Clothing,Sweaters,China,브랜드 실패(사유: SOFT GOAT) / 카테고리 성공 / 원산지 성공
31314147,SOFT GOAT,Woman,Clothing,Sweaters,China,브랜드 실패(사유: SOFT GOAT) / 카테고리 성공 / 원산지 성공
31314159,SOFT GOAT,Woman,Clothing,Sweaters,China,브랜드 실패(사유: SOFT GOAT) / 카테고리 성공 / 원산지 성공
31314159,SOFT GOAT,Woman,Clothing,Sweaters,China,브랜드 실패(사유: SOFT GOAT) / 카테고리 성공 / 원산지 성공
31314159,SOFT GOAT,Woman,Clothing,Sweaters,China,브랜드 실패(사유: SOFT GOAT) / 카테고리 성공 / 원산지 성공
31314159,SOFT GOAT,Woman,Clothing,Sweaters,China,브랜드 실패(사유: SOFT GOAT) / 카테고리 성공 / 원산지 성공
31712394,STRATHBERRY,Woman,Bags,Bags..,SPAIN,브랜드 실패(사유: STRATHBERRY) / 카테고리 성공 / 원산지 성공
31712394,STRATHBERRY,Woman,Bags,Bags..,SPAIN,브랜드 실패(사유: STRATHBERRY) / 카테고리 성공 / 원산지 성공
31712394,STRATHBERRY,Woman,Bags,Bags..,SPAIN,브랜드 실패(사유: STRATHBERRY) / 카테고리 성공 / 원산지 성공
31712394,STRATHBERRY,Woman,Bags,Bags..,SPAIN,브랜드 실패(사유: STRATHBERRY) / 카테고리 성공 / 원산지 성공
360443,BOBO CHOSES,UNISEX,CLOTHING,SETS,SPAIN,브랜드 성공 / 카테고리 실패(사유: CLOTHING) / 원산지 성공
360443,BOBO CHOSES,UNISEX,CLOTHING,SETS,SPAIN,브랜드 성공 / 카테고리 실패(사유: UNISEX (Ba) / 원산지 성공
360443,BOBO CHOSES,UNISEX,CLOTHING,SETS,SPAIN,브랜드 성공 / 카테고리 실패(사유: UNISEX (Ba) / 원산지 성공
360443,BOBO CHOSES,UNISEX,CLOTHING,SETS,SPAIN,브랜드 성공 / 카테고리 실패(사유: UNISEX (Ba) / 원산지 성공
360443,BOBO CHOSES,UNISEX,CLOTHING,SETS,SPAIN,브랜드 성공 / 카테고리 실패(사유: UNISEX (Ba) / 원산지 성공
360443,BOBO CHOSES,UNISEX,CLOTHING,SETS,SPAIN,브랜드 성공 / 카테고리 실패(사유: UNISEX (Ba) / 원산지 성공
360443,BOBO CHOSES,UNISEX,CLOTHING,SETS,SPAIN,브랜드 성공 / 카테고리 실패(사유: UNISEX (Ba) / 원산지 성공
360443,BOBO CHOSES,UNISEX,CLOTHING,SETS,SPAIN,브랜드 성공 / 카테고리 실패(사유: UNISEX (Ba) / 원산지 성공
360443,BOBO CHOSES,UNISEX,CLOTHING,SETS,SPAIN,브랜드 성공 / 카테고리 실패(사유: CLOTHING) / 원산지 성공
360592,BOBO CHOSES X CAMPER,UNISEX (Ki,FOOTWEAR,SANDALS,VIETNAM,브랜드 실패(사유: BOBO CHOSES X CAMPER) / 카테고리 실패(사유: FOOTWEAR) / 원산지 성공
360592,BOBO CHOSES X CAMPER,UNISEX (Ki,FOOTWEAR,SANDALS,VIETNAM,시스템 오류: 'RawProduct' object has no attribute 'rawoptions'
360592,BOBO CHOSES X CAMPER,UNISEX (Ki,FOOTWEAR,SANDALS,VIETNAM,시스템 오류: 'RawProduct' object has no attribute 'rawoptions'
360592,BOBO CHOSES X CAMPER,UNISEX (Ki,FOOTWEAR,SANDALS,VIETNAM,브랜드 실패(사유: BOBO CHOSES X CAMPER) / 카테고리 실패(사유: FOOTWEAR) / 원산지 성공
AB13X24E245D001,JACQUEMUS,U,AB,TROUSERS,MADE IN ITALY,재고 없음
AB13X24E245D001,JACQUEMUS,U,AB,TROUSERS,MADE IN ITALY,재고 없음
AB22C575114X007,GUCCI,K,AB,T-SHIRT Colore unico,MADE IN ITALY,재고 없음
AB22C575114X007,GUCCI,K,AB,T-SHIRT Colore unico,MADE IN ITALY,재고 없음
AB03XNF0A8BJ002,THE NORTH FACE,U,AB,SHORT,MADE IN CAMBOGIA,재고 없음
AB03XNF0A8BJ002,THE NORTH FACE,U,AB,SHORT,MADE IN CAMBOGIA,재고 없음
31296434,Courreges,Woman,Clothing,Jackets,"Slovacca, Repubblica","브랜드 성공 / 카테고리 성공 / 원산지 실패(사유: Slovacca, Repubblica)"
31296434,Courreges,Woman,Clothing,Jackets,"Slovacca, Repubblica","브랜드 성공 / 카테고리 성공 / 원산지 실패(사유: Slovacca, Repubblica)"
31296434,Courreges,Woman,Clothing,Jackets,"Slovacca, Repubblica","브랜드 성공 / 카테고리 성공 / 원산지 실패(사유: Slovacca, Repubblica)"
31296434,Courreges,Woman,Clothing,Jackets,"Slovacca, Repubblica","브랜드 성공 / 카테고리 성공 / 원산지 실패(사유: Slovacca, Repubblica)"
31296434,Courreges,Woman,Clothing,Jackets,"Slovacca, Repubblica","브랜드 성공 / 카테고리 성공 / 원산지 실패(사유: Slovacca, Repubblica)"
31296434,Courreges,Woman,Clothing,Jackets,"Slovacca, Repubblica","브랜드 성공 / 카테고리 성공 / 원산지 실패(사유: Slovacca, Repubblica)"
30356535,Hugo Boss,Man,Clothing,Sweaters,Turchia,원가 없음 또는 0원
30356535,Hugo Boss,Man,Clothing,Sweaters,Turchia,원가 없음 또는 0원
30356535,Hugo Boss,Man,Clothing,Sweaters,Turchia,원가 없음 또는 0원
30356535,Hugo Boss,Man,Clothing,Sweaters,Turchia,원가 없음 또는 0원
30356535,Hugo Boss,Man,Clothing,Sweaters,Turchia,원가 없음 또는 0원
30356535,Hugo Boss,Man,Clothing,Sweaters,Turchia,원가 없음 또는 0원
30356565,,Woman,Clothing,Sea clothing,ITALIA,브랜드 실패(사유: None) / 카테고리 성공 / 원산지 성공
30356565,,Woman,Clothing,Sea clothing,ITALIA,브랜드 실패(사유: None) / 카테고리 성공 / 원산지 성공
30356565,,Woman,Clothing,Sea clothing,ITALIA,브랜드 실패(사유: None) / 카테고리 성공 / 원산지 성공
30356565,,Woman,Clothing,Sea clothing,ITALIA,브랜드 실패(사유: None) / 카테고리 성공 / 원산지 성공
30356565,,Woman,Clothing,Sea clothing,ITALIA,브랜드 실패(사유: None) / 카테고리 성공 / 원산지 성공
30356565,,Woman,Clothing,Sea clothing,ITALIA,브랜드 실패(사유: None) / 카테고리 성공 / 원산지 성공
30356568,,Woman,Clothing,Sea clothing,ITALIA,브랜드 실패(사유: None) / 카테고리 성공 / 원산지 성공
30356568,,Woman,Clothing,Sea clothing,ITALIA,브랜드 실패(사유: None) / 카테고리 성공 / 원산지 성공
30356568,,Woman,Clothing,Sea clothing,ITALIA,브랜드 실패(사유: None) / 카테고리 성공 / 원산지 성공
30356568,,Woman,Clothing,Sea clothing,ITALIA,브랜드 실패(사유: None) / 카테고리 성공 / 원산지 성공
30356568,,Woman,Clothing,Sea clothing,ITALIA,브랜드 실패(사유: None) / 카테고리 성공 / 원산지 성공
30356568,,Woman,Clothing,Sea clothing,ITALIA,브랜드 실패(사유: None) / 카테고리 성공 / 원산지 성공
AB04X4183TS2001,ZIMMERMANN,D,AB,SHIRT,MADE IN CHINA,재고 없음
31126355,MC2 Saint Barth,Woman,Bags,Bags..,Cina,원가 없음 또는 0원
31126355,MC2 Saint Barth,Woman,Bags,Bags..,Cina,원가 없음 또는 0원
31126355,MC2 Saint Barth,Woman,Bags,Bags..,Cina,원가 없음 또는 0원
31126355,MC2 Saint Barth,Woman,Bags,Bags..,Cina,원가 없음 또는 0원
31126355,MC2 Saint Barth,Woman,Bags,Bags..,Cina,원가 없음 또는 0원
31126355,MC2 Saint Barth,Woman,Bags,Bags..,Cina,원가 없음 또는 0원
31126365,MC2 Saint Barth,Woman,Bags,Bags..,Cina,원가 없음 또는 0원
31126365,MC2 Saint Barth,Woman,Bags,Bags..,Cina,원가 없음 또는 0원
31126365,MC2 Saint Barth,Woman,Bags,Bags..,Cina,원가 없음 또는 0원
31126365,MC2 Saint Barth,Woman,Bags,Bags..,Cina,원가 없음 또는 0원
31126365,MC2 Saint Barth,Woman,Bags,Bags..,Cina,원가 없음 또는 0원
31126365,MC2 Saint Barth,Woman,Bags,Bags..,Cina,원가 없음 또는 0원
31126383,MC2 Saint Barth,Woman,Bags,Bags..,Cina,원가 없음 또는 0원
31126383,MC2 Saint Barth,Woman,Bags,Bags..,Cina,원가 없음 또는 0원
31126383,MC2 Saint Barth,Woman,Bags,Bags..,Cina,원가 없음 또는 0원
31126383,MC2 Saint Barth,Woman,Bags,Bags..,Cina,원가 없음 또는 0원
31126383,MC2 Saint Barth,Woman,Bags,Bags..,Cina,원가 없음 또는 0원
31126383,MC2 Saint Barth,Woman,Bags,Bags..,Cina,원가 없음 또는 0원
31126344,Amiri,Boy,Clothing,T-shirts and Polos,IT,브랜드 실패(사유: None) / 카테고리 성공 / 원산지 성공
31126344,Amiri,Boy,Clothing,T-shirts and Polos,IT,브랜드 실패(사유: None) / 카테고리 성공 / 원산지 성공
31126344,Amiri,Boy,Clothing,T-shirts and Polos,IT,브랜드 실패(사유: None) / 카테고리 성공 / 원산지 성공
31126344,Amiri,Boy,Clothing,T-shirts and Polos,IT,브랜드 실패(사유: None) / 카테고리 성공 / 원산지 성공
31126344,Amiri,Boy,Clothing,T-shirts and Polos,IT,브랜드 실패(사유: None) / 카테고리 성공 / 원산지 성공
31126363,Amiri,Boy,Clothing,T-shirts and Polos,IT,브랜드 실패(사유: None) / 카테고리 성공 / 원산지 성공
31126363,Amiri,Boy,Clothing,T-shirts and Polos,IT,브랜드 실패(사유: None) / 카테고리 성공 / 원산지 성공
31126363,Amiri,Boy,Clothing,T-shirts and Polos,IT,브랜드 실패(사유: None) / 카테고리 성공 / 원산지 성공
31126363,Amiri,Boy,Clothing,T-shirts and Polos,IT,브랜드 실패(사유: None) / 카테고리 성공 / 원산지 성공
31126363,Amiri,Boy,Clothing,T-shirts and Polos,IT,브랜드 실패(사유: None) / 카테고리 성공 / 원산지 성공
CA05X1240945001,CHRISTIAN LOUBOUTIN,U,CA,SANDALS,MADE IN ITALY,재고 없음
CA05X1240945001,CHRISTIAN LOUBOUTIN,U,CA,SANDALS,MADE IN ITALY,재고 없음
AB13XK1S1531006,STONE ISLAND,U,AB,TROUSERS,MADE IN ROMANIA,재고 없음
AB13XK1S1531006,STONE ISLAND,U,AB,TROUSERS,MADE IN ROMANIA,재고 없음
CA03X8108654001,BURBERRY,D,CA,SNEAKERS,MADE IN ITALY,재고 없음
CA03X8108654001,BURBERRY,D,CA,SNEAKERS,MADE IN ITALY,재고 없음
AB22CK1S1622008,STONE ISLAND,K,AB,T-SHIRT Colore unico,MADE IN TURKEY,재고 없음
AB22CK1S1622008,STONE ISLAND,K,AB,T-SHIRT Colore unico,MADE IN TURKEY,재고 없음
AB22CK1S1622005,STONE ISLAND,K,AB,T-SHIRT Colore unico,MADE IN TURKEY,재고 없음
AB22CK1S1622005,STONE ISLAND,K,AB,T-SHIRT Colore unico,MADE IN TURKEY,재고 없음
AB22X8106280001,BURBERRY,D,AB,T-SHIRT,MADE IN VIETNAM,재고 없음
AB22X8106280001,BURBERRY,D,AB,T-SHIRT,MADE IN VIETNAM,재고 없음
AB22XTS0147F003,ISABEL MARANT ETOILE,D,AB,T-SHIRT,MADE IN PORTUGAL,재고 없음
AB22XTS0147F003,ISABEL MARANT ETOILE,D,AB,T-SHIRT,MADE IN PORTUGAL,재고 없음
AB22XU-MPS25003,CASABLANCA,U,AB,T-SHIRT,MADE IN PORTUGAL,재고 없음
AB22XU-MPS25003,CASABLANCA,U,AB,T-SHIRT,MADE IN PORTUGAL,재고 없음
AB23XOMBB085019,OFF WHITE,U,AB,SWEATSHIRT,MADE IN PORTUGAL,재고 없음
AB23XOMBB085019,OFF WHITE,U,AB,SWEATSHIRT,MADE IN PORTUGAL,재고 없음
31717521,,Girl,Accessories,Accessories,China,브랜드 실패(사유: None) / 카테고리 성공 / 원산지 성공
31717521,,Girl,Accessories,Accessories,China,브랜드 실패(사유: None) / 카테고리 성공 / 원산지 성공
31717521,,Girl,Accessories,Accessories,China,브랜드 실패(사유: None) / 카테고리 성공 / 원산지 성공
31717521,,Girl,Accessories,Accessories,China,브랜드 실패(사유: None) / 카테고리 성공 / 원산지 성공
31717521,,Girl,Accessories,Accessories,China,브랜드 실패(사유: None) / 카테고리 성공 / 원산지 성공
31717521,,Girl,Accessories,Accessories,China,브랜드 실패(사유: None) / 카테고리 성공 / 원산지 성공
AB22XNF0A87N005,THE NORTH FACE,U,AB,T-SHIRT,MADE IN TURKEY,재고 없음
AB22XNF0A87N005,THE NORTH FACE,U,AB,T-SHIRT,MADE IN TURKEY,재고 없음
AB04X8071445004,BURBERRY,U,AB,SHIRT,MADE IN TUNISIA,재고 없음
AB04X8071445004,BURBERRY,U,AB,SHIRT,MADE IN TUNISIA,재고 없음
31717604,,Girl,Accessories,Accessories,China,브랜드 실패(사유: None) / 카테고리 성공 / 원산지 성공
31717604,,Girl,Accessories,Accessories,China,브랜드 실패(사유: None) / 카테고리 성공 / 원산지 성공
31717604,,Girl,Accessories,Accessories,China,브랜드 실패(사유: None) / 카테고리 성공 / 원산지 성공
31717604,,Girl,Accessories,Accessories,China,브랜드 실패(사유: None) / 카테고리 성공 / 원산지 성공
31717604,,Girl,Accessories,Accessories,China,브랜드 실패(사유: None) / 카테고리 성공 / 원산지 성공
31717604,,Girl,Accessories,Accessories,China,브랜드 실패(사유: None) / 카테고리 성공 / 원산지 성공
31153567,ADIDAS X AVAVAV,Unisex,Clothing,Skirts,China,브랜드 실패(사유: ADIDAS X AVAVAV) / 카테고리 성공 / 원산지 성공
31153567,ADIDAS X AVAVAV,Unisex,Clothing,Skirts,China,브랜드 실패(사유: ADIDAS X AVAVAV) / 카테고리 성공 / 원산지 성공
31153567,ADIDAS X AVAVAV,Unisex,Clothing,Skirts,China,브랜드 실패(사유: ADIDAS X AVAVAV) / 카테고리 성공 / 원산지 성공
31153567,ADIDAS X AVAVAV,Unisex,Clothing,Skirts,China,브랜드 실패(사유: ADIDAS X AVAVAV) / 카테고리 성공 / 원산지 성공
AL25CEX00001001,EMPORIO ARMANI,D,AL,TELO MARE Colore unico,MADE IN PORTUGAL,재고 없음
AL25CEX00001001,EMPORIO ARMANI,D,AL,TELO MARE Colore unico,MADE IN PORTUGAL,재고 없음
AL25CEX00001004,EMPORIO ARMANI,D,AL,TELO MARE Colore unico,MADE IN PORTUGAL,재고 없음
AL25CEX00001004,EMPORIO ARMANI,D,AL,TELO MARE Colore unico,MADE IN PORTUGAL,재고 없음
BO01XH6015XX001,KHAITE,D,BO,LEATHER BAG,MADE IN ITALY,재고 없음
BO01XH6015XX001,KHAITE,D,BO,LEATHER BAG,MADE IN ITALY,재고 없음
AB01XF6AGMTX001,DOLCE&GABBANA,D,AB,DRESS,MADE IN ITALY,재고 없음
AB01XF6AGMTX001,DOLCE&GABBANA,D,AB,DRESS,MADE IN ITALY,재고 없음
AB02CKS10223004,KONGES SLOJD,K,AB,BEACHWEAR,MADE IN CHINA,재고 없음
AB02CKS10223004,KONGES SLOJD,K,AB,BEACHWEAR,MADE IN CHINA,재고 없음
AB03CK1S16B1002,STONE ISLAND,K,AB,SHORT Colore unico,MADE IN ALBANIA,재고 없음
AB03CK1S16B1002,STONE ISLAND,K,AB,SHORT Colore unico,MADE IN ALBANIA,재고 없음
AB03XK1S15L1001,STONE ISLAND,U,AB,SHORT,MADE IN ROMANIA,재고 없음
AB03XK1S15L1001,STONE ISLAND,U,AB,SHORT,MADE IN ROMANIA,재고 없음
AB13XCOPP122001,COPERNI,D,AB,TROUSERS,,재고 없음
AB13XCOPP122001,COPERNI,D,AB,TROUSERS,,재고 없음
AB22X826344X001,BALENCIAGA,D,AB,T-SHIRT,,재고 없음
AB22X826344X001,BALENCIAGA,D,AB,T-SHIRT,,재고 없음
AL04C481774X002,GUCCI,K,AL,HAT Colore unico,MADE IN ITALY,재고 없음
AL04C481774X002,GUCCI,K,AL,HAT Colore unico,MADE IN ITALY,재고 없음
29494451,,Woman,Clothing,Sea clothing,BULGARIA,브랜드 실패(사유: None) / 카테고리 성공 / 원산지 성공
29494451,,Woman,Clothing,Sea clothing,BULGARIA,브랜드 실패(사유: None) / 카테고리 성공 / 원산지 성공
29494451,,Woman,Clothing,Sea clothing,BULGARIA,브랜드 실패(사유: None) / 카테고리 성공 / 원산지 성공
29494451,,Woman,Clothing,Sea clothing,BULGARIA,브랜드 실패(사유: None) / 카테고리 성공 / 원산지 성공
29494451,,Woman,Clothing,Sea clothing,BULGARIA,브랜드 실패(사유: None) / 카테고리 성공 / 원산지 성공
29494451,,Woman,Clothing,Sea clothing,BULGARIA,브랜드 실패(사유: None) / 카테고리 성공 / 원산지 성공
AB13X25UPA06001,CHLOE',D,AB,TROUSERS,MADE IN MADAGASCAR,재고 없음
AB13X25UPA06001,CHLOE',D,AB,TROUSERS,MADE IN MADAGASCAR,재고 없음
AB18X815851X001,GUCCI,D,AB,TOP,MADE IN ITALY,재고 없음
AB18X815851X001,GUCCI,D,AB,TOP,MADE IN ITALY,재고 없음
29494779,PROTOTYPES,Unisex,Clothing,Trousers,,브랜드 실패(사유: None) / 카테고리 성공 / 원산지 성공
29494779,PROTOTYPES,Unisex,Clothing,Trousers,,브랜드 실패(사유: None) / 카테고리 성공 / 원산지 성공
29494779,PROTOTYPES,Unisex,Clothing,Trousers,,브랜드 실패(사유: PROTOTYPES) / 카테고리 성공 / 원산지 성공
29494779,PROTOTYPES,Unisex,Clothing,Trousers,,브랜드 실패(사유: None) / 카테고리 성공 / 원산지 성공
29494779,PROTOTYPES,Unisex,Clothing,Trousers,,브랜드 실패(사유: None) / 카테고리 성공 / 원산지 성공
29494779,PROTOTYPES,Unisex,Clothing,Trousers,,브랜드 실패(사유: None) / 카테고리 성공 / 원산지 성공
29494791,,Woman,Shoes,Flat shoes,ITALY,브랜드 실패(사유: None) / 카테고리 성공 / 원산지 성공
29494791,,Woman,Shoes,Flat shoes,ITALY,브랜드 실패(사유: None) / 카테고리 성공 / 원산지 성공
29494791,,Woman,Shoes,Flat shoes,ITALY,브랜드 실패(사유: None) / 카테고리 성공 / 원산지 성공
29494791,,Woman,Shoes,Flat shoes,ITALY,브랜드 실패(사유: None) / 카테고리 성공 / 원산지 성공
29494791,,Woman,Shoes,Flat shoes,ITALY,브랜드 실패(사유: None) / 카테고리 성공 / 원산지 성공
29494791,,Woman,Shoes,Flat shoes,ITALY,브랜드 실패(사유: None) / 카테고리 성공 / 원산지 성공
CA03XAULMLL7001,AUTRY,U,CA,SNEAKERS,MADE IN INDONESIA,재고 없음
CA03XAULMLL7001,AUTRY,U,CA,SNEAKERS,MADE IN INDONESIA,재고 없음
31122423,,Man,Clothing,T-shirts and Polos,,브랜드 실패(사유: None) / 카테고리 성공 / 원산지 성공
31122423,,Man,Clothing,T-shirts and Polos,,브랜드 실패(사유: None) / 카테고리 성공 / 원산지 성공
31122423,,Man,Clothing,T-shirts and Polos,,브랜드 실패(사유: None) / 카테고리 성공 / 원산지 성공
31122423,,Man,Clothing,T-shirts and Polos,,브랜드 실패(사유: None) / 카테고리 성공 / 원산지 성공
31122423,,Man,Clothing,T-shirts and Polos,,브랜드 실패(사유: None) / 카테고리 성공 / 원산지 성공
31122423,,Man,Clothing,T-shirts and Polos,,브랜드 실패(사유: None) / 카테고리 성공 / 원산지 성공
31121885,ADIDAS X AVAVAV,Unisex,Clothing,T-shirts and Polos,China,브랜드 실패(사유: ADIDAS X AVAVAV) / 카테고리 성공 / 원산지 성공
31121885,ADIDAS X AVAVAV,Unisex,Clothing,T-shirts and Polos,China,브랜드 실패(사유: ADIDAS X AVAVAV) / 카테고리 성공 / 원산지 성공
31121885,ADIDAS X AVAVAV,Unisex,Clothing,T-shirts and Polos,China,브랜드 실패(사유: ADIDAS X AVAVAV) / 카테고리 성공 / 원산지 성공
31121885,ADIDAS X AVAVAV,Unisex,Clothing,T-shirts and Polos,China,브랜드 실패(사유: ADIDAS X AVAVAV) / 카테고리 성공 / 원산지 성공
AB22XSS25-09002,ARTE,U,AB,T-SHIRT,MADE IN PORTUGAL,재고 없음
AB22XSS25-09002,ARTE,U,AB,T-SHIRT,MADE IN PORTUGAL,재고 없음
AB22X233JS16003,JACQUEMUS,D,AB,T-SHIRT,MADE IN PORTUGAL,재고 없음
AB22X233JS16003,JACQUEMUS,D,AB,T-SHIRT,MADE IN PORTUGAL,재고 없음
AB31X241CO05001,JACQUEMUS,D,AB,DOWNJACKET,MADE IN TUNISIA,재고 없음
AB31X241CO05001,JACQUEMUS,D,AB,DOWNJACKET,MADE IN TUNISIA,재고 없음
31713686,,Unisex,Shoes,Sneakers,,브랜드 실패(사유: None) / 카테고리 성공 / 원산지 성공
31713686,,Unisex,Shoes,Sneakers,,브랜드 실패(사유: None) / 카테고리 성공 / 원산지 성공
31713686,,Unisex,Shoes,Sneakers,,브랜드 실패(사유: None) / 카테고리 성공 / 원산지 성공
31713686,,Unisex,Shoes,Sneakers,,브랜드 실패(사유: None) / 카테고리 성공 / 원산지 성공
31713686,,Unisex,Shoes,Sneakers,,브랜드 실패(사유: None) / 카테고리 성공 / 원산지 성공
31713686,,Unisex,Shoes,Sneakers,,브랜드 실패(사유: None) / 카테고리 성공 / 원산지 성공
AB23XK1S1561005,STONE ISLAND,U,AB,SWEATSHIRT,MADE IN TURKEY,재고 없음
AB23XK1S1561005,STONE ISLAND,U,AB,SWEATSHIRT,MADE IN TURKEY,재고 없음
AB22XF4853XX002,FORET,U,AB,T-SHIRT,MADE IN PORTUGAL,재고 없음
AB22XF4853XX002,FORET,U,AB,T-SHIRT,MADE IN PORTUGAL,재고 없음
AB23XK1S1561019,STONE ISLAND,U,AB,SWEATSHIRT,MADE IN MOLDOVA,재고 없음
AB23XK1S1561019,STONE ISLAND,U,AB,SWEATSHIRT,MADE IN MOLDOVA,재고 없음
AB23XBACCOXX003,MAX MARA,D,AB,SWEATSHIRT,MADE IN EXTRA UE,재고 없음
AB23XBACCOXX003,MAX MARA,D,AB,SWEATSHIRT,MADE IN EXTRA UE,재고 없음
AB31X809451X001,BALENCIAGA,D,AB,DOWNJACKET,MADE IN ITALY,재고 없음
AB31X809451X001,BALENCIAGA,D,AB,DOWNJACKET,MADE IN ITALY,재고 없음
29494001,,Man,Shoes,Flat shoes,ITALY,브랜드 실패(사유: None) / 카테고리 성공 / 원산지 성공
29494001,,Man,Shoes,Flat shoes,ITALY,브랜드 실패(사유: None) / 카테고리 성공 / 원산지 성공
29494001,,Man,Shoes,Flat shoes,ITALY,브랜드 실패(사유: None) / 카테고리 성공 / 원산지 성공
29494001,,Man,Shoes,Flat shoes,ITALY,브랜드 실패(사유: None) / 카테고리 성공 / 원산지 성공
29494001,,Man,Shoes,Flat shoes,ITALY,브랜드 실패(사유: None) / 카테고리 성공 / 원산지 성공
29494001,,Man,Shoes,Flat shoes,ITALY,브랜드 실패(사유: None) / 카테고리 성공 / 원산지 성공
AB01XW0030XX001,GANNI,D,AB,DRESS,MADE IN CHINA,재고 없음
AB22X241JS13001,JACQUEMUS,D,AB,T-SHIRT,MADE IN PORTUGAL,재고 없음
AB22X241JS13001,JACQUEMUS,D,AB,T-SHIRT,MADE IN PORTUGAL,재고 없음
AB22XAWKSP25002,AWAKE NY,U,AB,T-SHIRT,MADE IN CHINA,재고 없음
AB22XTELANTO001,LOULOU STUDIO,D,AB,T-SHIRT,MADE IN PORTUGAL,재고 없음
AB22XTELANTO001,LOULOU STUDIO,D,AB,T-SHIRT,MADE IN PORTUGAL,재고 없음
BO01X2S4HTT0005,MARC JACOBS,D,BO,LEATHER BAG,MADE IN VIETNAM,재고 없음
BO01X2S4HTT0005,MARC JACOBS,D,BO,LEATHER BAG,MADE IN VIETNAM,재고 없음
BO01XH004L01014,MARC JACOBS,D,BO,LEATHER BAG,MADE IN VIETNAM,재고 없음
BO01XH004L01014,MARC JACOBS,D,BO,LEATHER BAG,MADE IN VIETNAM,재고 없음
BO01XH009L01020,MARC JACOBS,D,BO,LEATHER BAG,MADE IN VIETNAM,재고 없음
BO01XH009L01020,MARC JACOBS,D,BO,LEATHER BAG,MADE IN VIETNAM,재고 없음
AB31CK1S1641001,STONE ISLAND,K,AB,DOWNJACKET Colore unico,MADE IN INDONESIA,재고 없음
AB31CK1S1641001,STONE ISLAND,K,AB,DOWNJACKET Colore unico,MADE IN INDONESIA,재고 없음
CA08XLOVE85X006,JIMMY CHOO,D,CA,HEELED SHOES,MADE IN ITALY,재고 없음
CA08XLOVE85X006,JIMMY CHOO,D,CA,HEELED SHOES,MADE IN ITALY,재고 없음
BO05CK1S1692001,STONE ISLAND,K,BO,BACKPACK Colore unico,MADE IN INDONESIA,재고 없음
BO05CK1S1692001,STONE ISLAND,K,BO,BACKPACK Colore unico,MADE IN INDONESIA,재고 없음
AB03COBYC002002,OFF WHITE,K,AB,SHORT Colore unico,MADE IN PORTUGAL,재고 없음
AB03COBYC002002,OFF WHITE,K,AB,SHORT Colore unico,MADE IN PORTUGAL,재고 없음
AB07XFW1393X001,FENDI,U,AB,JACKET,MADE IN ITALY,재고 없음
AB07XFW1393X001,FENDI,U,AB,JACKET,MADE IN ITALY,재고 없음
AB09XJU0289F001,ISABEL MARANT ETOILE,D,AB,SKIRT,MADE IN INDIA,재고 없음
AB09XJU0289F001,ISABEL MARANT ETOILE,D,AB,SKIRT,MADE IN INDIA,재고 없음
AB11XFS8251X001,FENDI,D,AB,KNITWEAR,MADE IN ITALY,재고 없음
AB11XFS8251X001,FENDI,D,AB,KNITWEAR,MADE IN ITALY,재고 없음
AB18CINIKO25002,MADILLY,K,AB,TOP,MADE IN ITALY,재고 없음
AB18CINIKO25002,MADILLY,K,AB,TOP,MADE IN ITALY,재고 없음
AB02XBONNIEX001,HUNZA G,D,AB,BEACHWEAR,MADE IN MAROCCO,재고 없음
AB02XBONNIEX001,HUNZA G,D,AB,BEACHWEAR,MADE IN MAROCCO,재고 없음
CA05X6W0S0LZ001,VALENTINO GARAVANI,D,CA,SANDALS,MADE IN ITALY,재고 없음
CA05X6W0S0LZ001,VALENTINO GARAVANI,D,CA,SANDALS,MADE IN ITALY,재고 없음
CA03XAULWLS7002,AUTRY,D,CA,SNEAKERS,MADE IN INDONESIA,재고 없음
CA03XAULWLS7002,AUTRY,D,CA,SNEAKERS,MADE IN INDONESIA,재고 없음
BO01XC22SS38005,CHLOE',D,BO,LEATHER BAG,MADE IN SPAIN,재고 없음
BO01XC22SS38005,CHLOE',D,BO,LEATHER BAG,MADE IN SPAIN,재고 없음
PP07X7M0001X011,FENDI,U,PP,WALLET,MADE IN ITALY,재고 없음
PP07X7M0001X011,FENDI,U,PP,WALLET,MADE IN ITALY,재고 없음
PP07XJ07UI00016,JIL SANDER,D,PP,WALLET,MADE IN ITALY,재고 없음
PP07XJ07UI00016,JIL SANDER,D,PP,WALLET,MADE IN ITALY,재고 없음
CA03XL471329001,SALOMON,U,CA,SNEAKERS,MADE IN CHINA,재고 없음
CA03XL471329001,SALOMON,U,CA,SNEAKERS,MADE IN CHINA,재고 없음
BO01X81928XX022,TORY BURCH,D,BO,2000029971921,MADE IN CAMBOGIA,재고 없음
BO01X81928XX022,TORY BURCH,D,BO,2000029971921,MADE IN CAMBOGIA,재고 없음
CA05X660463X001,BIRKENSTOCK,D,CA,SANDALS,MADE IN GERMANY,재고 없음
CA05X660463X001,BIRKENSTOCK,D,CA,SANDALS,MADE IN GERMANY,재고 없음
BO01XOM05174001,MAISON KITSUNE,U,BO,LEATHER BAG,MADE IN CHINA,재고 없음
BO01XOM05174001,MAISON KITSUNE,U,BO,LEATHER BAG,MADE IN CHINA,재고 없음
AB05XCO1037X001,LEMAIRE,D,AB,COAT,MADE IN SLOVAKIA,재고 없음
AB05XCO1037X001,LEMAIRE,D,AB,COAT,MADE IN SLOVAKIA,재고 없음
AB07XFJ0709X002,FENDI,U,AB,JACKET,MADE IN ITALY,재고 없음
AB07XFJ0709X002,FENDI,U,AB,JACKET,MADE IN ITALY,재고 없음
AB22XSS25-10003,ARTE,U,AB,T-SHIRT,MADE IN PORTUGAL,재고 없음
AB22XSS25-10003,ARTE,U,AB,T-SHIRT,MADE IN PORTUGAL,재고 없음
AB08XK2463XX001,GANNI,D,AB,VEST,MADE IN MOLDOVA,재고 없음
AB08XK2463XX001,GANNI,D,AB,VEST,MADE IN MOLDOVA,재고 없음
AB09X19EIJU0002,RABANNE,D,AB,SKIRT,MADE IN MADAGASCAR,재고 없음
AB09X19EIJU0002,RABANNE,D,AB,SKIRT,MADE IN MADAGASCAR,재고 없음
AB29XK1S1522003,STONE ISLAND,U,AB,POLO,MADE IN TURKEY,재고 없음
AB29XK1S1522003,STONE ISLAND,U,AB,POLO,MADE IN TURKEY,재고 없음
AB13XRU01E53001,RICK OWENS,U,AB,TROUSERS,MADE IN ITALY,재고 없음
AB13XRU01E53001,RICK OWENS,U,AB,TROUSERS,MADE IN ITALY,재고 없음
AB13CEW00079002,EMPORIO ARMANI,D,AB,TROUSERS Colore unico,MADE IN CHINA,재고 없음
AB13CEW00079002,EMPORIO ARMANI,D,AB,TROUSERS Colore unico,MADE IN CHINA,재고 없음
AB22CK1S1621044,STONE ISLAND,K,AB,T-SHIRT Colore unico,MADE IN TUNISIA,재고 없음
AB22CK1S1621044,STONE ISLAND,K,AB,T-SHIRT Colore unico,MADE IN TUNISIA,재고 없음
AB22X2511941002,MAX MARA,D,AB,T-SHIRT,MADE IN CHINA,재고 없음
AB22X2511941002,MAX MARA,D,AB,T-SHIRT,MADE IN CHINA,재고 없음
AB31CK1S1641004,STONE ISLAND,K,AB,DOWNJACKET Colore unico,MADE IN INDONESIA,재고 없음
AB31CK1S1641004,STONE ISLAND,K,AB,DOWNJACKET Colore unico,MADE IN INDONESIA,재고 없음
AB23XSS25199001,COLE BUXTON,U,AB,SWEATSHIRT,MADE IN CHINA,재고 없음
AB23XSS25199001,COLE BUXTON,U,AB,SWEATSHIRT,MADE IN CHINA,재고 없음
BO01XBG0003X012,LEMAIRE,D,BO,LEATHER BAG,MADE IN SPAIN,재고 없음
BO01XBG0003X012,LEMAIRE,D,BO,LEATHER BAG,MADE IN SPAIN,재고 없음
AB32CP25DP53002,IL GUFO,K,AB,SET TOP PANTALONE Colore unico,MADE IN MAROCCO,재고 없음
AB32CP25DP53002,IL GUFO,K,AB,SET TOP PANTALONE Colore unico,MADE IN MAROCCO,재고 없음
AL02X157204X001,TORY BURCH,D,AL,JEWELLERY,MADE IN CHINA,재고 없음
AL02X157204X001,TORY BURCH,D,AL,JEWELLERY,MADE IN CHINA,재고 없음
BO01X068010X009,ZANELLATO,D,BO,LEATHER BAG,MADE IN ITALY,재고 없음
BO01X068010X009,ZANELLATO,D,BO,LEATHER BAG,MADE IN ITALY,재고 없음
AL02X430314X006,FERRAGAMO,D,AL,JEWELLERY,MADE IN ITALY,재고 없음
AL02X430314X006,FERRAGAMO,D,AL,JEWELLERY,MADE IN ITALY,재고 없음
BO01CM01481X002,MARNI,K,BO,LEATHER BAG Colore unico,MADE IN EXTRA UE,재고 없음
BO01CM01481X002,MARNI,K,BO,LEATHER BAG Colore unico,MADE IN EXTRA UE,재고 없음
BO01XBG0001X009,LEMAIRE,D,BO,2000030558906,MADE IN SPAIN,재고 없음
BO01XBG0001X009,LEMAIRE,D,BO,2000030558906,MADE IN SPAIN,재고 없음
PP07XSA5UI00002,MM6,D,PP,WALLET,MADE IN ITALY,재고 없음
PP07XSA5UI00002,MM6,D,PP,WALLET,MADE IN ITALY,재고 없음
29006272,,Unisex,Accessories,Accessories,,원가 없음 또는 0원
29006272,,Unisex,Accessories,Accessories,,원가 없음 또는 0원
29006272,,Unisex,Accessories,Accessories,,원가 없음 또는 0원
29006272,,Unisex,Accessories,Accessories,,원가 없음 또는 0원
29006272,,Unisex,Accessories,Accessories,,원가 없음 또는 0원
29006272,,Unisex,Accessories,Accessories,,원가 없음 또는 0원
31766323,Stone Island,Man,Clothing,Jackets,Vietnam,원가 없음 또는 0원
31766323,Stone Island,Man,Clothing,Jackets,Vietnam,원가 없음 또는 0원
31766323,Stone Island,Man,Clothing,Jackets,Vietnam,원가 없음 또는 0원
31766323,Stone Island,Man,Clothing,Jackets,Vietnam,원가 없음 또는 0원
AB28CKS10230003,KONGES SLOJD,K,AB,BABY DRESS,MADE IN CHINA,재고 없음
AB28CKS10230003,KONGES SLOJD,K,AB,BABY DRESS,MADE IN CHINA,재고 없음
BO01XBG0001X010,LEMAIRE,D,BO,LEATHER BAG,MADE IN SPAIN,재고 없음
BO01XBG0001X010,LEMAIRE,D,BO,LEATHER BAG,MADE IN SPAIN,재고 없음
BO01XBG0000X009,LEMAIRE,D,BO,LEATHER BAG,MADE IN SPAIN,재고 없음
BO01XBG0000X009,LEMAIRE,D,BO,LEATHER BAG,MADE IN SPAIN,재고 없음
29945694,cultura,Man,Clothing,Shorts,ITALIA,원가 없음 또는 0원
29945694,cultura,Man,Clothing,Shorts,ITALIA,원가 없음 또는 0원
29945694,cultura,Man,Clothing,Shorts,ITALIA,원가 없음 또는 0원
29945694,cultura,Man,Clothing,Shorts,ITALIA,원가 없음 또는 0원
29945694,cultura,Man,Clothing,Shorts,ITALIA,원가 없음 또는 0원
29945694,cultura,Man,Clothing,Shorts,ITALIA,원가 없음 또는 0원
26887599,,Unisex,Homeware,Living,Italia,브랜드 실패(사유: None) / 카테고리 성공 / 원산지 성공
26887599,,Unisex,Homeware,Living,Italia,브랜드 실패(사유: None) / 카테고리 성공 / 원산지 성공
26887599,,Unisex,Homeware,Living,Italia,브랜드 실패(사유: None) / 카테고리 성공 / 원산지 성공
26887599,,Unisex,Homeware,Living,Italia,브랜드 실패(사유: None) / 카테고리 성공 / 원산지 성공
26887599,,Unisex,Homeware,Living,Italia,브랜드 실패(사유: None) / 카테고리 성공 / 원산지 성공
26887599,,Unisex,Homeware,Living,Italia,브랜드 실패(사유: None) / 카테고리 성공 / 원산지 성공
30030376,SELF PORTRAIT,Woman,Clothing,Trousers,Cina,원가 없음 또는 0원
30030376,SELF PORTRAIT,Woman,Clothing,Trousers,Cina,원가 없음 또는 0원
30030376,SELF PORTRAIT,Woman,Clothing,Trousers,Cina,원가 없음 또는 0원
30030376,SELF PORTRAIT,Woman,Clothing,Trousers,Cina,원가 없음 또는 0원
30030376,SELF PORTRAIT,Woman,Clothing,Trousers,Cina,원가 없음 또는 0원
30030376,SELF PORTRAIT,Woman,Clothing,Trousers,Cina,원가 없음 또는 0원
30030449,SELF PORTRAIT,Woman,Clothing,Skirts,China,원가 없음 또는 0원
30030449,SELF PORTRAIT,Woman,Clothing,Skirts,China,원가 없음 또는 0원
30030449,SELF PORTRAIT,Woman,Clothing,Skirts,China,원가 없음 또는 0원
30030449,SELF PORTRAIT,Woman,Clothing,Skirts,China,원가 없음 또는 0원
30030449,SELF PORTRAIT,Woman,Clothing,Skirts,China,원가 없음 또는 0원
30030449,SELF PORTRAIT,Woman,Clothing,Skirts,China,원가 없음 또는 0원
AL04X38283XX002,PATAGONIA,U,AL,HAT,MADE IN VIETNAM,재고 없음
AL04X38283XX002,PATAGONIA,U,AL,HAT,MADE IN VIETNAM,재고 없음
BO01XH009L01019,MARC JACOBS,D,BO,LEATHER BAG,MADE IN VIETNAM,재고 없음
BO01XH009L01019,MARC JACOBS,D,BO,LEATHER BAG,MADE IN VIETNAM,재고 없음
CA03XSH1WS00001,MM6,U,CA,SNEAKERS,MADE IN ITALY,재고 없음
CA03XSH1WS00001,MM6,U,CA,SNEAKERS,MADE IN ITALY,재고 없음
BO01XBG0003X011,LEMAIRE,D,BO,LEATHER BAG,MADE IN SPAIN,재고 없음
BO01XBG0003X011,LEMAIRE,D,BO,LEATHER BAG,MADE IN SPAIN,재고 없음
PP07X100455X005,PINKO,D,PP,WALLET,MADE IN CHINA,재고 없음
PP07X100455X005,PINKO,D,PP,WALLET,MADE IN CHINA,재고 없음
31126387,MC2 Saint Barth,Man,Clothing,Sea clothing,Cina,원가 없음 또는 0원
31126387,MC2 Saint Barth,Man,Clothing,Sea clothing,Cina,원가 없음 또는 0원
31126387,MC2 Saint Barth,Man,Clothing,Sea clothing,Cina,원가 없음 또는 0원
31126387,MC2 Saint Barth,Man,Clothing,Sea clothing,Cina,원가 없음 또는 0원
31126387,MC2 Saint Barth,Man,Clothing,Sea clothing,Cina,원가 없음 또는 0원
31126387,MC2 Saint Barth,Man,Clothing,Sea clothing,Cina,원가 없음 또는 0원
31126384,Amiri,Boy,Clothing,T-shirts and Polos,IT,브랜드 실패(사유: None) / 카테고리 성공 / 원산지 성공
31126384,Amiri,Boy,Clothing,T-shirts and Polos,IT,브랜드 실패(사유: None) / 카테고리 성공 / 원산지 성공
31126384,Amiri,Boy,Clothing,T-shirts and Polos,IT,브랜드 실패(사유: None) / 카테고리 성공 / 원산지 성공
31126384,Amiri,Boy,Clothing,T-shirts and Polos,IT,브랜드 실패(사유: None) / 카테고리 성공 / 원산지 성공
31126384,Amiri,Boy,Clothing,T-shirts and Polos,IT,브랜드 실패(사유: None) / 카테고리 성공 / 원산지 성공
BO04CY4Q367X002,EMPORIO ARMANI,U,BO,TRAVEL BAG Colore unico,MADE IN CHINA,재고 없음
BO04CY4Q367X002,EMPORIO ARMANI,U,BO,TRAVEL BAG Colore unico,MADE IN CHINA,재고 없음
PP07XJ07UI00017,JIL SANDER,D,PP,WALLET,MADE IN ITALY,재고 없음
PP07XJ07UI00017,JIL SANDER,D,PP,WALLET,MADE IN ITALY,재고 없음
AL02X696432X006,FERRAGAMO,D,AL,JEWELLERY,MADE IN ITALY,재고 없음
AL02X696432X006,FERRAGAMO,D,AL,JEWELLERY,MADE IN ITALY,재고 없음
AB18XA04088X002,DIESEL,U,AB,TOP,MADE IN CHINA,재고 없음
AB18XA04088X002,DIESEL,U,AB,TOP,MADE IN CHINA,재고 없음
AL04XAWKSP25005,AWAKE NY,U,AL,HAT,MADE IN CHINA,재고 없음
AL04XAWKSP25005,AWAKE NY,U,AL,HAT,MADE IN CHINA,재고 없음
AB22X2516-41001,WOODBIRD,U,AB,T-SHIRT,MADE IN INDIA,재고 없음
AB22XS52GC03006,MM6,D,AB,T-SHIRT,MADE IN PORTUGAL,재고 없음
AB22XS52GC03006,MM6,D,AB,T-SHIRT,MADE IN PORTUGAL,재고 없음
28352852,Pinko,Woman,Accessories,Belts,100% pelle di vacca,브랜드 성공 / 카테고리 성공 / 원산지 실패(사유: 100% pelle di vacca)
28352852,Pinko,Woman,Accessories,Belts,100% pelle di vacca,브랜드 성공 / 카테고리 성공 / 원산지 실패(사유: 100% pelle di vacca)
28352852,Pinko,Woman,Accessories,Belts,100% pelle di vacca,브랜드 성공 / 카테고리 성공 / 원산지 실패(사유: 100% pelle di vacca)
28352852,Pinko,Woman,Accessories,Belts,100% pelle di vacca,브랜드 성공 / 카테고리 성공 / 원산지 실패(사유: 100% pelle di vacca)
AB04X250WCH0002,THE ATTICO,D,AB,SHIRT,MADE IN ITALY,재고 없음
AB04X250WCH0002,THE ATTICO,D,AB,SHIRT,MADE IN ITALY,재고 없음
AB04XDK0A4Z7002,DICKIES,U,AB,SHIRT,MADE IN BANGLADESH,재고 없음
AB04XDK0A4Z7002,DICKIES,U,AB,SHIRT,MADE IN BANGLADESH,재고 없음
AB09X105183X001,PINKO,D,AB,SKIRT,MADE IN TURKEY,재고 없음
AB09X105183X001,PINKO,D,AB,SKIRT,MADE IN TURKEY,재고 없음
AB13XALOES-P006,PIERRE LOUIS MASCIA,D,AB,TROUSERS,MADE IN ITALY,재고 없음
AB13XALOES-P006,PIERRE LOUIS MASCIA,D,AB,TROUSERS,MADE IN ITALY,재고 없음
AB13XD304VQX001,DES PHEMMES,D,AB,TROUSERS,MADE IN ITALY,재고 없음
AB13XD304VQX001,DES PHEMMES,D,AB,TROUSERS,MADE IN ITALY,재고 없음
CA06CXVPS15X001,EMPORIO ARMANI,U,CA,FLIP FLOPS Colore unico,MADE IN CHINA,재고 없음
CA06CXVPS15X001,EMPORIO ARMANI,U,CA,FLIP FLOPS Colore unico,MADE IN CHINA,재고 없음
29006116,,Man,Bags,Bags..,Vietnam,브랜드 실패(사유: None) / 카테고리 성공 / 원산지 성공
29006116,,Man,Bags,Bags..,Vietnam,브랜드 실패(사유: None) / 카테고리 성공 / 원산지 성공
29006116,,Man,Bags,Bags..,Vietnam,브랜드 실패(사유: None) / 카테고리 성공 / 원산지 성공
29006116,,Man,Bags,Bags..,Vietnam,브랜드 실패(사유: None) / 카테고리 성공 / 원산지 성공
29006116,,Man,Bags,Bags..,Vietnam,브랜드 실패(사유: None) / 카테고리 성공 / 원산지 성공
29006116,,Man,Bags,Bags..,Vietnam,브랜드 실패(사유: None) / 카테고리 성공 / 원산지 성공
AB32CP25DP48001,IL GUFO,K,AB,SET TOP PANTALONE Colore unico,MADE IN ITALY,재고 없음
AB32CP25DP48001,IL GUFO,K,AB,SET TOP PANTALONE Colore unico,MADE IN ITALY,재고 없음
PP07CY4R169X004,EMPORIO ARMANI,U,PP,WALLET Colore unico,MADE IN CHINA,재고 없음
PP07CY4R169X004,EMPORIO ARMANI,U,PP,WALLET Colore unico,MADE IN CHINA,재고 없음
29006244,,Man,Bags,Bags..,VN,브랜드 실패(사유: None) / 카테고리 성공 / 원산지 성공
29006244,,Man,Bags,Bags..,VN,브랜드 실패(사유: None) / 카테고리 성공 / 원산지 성공
29006244,,Man,Bags,Bags..,VN,브랜드 실패(사유: None) / 카테고리 성공 / 원산지 성공
29006244,,Man,Bags,Bags..,VN,브랜드 실패(사유: None) / 카테고리 성공 / 원산지 성공
29006244,,Man,Bags,Bags..,VN,브랜드 실패(사유: None) / 카테고리 성공 / 원산지 성공
29006244,,Man,Bags,Bags..,VN,브랜드 실패(사유: None) / 카테고리 성공 / 원산지 성공
AB31XBZEND01001,BLAZE,D,AB,DOWNJACKET,MADE IN ITALY,재고 없음
AB31XBZEND01001,BLAZE,D,AB,DOWNJACKET,MADE IN ITALY,재고 없음
AL04XBASB000002,SAINT BARTH,U,AL,HAT,MADE IN CHINA,재고 없음
AL04XBASB000002,SAINT BARTH,U,AL,HAT,MADE IN CHINA,재고 없음
BO01XXBWEBLF001,TODS,D,BO,LEATHER BAG,MADE IN ITALY,재고 없음
BO01XXBWEBLF001,TODS,D,BO,LEATHER BAG,MADE IN ITALY,재고 없음
AB13XA16685X001,DIESEL,U,AB,TROUSERS,MADE IN CHINA,재고 없음
AB13XA16685X001,DIESEL,U,AB,TROUSERS,MADE IN CHINA,재고 없음
AB23CK1S1661027,STONE ISLAND,K,AB,SWEATSHIRT Colore unico,MADE IN ALBANIA,재고 없음
AB23CK1S1661027,STONE ISLAND,K,AB,SWEATSHIRT Colore unico,MADE IN ALBANIA,재고 없음
29504138,MC2 Saint Barth,Man,Clothing,Sea clothing,Moldavia,원가 없음 또는 0원
29504138,MC2 Saint Barth,Man,Clothing,Sea clothing,Moldavia,원가 없음 또는 0원
29504138,MC2 Saint Barth,Man,Clothing,Sea clothing,Moldavia,원가 없음 또는 0원
29504138,MC2 Saint Barth,Man,Clothing,Sea clothing,Moldavia,원가 없음 또는 0원
29504138,MC2 Saint Barth,Man,Clothing,Sea clothing,Moldavia,원가 없음 또는 0원
29504138,MC2 Saint Barth,Man,Clothing,Sea clothing,Moldavia,원가 없음 또는 0원
29504143,SORBET ISLAND,Woman,Accessories,Bijoux,Grecia,원가 없음 또는 0원
29504143,SORBET ISLAND,Woman,Accessories,Bijoux,Grecia,원가 없음 또는 0원
29504143,SORBET ISLAND,Woman,Accessories,Bijoux,Grecia,원가 없음 또는 0원
29504143,SORBET ISLAND,Woman,Accessories,Bijoux,Grecia,원가 없음 또는 0원
29504143,SORBET ISLAND,Woman,Accessories,Bijoux,Grecia,원가 없음 또는 0원
29504143,SORBET ISLAND,Woman,Accessories,Bijoux,Grecia,원가 없음 또는 0원
29504194,SORBET ISLAND,Woman,Accessories,Bijoux,Grecia,원가 없음 또는 0원
29504194,SORBET ISLAND,Woman,Accessories,Bijoux,Grecia,원가 없음 또는 0원
29504194,SORBET ISLAND,Woman,Accessories,Bijoux,Grecia,원가 없음 또는 0원
29504194,SORBET ISLAND,Woman,Accessories,Bijoux,Grecia,원가 없음 또는 0원
29504194,SORBET ISLAND,Woman,Accessories,Bijoux,Grecia,원가 없음 또는 0원
29504194,SORBET ISLAND,Woman,Accessories,Bijoux,Grecia,원가 없음 또는 0원
29504221,SORBET ISLAND,Woman,Accessories,Bijoux,Grecia,원가 없음 또는 0원
29504221,SORBET ISLAND,Woman,Accessories,Bijoux,Grecia,원가 없음 또는 0원
29504221,SORBET ISLAND,Woman,Accessories,Bijoux,Grecia,원가 없음 또는 0원
29504221,SORBET ISLAND,Woman,Accessories,Bijoux,Grecia,원가 없음 또는 0원
29504221,SORBET ISLAND,Woman,Accessories,Bijoux,Grecia,원가 없음 또는 0원
29504221,SORBET ISLAND,Woman,Accessories,Bijoux,Grecia,원가 없음 또는 0원
29504227,MC2 Saint Barth,Man,Clothing,T-shirts and Polos,China,원가 없음 또는 0원
29504227,MC2 Saint Barth,Man,Clothing,T-shirts and Polos,China,원가 없음 또는 0원
29504227,MC2 Saint Barth,Man,Clothing,T-shirts and Polos,China,원가 없음 또는 0원
29504227,MC2 Saint Barth,Man,Clothing,T-shirts and Polos,China,원가 없음 또는 0원
29504227,MC2 Saint Barth,Man,Clothing,T-shirts and Polos,China,원가 없음 또는 0원
29504227,MC2 Saint Barth,Man,Clothing,T-shirts and Polos,China,원가 없음 또는 0원
29504238,MC2 Saint Barth,Man,Clothing,T-shirts and Polos,Portogallo,원가 없음 또는 0원
29504238,MC2 Saint Barth,Man,Clothing,T-shirts and Polos,Portogallo,원가 없음 또는 0원
29504238,MC2 Saint Barth,Man,Clothing,T-shirts and Polos,Portogallo,원가 없음 또는 0원
29504238,MC2 Saint Barth,Man,Clothing,T-shirts and Polos,Portogallo,원가 없음 또는 0원
29504238,MC2 Saint Barth,Man,Clothing,T-shirts and Polos,Portogallo,원가 없음 또는 0원
29504238,MC2 Saint Barth,Man,Clothing,T-shirts and Polos,Portogallo,원가 없음 또는 0원
29924969,cultura,Man,Clothing,T-shirts and Polos,ITALIA,원가 없음 또는 0원
29924969,cultura,Man,Clothing,T-shirts and Polos,ITALIA,원가 없음 또는 0원
29924969,cultura,Man,Clothing,T-shirts and Polos,ITALIA,원가 없음 또는 0원
29924969,cultura,Man,Clothing,T-shirts and Polos,ITALIA,원가 없음 또는 0원
29924969,cultura,Man,Clothing,T-shirts and Polos,ITALIA,원가 없음 또는 0원
29924969,cultura,Man,Clothing,T-shirts and Polos,ITALIA,원가 없음 또는 0원
29925000,Hugo Boss,Man,Clothing,Trousers,Turchia,원가 없음 또는 0원
29925000,Hugo Boss,Man,Clothing,Trousers,Turchia,원가 없음 또는 0원
29925000,Hugo Boss,Man,Clothing,Trousers,Turchia,원가 없음 또는 0원
29925000,Hugo Boss,Man,Clothing,Trousers,Turchia,원가 없음 또는 0원
29925000,Hugo Boss,Man,Clothing,Trousers,Turchia,원가 없음 또는 0원
29925000,Hugo Boss,Man,Clothing,Trousers,Turchia,원가 없음 또는 0원
29925030,cultura,Man,Clothing,T-shirts and Polos,ITALIA,원가 없음 또는 0원
29925030,cultura,Man,Clothing,T-shirts and Polos,ITALIA,원가 없음 또는 0원
29925030,cultura,Man,Clothing,T-shirts and Polos,ITALIA,원가 없음 또는 0원
29925030,cultura,Man,Clothing,T-shirts and Polos,ITALIA,원가 없음 또는 0원
29925030,cultura,Man,Clothing,T-shirts and Polos,ITALIA,원가 없음 또는 0원
29925030,cultura,Man,Clothing,T-shirts and Polos,ITALIA,원가 없음 또는 0원
AB23XF6007XX001,FORET,U,AB,SWEATSHIRT,MADE IN PORTUGAL,재고 없음
AB23XF6007XX001,FORET,U,AB,SWEATSHIRT,MADE IN PORTUGAL,재고 없음
30030336,VANESSA BARONI,Woman,Accessories,Bijoux,ITALIA,원가 없음 또는 0원
30030336,VANESSA BARONI,Woman,Accessories,Bijoux,ITALIA,원가 없음 또는 0원
30030336,VANESSA BARONI,Woman,Accessories,Bijoux,ITALIA,원가 없음 또는 0원
30030336,VANESSA BARONI,Woman,Accessories,Bijoux,ITALIA,원가 없음 또는 0원
30030336,VANESSA BARONI,Woman,Accessories,Bijoux,ITALIA,원가 없음 또는 0원
30030336,VANESSA BARONI,Woman,Accessories,Bijoux,ITALIA,원가 없음 또는 0원
AB13XAMDNSY1005,AMIRI,U,AB,TROUSERS,MADE IN U.S.A.,재고 없음
AB13XAMDNSY1005,AMIRI,U,AB,TROUSERS,MADE IN U.S.A.,재고 없음
AB13XSWP0118001,SEAFARER,D,AB,TROUSERS,MADE IN ALBANIA,재고 없음
AB13XSWP0118001,SEAFARER,D,AB,TROUSERS,MADE IN ALBANIA,재고 없음
AB22X2516-40002,WOODBIRD,U,AB,T-SHIRT,MADE IN TURKEY,재고 없음
AB22X2516-40002,WOODBIRD,U,AB,T-SHIRT,MADE IN TURKEY,재고 없음
AB22X2511941001,MAX MARA,D,AB,T-SHIRT,MADE IN CHINA,재고 없음
AB22X2511941001,MAX MARA,D,AB,T-SHIRT,MADE IN CHINA,재고 없음
AB22XAMJYTE1021,AMIRI,U,AB,T-SHIRT,MADE IN ITALY,재고 없음
AB22XAMJYTE1021,AMIRI,U,AB,T-SHIRT,MADE IN ITALY,재고 없음
AB22XBM7165X002,GIVENCHY,U,AB,T-SHIRT,MADE IN PORTUGAL,재고 없음
AB22XBM7165X002,GIVENCHY,U,AB,T-SHIRT,MADE IN PORTUGAL,재고 없음
AB27CA24MB04001,IL GUFO,K,AB,BABY TRACKSUIT Colore unico,MADE IN BOSNIA-HERZE,재고 없음
AB27CA24MB04001,IL GUFO,K,AB,BABY TRACKSUIT Colore unico,MADE IN BOSNIA-HERZE,재고 없음
AB22X255JS31002,JACQUEMUS,U,AB,T-SHIRT,MADE IN PORTUGAL,재고 없음
AB22X255JS31002,JACQUEMUS,U,AB,T-SHIRT,MADE IN PORTUGAL,재고 없음
30030375,VANESSA BARONI,Woman,Accessories,Bijoux,ITALIA,원가 없음 또는 0원
30030375,VANESSA BARONI,Woman,Accessories,Bijoux,ITALIA,원가 없음 또는 0원
30030375,VANESSA BARONI,Woman,Accessories,Bijoux,ITALIA,원가 없음 또는 0원
30030375,VANESSA BARONI,Woman,Accessories,Bijoux,ITALIA,원가 없음 또는 0원
30030375,VANESSA BARONI,Woman,Accessories,Bijoux,ITALIA,원가 없음 또는 0원
30030375,VANESSA BARONI,Woman,Accessories,Bijoux,ITALIA,원가 없음 또는 0원
30030392,VANESSA BARONI,Woman,Accessories,Bijoux,ITALIA,원가 없음 또는 0원
30030392,VANESSA BARONI,Woman,Accessories,Bijoux,ITALIA,원가 없음 또는 0원
30030392,VANESSA BARONI,Woman,Accessories,Bijoux,ITALIA,원가 없음 또는 0원
30030392,VANESSA BARONI,Woman,Accessories,Bijoux,ITALIA,원가 없음 또는 0원
30030392,VANESSA BARONI,Woman,Accessories,Bijoux,ITALIA,원가 없음 또는 0원
30030392,VANESSA BARONI,Woman,Accessories,Bijoux,ITALIA,원가 없음 또는 0원
30313905,MC2 Saint Barth,Woman,Clothing,Sea clothing,ITALIA,원가 없음 또는 0원
30313905,MC2 Saint Barth,Woman,Clothing,Sea clothing,ITALIA,원가 없음 또는 0원
30313905,MC2 Saint Barth,Woman,Clothing,Sea clothing,ITALIA,원가 없음 또는 0원
30313905,MC2 Saint Barth,Woman,Clothing,Sea clothing,ITALIA,원가 없음 또는 0원
30313905,MC2 Saint Barth,Woman,Clothing,Sea clothing,ITALIA,원가 없음 또는 0원
30313905,MC2 Saint Barth,Woman,Clothing,Sea clothing,ITALIA,원가 없음 또는 0원
30313988,HODAKOVA,Woman,Clothing,Trousers,Sweden,원가 없음 또는 0원
30313988,HODAKOVA,Woman,Clothing,Trousers,Sweden,원가 없음 또는 0원
30313988,HODAKOVA,Woman,Clothing,Trousers,Sweden,원가 없음 또는 0원
30313988,HODAKOVA,Woman,Clothing,Trousers,Sweden,원가 없음 또는 0원
30313988,HODAKOVA,Woman,Clothing,Trousers,Sweden,원가 없음 또는 0원
30313988,HODAKOVA,Woman,Clothing,Trousers,Sweden,원가 없음 또는 0원
30314001,CUBA LAB,Woman,Bags,Bags..,ITALIA,원가 없음 또는 0원
30314001,CUBA LAB,Woman,Bags,Bags..,ITALIA,원가 없음 또는 0원
30314001,CUBA LAB,Woman,Bags,Bags..,ITALIA,원가 없음 또는 0원
30314001,CUBA LAB,Woman,Bags,Bags..,ITALIA,원가 없음 또는 0원
30314001,CUBA LAB,Woman,Bags,Bags..,ITALIA,원가 없음 또는 0원
30314001,CUBA LAB,Woman,Bags,Bags..,ITALIA,원가 없음 또는 0원
30314003,MC2 Saint Barth,Woman,Bags,Bags..,India,원가 없음 또는 0원
30314003,MC2 Saint Barth,Woman,Bags,Bags..,India,원가 없음 또는 0원
30314003,MC2 Saint Barth,Woman,Bags,Bags..,India,원가 없음 또는 0원
30314003,MC2 Saint Barth,Woman,Bags,Bags..,India,원가 없음 또는 0원
30314003,MC2 Saint Barth,Woman,Bags,Bags..,India,원가 없음 또는 0원
30314003,MC2 Saint Barth,Woman,Bags,Bags..,India,원가 없음 또는 0원
30356489,Hugo Boss,Man,Clothing,Sweaters,Turchia,원가 없음 또는 0원
30356489,Hugo Boss,Man,Clothing,Sweaters,Turchia,원가 없음 또는 0원
30356489,Hugo Boss,Man,Clothing,Sweaters,Turchia,원가 없음 또는 0원
30356489,Hugo Boss,Man,Clothing,Sweaters,Turchia,원가 없음 또는 0원
30356489,Hugo Boss,Man,Clothing,Sweaters,Turchia,원가 없음 또는 0원
30356489,Hugo Boss,Man,Clothing,Sweaters,Turchia,원가 없음 또는 0원
30356500,Hugo Boss,Man,Clothing,Sweaters,Turchia,원가 없음 또는 0원
30356500,Hugo Boss,Man,Clothing,Sweaters,Turchia,원가 없음 또는 0원
30356500,Hugo Boss,Man,Clothing,Sweaters,Turchia,원가 없음 또는 0원
30356500,Hugo Boss,Man,Clothing,Sweaters,Turchia,원가 없음 또는 0원
30356500,Hugo Boss,Man,Clothing,Sweaters,Turchia,원가 없음 또는 0원
30356500,Hugo Boss,Man,Clothing,Sweaters,Turchia,원가 없음 또는 0원
30356518,,Woman,Clothing,Sea clothing,ITALIA,브랜드 실패(사유: None) / 카테고리 성공 / 원산지 성공
30356518,,Woman,Clothing,Sea clothing,ITALIA,브랜드 실패(사유: None) / 카테고리 성공 / 원산지 성공
30356518,,Woman,Clothing,Sea clothing,ITALIA,브랜드 실패(사유: None) / 카테고리 성공 / 원산지 성공
30356518,,Woman,Clothing,Sea clothing,ITALIA,브랜드 실패(사유: None) / 카테고리 성공 / 원산지 성공
30356518,,Woman,Clothing,Sea clothing,ITALIA,브랜드 실패(사유: None) / 카테고리 성공 / 원산지 성공
30356518,,Woman,Clothing,Sea clothing,ITALIA,브랜드 실패(사유: None) / 카테고리 성공 / 원산지 성공
31717531,,Kids,Accessories,Accessories,China,브랜드 실패(사유: None) / 카테고리 성공 / 원산지 성공
31717531,,Kids,Accessories,Accessories,China,브랜드 실패(사유: None) / 카테고리 성공 / 원산지 성공
31717531,,Kids,Accessories,Accessories,China,브랜드 실패(사유: None) / 카테고리 성공 / 원산지 성공
31717531,,Kids,Accessories,Accessories,China,브랜드 실패(사유: None) / 카테고리 성공 / 원산지 성공
31717531,,Kids,Accessories,Accessories,China,브랜드 실패(사유: None) / 카테고리 성공 / 원산지 성공
31717531,,Kids,Accessories,Accessories,China,브랜드 실패(사유: None) / 카테고리 성공 / 원산지 성공
31717544,SELF PORTRAIT,Woman,Clothing,Dresses,"CHINA, PEOPLE'S REPUBLIC OF","브랜드 성공 / 카테고리 성공 / 원산지 실패(사유: CHINA, PEOPLE'S REPUBLIC OF)"
31717544,SELF PORTRAIT,Woman,Clothing,Dresses,"CHINA, PEOPLE'S REPUBLIC OF","브랜드 성공 / 카테고리 성공 / 원산지 실패(사유: CHINA, PEOPLE'S REPUBLIC OF)"
31717544,SELF PORTRAIT,Woman,Clothing,Dresses,"CHINA, PEOPLE'S REPUBLIC OF","브랜드 성공 / 카테고리 성공 / 원산지 실패(사유: CHINA, PEOPLE'S REPUBLIC OF)"
31717544,SELF PORTRAIT,Woman,Clothing,Dresses,"CHINA, PEOPLE'S REPUBLIC OF","브랜드 성공 / 카테고리 성공 / 원산지 실패(사유: CHINA, PEOPLE'S REPUBLIC OF)"
31717544,SELF PORTRAIT,Woman,Clothing,Dresses,"CHINA, PEOPLE'S REPUBLIC OF","브랜드 성공 / 카테고리 성공 / 원산지 실패(사유: CHINA, PEOPLE'S REPUBLIC OF)"
31717544,SELF PORTRAIT,Woman,Clothing,Dresses,"CHINA, PEOPLE'S REPUBLIC OF","브랜드 성공 / 카테고리 성공 / 원산지 실패(사유: CHINA, PEOPLE'S REPUBLIC OF)"
31717551,SELF PORTRAIT,Woman,Clothing,Dresses,"CHINA, PEOPLE'S REPUBLIC OF","브랜드 성공 / 카테고리 성공 / 원산지 실패(사유: CHINA, PEOPLE'S REPUBLIC OF)"
31717551,SELF PORTRAIT,Woman,Clothing,Dresses,"CHINA, PEOPLE'S REPUBLIC OF","브랜드 성공 / 카테고리 성공 / 원산지 실패(사유: CHINA, PEOPLE'S REPUBLIC OF)"
31717551,SELF PORTRAIT,Woman,Clothing,Dresses,"CHINA, PEOPLE'S REPUBLIC OF","브랜드 성공 / 카테고리 성공 / 원산지 실패(사유: CHINA, PEOPLE'S REPUBLIC OF)"
31717551,SELF PORTRAIT,Woman,Clothing,Dresses,"CHINA, PEOPLE'S REPUBLIC OF","브랜드 성공 / 카테고리 성공 / 원산지 실패(사유: CHINA, PEOPLE'S REPUBLIC OF)"
31717551,SELF PORTRAIT,Woman,Clothing,Dresses,"CHINA, PEOPLE'S REPUBLIC OF","브랜드 성공 / 카테고리 성공 / 원산지 실패(사유: CHINA, PEOPLE'S REPUBLIC OF)"
31717551,SELF PORTRAIT,Woman,Clothing,Dresses,"CHINA, PEOPLE'S REPUBLIC OF","브랜드 성공 / 카테고리 성공 / 원산지 실패(사유: CHINA, PEOPLE'S REPUBLIC OF)"
31717568,,Girl,Accessories,Accessories,China,브랜드 실패(사유: None) / 카테고리 성공 / 원산지 성공
31717568,,Girl,Accessories,Accessories,China,브랜드 실패(사유: None) / 카테고리 성공 / 원산지 성공
31717568,,Girl,Accessories,Accessories,China,브랜드 실패(사유: None) / 카테고리 성공 / 원산지 성공
31717568,,Girl,Accessories,Accessories,China,브랜드 실패(사유: None) / 카테고리 성공 / 원산지 성공
31717568,,Girl,Accessories,Accessories,China,브랜드 실패(사유: None) / 카테고리 성공 / 원산지 성공
31717568,,Girl,Accessories,Accessories,China,브랜드 실패(사유: None) / 카테고리 성공 / 원산지 성공
32000429,Amiri,Boy,Clothing,Trousers,ITALIA,브랜드 실패(사유: None) / 카테고리 성공 / 원산지 성공
32000429,Amiri,Boy,Clothing,Trousers,ITALIA,브랜드 실패(사유: None) / 카테고리 성공 / 원산지 성공
32000429,Amiri,Boy,Clothing,Trousers,ITALIA,브랜드 실패(사유: None) / 카테고리 성공 / 원산지 성공
32000429,Amiri,Boy,Clothing,Trousers,ITALIA,브랜드 실패(사유: None) / 카테고리 성공 / 원산지 성공
32000429,Amiri,Boy,Clothing,Trousers,ITALIA,브랜드 실패(사유: None) / 카테고리 성공 / 원산지 성공
32000525,Amiri,Boy,Clothing,Jackets,ITALIA,브랜드 실패(사유: None) / 카테고리 성공 / 원산지 성공
32000525,Amiri,Boy,Clothing,Jackets,ITALIA,브랜드 실패(사유: None) / 카테고리 성공 / 원산지 성공
32000525,Amiri,Boy,Clothing,Jackets,ITALIA,브랜드 실패(사유: None) / 카테고리 성공 / 원산지 성공
32000525,Amiri,Boy,Clothing,Jackets,ITALIA,브랜드 실패(사유: None) / 카테고리 성공 / 원산지 성공
32000525,Amiri,Boy,Clothing,Jackets,ITALIA,브랜드 실패(사유: None) / 카테고리 성공 / 원산지 성공
29494639,,Kids,Accessories,Sunglasses,CHINA,브랜드 실패(사유: None) / 카테고리 성공 / 원산지 성공
29494639,,Kids,Accessories,Sunglasses,CHINA,브랜드 실패(사유: None) / 카테고리 성공 / 원산지 성공
29494639,,Kids,Accessories,Sunglasses,CHINA,브랜드 실패(사유: None) / 카테고리 성공 / 원산지 성공
29494639,,Kids,Accessories,Sunglasses,CHINA,브랜드 실패(사유: None) / 카테고리 성공 / 원산지 성공
29494639,,Kids,Accessories,Sunglasses,CHINA,브랜드 실패(사유: None) / 카테고리 성공 / 원산지 성공
29494639,,Kids,Accessories,Sunglasses,CHINA,브랜드 실패(사유: None) / 카테고리 성공 / 원산지 성공
AL02X775023X001,BOTTEGA VENETA,D,AL,JEWELLERY,MADE IN ITALY,재고 없음
AL02X775023X001,BOTTEGA VENETA,D,AL,JEWELLERY,MADE IN ITALY,재고 없음
29504213,MC2 Saint Barth,Man,Bags,Bags..,Cina,원가 없음 또는 0원
29504213,MC2 Saint Barth,Man,Bags,Bags..,Cina,원가 없음 또는 0원
29504213,MC2 Saint Barth,Man,Bags,Bags..,Cina,원가 없음 또는 0원
29504213,MC2 Saint Barth,Man,Bags,Bags..,Cina,원가 없음 또는 0원
29504213,MC2 Saint Barth,Man,Bags,Bags..,Cina,원가 없음 또는 0원
29504213,MC2 Saint Barth,Man,Bags,Bags..,Cina,원가 없음 또는 0원
29504232,MC2 Saint Barth,Man,Clothing,T-shirts and Polos,Portogallo,원가 없음 또는 0원
29504232,MC2 Saint Barth,Man,Clothing,T-shirts and Polos,Portogallo,원가 없음 또는 0원
29504232,MC2 Saint Barth,Man,Clothing,T-shirts and Polos,Portogallo,원가 없음 또는 0원
29504232,MC2 Saint Barth,Man,Clothing,T-shirts and Polos,Portogallo,원가 없음 또는 0원
29504232,MC2 Saint Barth,Man,Clothing,T-shirts and Polos,Portogallo,원가 없음 또는 0원
29504232,MC2 Saint Barth,Man,Clothing,T-shirts and Polos,Portogallo,원가 없음 또는 0원
AB19X8079387001,BURBERRY,U,AB,TRENCH,MADE IN ENGLAND,재고 없음
AB19X8079387001,BURBERRY,U,AB,TRENCH,MADE IN ENGLAND,재고 없음
AB27CKS10244002,KONGES SLOJD,K,AB,BABY TRACKSUIT,MADE IN CHINA,재고 없음
AB27CKS10244002,KONGES SLOJD,K,AB,BABY TRACKSUIT,MADE IN CHINA,재고 없음
CA05X860133X001,BIRKENSTOCK,U,CA,SANDALS,MADE IN GERMANY,재고 없음
AB04X8162XXX001,C.9.3,U,AB,SHIRT,MADE IN ITALY,재고 없음
AB04X8162XXX001,C.9.3,U,AB,SHIRT,MADE IN ITALY,재고 없음
30030481,cultura,Man,Clothing,Jackets,ITALIA,원가 없음 또는 0원
30030481,cultura,Man,Clothing,Jackets,ITALIA,원가 없음 또는 0원
30030481,cultura,Man,Clothing,Jackets,ITALIA,원가 없음 또는 0원
30030481,cultura,Man,Clothing,Jackets,ITALIA,원가 없음 또는 0원
30030481,cultura,Man,Clothing,Jackets,ITALIA,원가 없음 또는 0원
30030481,cultura,Man,Clothing,Jackets,ITALIA,원가 없음 또는 0원
AB22XS50GC07002,MAISON MARGIELA,U,AB,T-SHIRT,MADE IN ITALY,재고 없음
AB22XS50GC07002,MAISON MARGIELA,U,AB,T-SHIRT,MADE IN ITALY,재고 없음
31126346,MC2 Saint Barth,Woman,Bags,Bags..,Cina,원가 없음 또는 0원
31126346,MC2 Saint Barth,Woman,Bags,Bags..,Cina,원가 없음 또는 0원
31126346,MC2 Saint Barth,Woman,Bags,Bags..,Cina,원가 없음 또는 0원
31126346,MC2 Saint Barth,Woman,Bags,Bags..,Cina,원가 없음 또는 0원
31126346,MC2 Saint Barth,Woman,Bags,Bags..,Cina,원가 없음 또는 0원
31126346,MC2 Saint Barth,Woman,Bags,Bags..,Cina,원가 없음 또는 0원
AL02XBF1123X001,GIVENCHY,D,AL,JEWELLERY,MADE IN ITALY,재고 없음
AL02XBF1123X001,GIVENCHY,D,AL,JEWELLERY,MADE IN ITALY,재고 없음
BO01X068010_016,ZANELLATO,D,BO,LEATHER BAG,MADE IN ITALY,재고 없음
BO01X068010_016,ZANELLATO,D,BO,LEATHER BAG,MADE IN ITALY,재고 없음
AB29CEM00190001,EMPORIO ARMANI,U,AB,POLO Colore unico,MADE IN TUNISIA,재고 없음
AB29CEM00190001,EMPORIO ARMANI,U,AB,POLO Colore unico,MADE IN TUNISIA,재고 없음
BO01XS54WD00022,MM6,D,BO,LEATHER BAG,MADE IN CHINA,재고 없음
BO01XS54WD00022,MM6,D,BO,LEATHER BAG,MADE IN CHINA,재고 없음
BO01X6W0B0R2001,VALENTINO GARAVANI,D,BO,LEATHER BAG,MADE IN ITALY,재고 없음
BO01X6W0B0R2001,VALENTINO GARAVANI,D,BO,LEATHER BAG,MADE IN ITALY,재고 없음
BO01X158500X002,TORY BURCH,D,BO,LEATHER BAG,MADE IN PHILIPPINES,재고 없음
BO01X158500X002,TORY BURCH,D,BO,LEATHER BAG,MADE IN PHILIPPINES,재고 없음
AB02XBTP0001001,SAINT BARTH,U,AB,BEACHWEAR,MADE IN CHINA,재고 없음
AB02XBTP0001001,SAINT BARTH,U,AB,BEACHWEAR,MADE IN CHINA,재고 없음
PP07X100455X004,PINKO,D,PP,WALLET,MADE IN CHINA,재고 없음
PP07X100455X004,PINKO,D,PP,WALLET,MADE IN CHINA,재고 없음
AB19X8079386001,BURBERRY,U,AB,TRENCH,MADE IN ENGLAND,재고 없음
AB19X8079386001,BURBERRY,U,AB,TRENCH,MADE IN ENGLAND,재고 없음
AB11CEM00113001,EMPORIO ARMANI,U,AB,KNITWEAR Colore unico,MADE IN CHINA,재고 없음
BO01X8BS096X007,FENDI,D,BO,LEATHER BAG,MADE IN ITALY,재고 없음
BO01X8BS096X007,FENDI,D,BO,LEATHER BAG,MADE IN ITALY,재고 없음
AL02X696576X004,FERRAGAMO,D,AL,JEWELLERY,MADE IN ITALY,재고 없음
AL02X696576X004,FERRAGAMO,D,AL,JEWELLERY,MADE IN ITALY,재고 없음
BO01XBG0001X007,LEMAIRE,D,BO,LEATHER BAG,MADE IN SPAIN,재고 없음
BO01XBG0001X007,LEMAIRE,D,BO,LEATHER BAG,MADE IN SPAIN,재고 없음
BO01XBG0001X008,LEMAIRE,D,BO,LEATHER BAG,MADE IN SPAIN,재고 없음
BO01XBG0001X008,LEMAIRE,D,BO,LEATHER BAG,MADE IN SPAIN,재고 없음
CA07XS59WZ00005,MM6,D,CA,FLAT SHOES,MADE IN ITALY,재고 없음
CA07XS59WZ00005,MM6,D,CA,FLAT SHOES,MADE IN ITALY,재고 없음
CA08X8J8589X001,FENDI,D,CA,HEELED SHOES,MADE IN ITALY,재고 없음
CA08X8J8589X001,FENDI,D,CA,HEELED SHOES,MADE IN ITALY,재고 없음
AB04XGW00084001,GIORGIO ARMANI,D,AB,SHIRT,MADE IN ITALY,재고 없음
AB04XGW00084001,GIORGIO ARMANI,D,AB,SHIRT,MADE IN ITALY,재고 없음
AB18X381XXXX003,EXTREME CASHMERE,D,AB,TOP,MADE IN CHINA,재고 없음
AB18X381XXXX003,EXTREME CASHMERE,D,AB,TOP,MADE IN CHINA,재고 없음
26878540,,Unisex,Homeware,Living,Italia,브랜드 실패(사유: None) / 카테고리 성공 / 원산지 성공
26878540,,Unisex,Homeware,Living,Italia,브랜드 실패(사유: None) / 카테고리 성공 / 원산지 성공
26878540,,Unisex,Homeware,Living,Italia,브랜드 실패(사유: None) / 카테고리 성공 / 원산지 성공
26878540,,Unisex,Homeware,Living,Italia,브랜드 실패(사유: None) / 카테고리 성공 / 원산지 성공
26878540,,Unisex,Homeware,Living,Italia,브랜드 실패(사유: None) / 카테고리 성공 / 원산지 성공
26878540,,Unisex,Homeware,Living,Italia,브랜드 실패(사유: None) / 카테고리 성공 / 원산지 성공
26881458,,Woman,Clothing,Dresses,KR - South Korea,브랜드 실패(사유: None) / 카테고리 성공 / 원산지 실패(사유: KR - South Korea)
26881458,,Woman,Clothing,Dresses,KR - South Korea,브랜드 실패(사유: None) / 카테고리 성공 / 원산지 실패(사유: KR - South Korea)
26881458,,Woman,Clothing,Dresses,KR - South Korea,브랜드 실패(사유: None) / 카테고리 성공 / 원산지 성공
26881458,,Woman,Clothing,Dresses,KR - South Korea,브랜드 실패(사유: None) / 카테고리 성공 / 원산지 성공
26881458,,Woman,Clothing,Dresses,KR - South Korea,브랜드 실패(사유: None) / 카테고리 성공 / 원산지 실패(사유: KR - South Korea)
26881458,,Woman,Clothing,Dresses,KR - South Korea,브랜드 실패(사유: None) / 카테고리 성공 / 원산지 실패(사유: KR - South Korea)
26882461,,Woman,Shoes,Sneakers,Italia,브랜드 실패(사유: None) / 카테고리 성공 / 원산지 성공
26882461,,Woman,Shoes,Sneakers,Italia,브랜드 실패(사유: None) / 카테고리 성공 / 원산지 성공
26882461,,Woman,Shoes,Sneakers,Italia,브랜드 실패(사유: None) / 카테고리 성공 / 원산지 성공
26882461,,Woman,Shoes,Sneakers,Italia,브랜드 실패(사유: None) / 카테고리 성공 / 원산지 성공
26882461,,Woman,Shoes,Sneakers,Italia,브랜드 실패(사유: None) / 카테고리 성공 / 원산지 성공
26882461,,Woman,Shoes,Sneakers,Italia,브랜드 실패(사유: None) / 카테고리 성공 / 원산지 성공
26883304,,Woman,Shoes,Sneakers,Italia,브랜드 실패(사유: None) / 카테고리 성공 / 원산지 성공
26883304,,Woman,Shoes,Sneakers,Italia,브랜드 실패(사유: None) / 카테고리 성공 / 원산지 성공
26883304,,Woman,Shoes,Sneakers,Italia,브랜드 실패(사유: None) / 카테고리 성공 / 원산지 성공
26883304,,Woman,Shoes,Sneakers,Italia,브랜드 실패(사유: None) / 카테고리 성공 / 원산지 성공
26883304,,Woman,Shoes,Sneakers,Italia,브랜드 실패(사유: None) / 카테고리 성공 / 원산지 성공
26883304,,Woman,Shoes,Sneakers,Italia,브랜드 실패(사유: None) / 카테고리 성공 / 원산지 성공
26883549,Haikure,Woman,Clothing,Jeans,I,브랜드 성공 / 카테고리 성공 / 원산지 실패(사유: I)
26883549,Haikure,Woman,Clothing,Jeans,I,브랜드 성공 / 카테고리 성공 / 원산지 실패(사유: I)
26883549,Haikure,Woman,Clothing,Jeans,I,브랜드 성공 / 카테고리 성공 / 원산지 실패(사유: I)
26883549,Haikure,Woman,Clothing,Jeans,I,브랜드 성공 / 카테고리 성공 / 원산지 실패(사유: I)
26883549,Haikure,Woman,Clothing,Jeans,I,브랜드 성공 / 카테고리 성공 / 원산지 실패(사유: I)
26883549,Haikure,Woman,Clothing,Jeans,I,브랜드 성공 / 카테고리 성공 / 원산지 실패(사유: I)
26884506,Casablanca,Man,Accessories,Hats,"CHINA, PEOPLE'S REPUBLIC OF","브랜드 성공 / 카테고리 성공 / 원산지 실패(사유: CHINA, PEOPLE'S REPUBLIC OF)"
26884506,Casablanca,Man,Accessories,Hats,"CHINA, PEOPLE'S REPUBLIC OF","브랜드 성공 / 카테고리 성공 / 원산지 실패(사유: CHINA, PEOPLE'S REPUBLIC OF)"
26884506,Casablanca,Man,Accessories,Hats,"CHINA, PEOPLE'S REPUBLIC OF","브랜드 성공 / 카테고리 성공 / 원산지 실패(사유: CHINA, PEOPLE'S REPUBLIC OF)"
26884506,Casablanca,Man,Accessories,Hats,"CHINA, PEOPLE'S REPUBLIC OF","브랜드 성공 / 카테고리 성공 / 원산지 실패(사유: CHINA, PEOPLE'S REPUBLIC OF)"
26884506,Casablanca,Man,Accessories,Hats,"CHINA, PEOPLE'S REPUBLIC OF","브랜드 성공 / 카테고리 성공 / 원산지 실패(사유: CHINA, PEOPLE'S REPUBLIC OF)"
26884506,Casablanca,Man,Accessories,Hats,"CHINA, PEOPLE'S REPUBLIC OF","브랜드 성공 / 카테고리 성공 / 원산지 실패(사유: CHINA, PEOPLE'S REPUBLIC OF)"
26886924,,Unisex,Homeware,Living,Italia,브랜드 실패(사유: None) / 카테고리 성공 / 원산지 성공
26886924,,Unisex,Homeware,Living,Italia,브랜드 실패(사유: None) / 카테고리 성공 / 원산지 성공
26886924,,Unisex,Homeware,Living,Italia,브랜드 실패(사유: None) / 카테고리 성공 / 원산지 성공
26886924,,Unisex,Homeware,Living,Italia,브랜드 실패(사유: None) / 카테고리 성공 / 원산지 성공
26886924,,Unisex,Homeware,Living,Italia,브랜드 실패(사유: None) / 카테고리 성공 / 원산지 성공
26886924,,Unisex,Homeware,Living,Italia,브랜드 실패(사유: None) / 카테고리 성공 / 원산지 성공
26887143,Levi's,Woman,Clothing,Skirts,Cambodia; Sri Lanka,브랜드 성공 / 카테고리 성공 / 원산지 실패(사유: Cambodia; Sri Lanka)
26887143,Levi's,Woman,Clothing,Skirts,Cambodia; Sri Lanka,브랜드 성공 / 카테고리 성공 / 원산지 실패(사유: Cambodia; Sri Lanka)
26887143,Levi's,Woman,Clothing,Skirts,Cambodia; Sri Lanka,브랜드 성공 / 카테고리 성공 / 원산지 실패(사유: Cambodia; Sri Lanka)
26887143,Levi's,Woman,Clothing,Skirts,Cambodia; Sri Lanka,브랜드 성공 / 카테고리 성공 / 원산지 실패(사유: Cambodia; Sri Lanka)
26888660,,Unisex,Homeware,Living,Italia,브랜드 실패(사유: None) / 카테고리 성공 / 원산지 성공
26888660,,Unisex,Homeware,Living,Italia,브랜드 실패(사유: None) / 카테고리 성공 / 원산지 성공
26888660,,Unisex,Homeware,Living,Italia,브랜드 실패(사유: None) / 카테고리 성공 / 원산지 성공
26888660,,Unisex,Homeware,Living,Italia,브랜드 실패(사유: None) / 카테고리 성공 / 원산지 성공
26888660,,Unisex,Homeware,Living,Italia,브랜드 실패(사유: None) / 카테고리 성공 / 원산지 성공
26888660,,Unisex,Homeware,Living,Italia,브랜드 실패(사유: None) / 카테고리 성공 / 원산지 성공
26889114,,Woman,Clothing,Dresses,KR - South Korea,브랜드 실패(사유: None) / 카테고리 성공 / 원산지 실패(사유: KR - South Korea)
26889114,,Woman,Clothing,Dresses,KR - South Korea,브랜드 실패(사유: None) / 카테고리 성공 / 원산지 실패(사유: KR - South Korea)
26889114,,Woman,Clothing,Dresses,KR - South Korea,브랜드 실패(사유: None) / 카테고리 성공 / 원산지 성공
26889114,,Woman,Clothing,Dresses,KR - South Korea,브랜드 실패(사유: None) / 카테고리 성공 / 원산지 성공
26889114,,Woman,Clothing,Dresses,KR - South Korea,브랜드 실패(사유: None) / 카테고리 성공 / 원산지 실패(사유: KR - South Korea)
26889114,,Woman,Clothing,Dresses,KR - South Korea,브랜드 실패(사유: None) / 카테고리 성공 / 원산지 실패(사유: KR - South Korea)
26889174,STONE ISLAND KIDS,Kids,Clothing,Sweaters,ITALIA,원가 없음 또는 0원
26889174,STONE ISLAND KIDS,Kids,Clothing,Sweaters,ITALIA,원가 없음 또는 0원
26889174,STONE ISLAND KIDS,Kids,Clothing,Sweaters,ITALIA,원가 없음 또는 0원
26889174,STONE ISLAND KIDS,Kids,Clothing,Sweaters,ITALIA,원가 없음 또는 0원
26889174,STONE ISLAND KIDS,Kids,Clothing,Sweaters,ITALIA,원가 없음 또는 0원
26889174,STONE ISLAND KIDS,Kids,Clothing,Sweaters,ITALIA,원가 없음 또는 0원
26890858,,Woman,Clothing,Dresses,KR - South Korea,브랜드 실패(사유: None) / 카테고리 성공 / 원산지 실패(사유: KR - South Korea)
26890858,,Woman,Clothing,Dresses,KR - South Korea,브랜드 실패(사유: None) / 카테고리 성공 / 원산지 실패(사유: KR - South Korea)
26890858,,Woman,Clothing,Dresses,KR - South Korea,브랜드 실패(사유: None) / 카테고리 성공 / 원산지 성공
26890858,,Woman,Clothing,Dresses,KR - South Korea,브랜드 실패(사유: None) / 카테고리 성공 / 원산지 성공
26890858,,Woman,Clothing,Dresses,KR - South Korea,브랜드 실패(사유: None) / 카테고리 성공 / 원산지 실패(사유: KR - South Korea)
26890858,,Woman,Clothing,Dresses,KR - South Korea,브랜드 실패(사유: None) / 카테고리 성공 / 원산지 실패(사유: KR - South Korea)
26890859,Casablanca,Woman,Clothing,Skirts,"CHINA, PEOPLE'S REPUBLIC OF","브랜드 성공 / 카테고리 성공 / 원산지 실패(사유: CHINA, PEOPLE'S REPUBLIC OF)"
26890859,Casablanca,Woman,Clothing,Skirts,"CHINA, PEOPLE'S REPUBLIC OF","브랜드 성공 / 카테고리 성공 / 원산지 실패(사유: CHINA, PEOPLE'S REPUBLIC OF)"
26890859,Casablanca,Woman,Clothing,Skirts,"CHINA, PEOPLE'S REPUBLIC OF","브랜드 성공 / 카테고리 성공 / 원산지 실패(사유: CHINA, PEOPLE'S REPUBLIC OF)"
26890859,Casablanca,Woman,Clothing,Skirts,"CHINA, PEOPLE'S REPUBLIC OF","브랜드 성공 / 카테고리 성공 / 원산지 실패(사유: CHINA, PEOPLE'S REPUBLIC OF)"
26890859,Casablanca,Woman,Clothing,Skirts,"CHINA, PEOPLE'S REPUBLIC OF","브랜드 성공 / 카테고리 성공 / 원산지 실패(사유: CHINA, PEOPLE'S REPUBLIC OF)"
26890859,Casablanca,Woman,Clothing,Skirts,"CHINA, PEOPLE'S REPUBLIC OF","브랜드 성공 / 카테고리 성공 / 원산지 실패(사유: CHINA, PEOPLE'S REPUBLIC OF)"
26891098,,Woman,Clothing,Dresses,KR - South Korea,브랜드 실패(사유: None) / 카테고리 성공 / 원산지 실패(사유: KR - South Korea)
26891098,,Woman,Clothing,Dresses,KR - South Korea,브랜드 실패(사유: None) / 카테고리 성공 / 원산지 실패(사유: KR - South Korea)
26891098,,Woman,Clothing,Dresses,KR - South Korea,브랜드 실패(사유: None) / 카테고리 성공 / 원산지 성공
26891098,,Woman,Clothing,Dresses,KR - South Korea,브랜드 실패(사유: None) / 카테고리 성공 / 원산지 성공
26891098,,Woman,Clothing,Dresses,KR - South Korea,브랜드 실패(사유: None) / 카테고리 성공 / 원산지 실패(사유: KR - South Korea)
26891098,,Woman,Clothing,Dresses,KR - South Korea,브랜드 실패(사유: None) / 카테고리 성공 / 원산지 실패(사유: KR - South Korea)
29504220,SORBET ISLAND,Woman,Accessories,Bijoux,Grecia,원가 없음 또는 0원
29504220,SORBET ISLAND,Woman,Accessories,Bijoux,Grecia,원가 없음 또는 0원
29504220,SORBET ISLAND,Woman,Accessories,Bijoux,Grecia,원가 없음 또는 0원
29504220,SORBET ISLAND,Woman,Accessories,Bijoux,Grecia,원가 없음 또는 0원
29504220,SORBET ISLAND,Woman,Accessories,Bijoux,Grecia,원가 없음 또는 0원
29504220,SORBET ISLAND,Woman,Accessories,Bijoux,Grecia,원가 없음 또는 0원
29925064,SORBET ISLAND,Woman,Clothing,Sea clothing,Europa,원가 없음 또는 0원
29925064,SORBET ISLAND,Woman,Clothing,Sea clothing,Europa,원가 없음 또는 0원
29925064,SORBET ISLAND,Woman,Clothing,Sea clothing,Europa,원가 없음 또는 0원
29925064,SORBET ISLAND,Woman,Clothing,Sea clothing,Europa,원가 없음 또는 0원
29925064,SORBET ISLAND,Woman,Clothing,Sea clothing,Europa,원가 없음 또는 0원
29925064,SORBET ISLAND,Woman,Clothing,Sea clothing,Europa,원가 없음 또는 0원
30030342,VANESSA BARONI,Woman,Accessories,Bijoux,ITALIA,원가 없음 또는 0원
30030342,VANESSA BARONI,Woman,Accessories,Bijoux,ITALIA,원가 없음 또는 0원
30030342,VANESSA BARONI,Woman,Accessories,Bijoux,ITALIA,원가 없음 또는 0원
30030342,VANESSA BARONI,Woman,Accessories,Bijoux,ITALIA,원가 없음 또는 0원
30030342,VANESSA BARONI,Woman,Accessories,Bijoux,ITALIA,원가 없음 또는 0원
30030342,VANESSA BARONI,Woman,Accessories,Bijoux,ITALIA,원가 없음 또는 0원
30030352,VANESSA BARONI,Woman,Accessories,Bijoux,ITALIA,원가 없음 또는 0원
30030352,VANESSA BARONI,Woman,Accessories,Bijoux,ITALIA,원가 없음 또는 0원
30030352,VANESSA BARONI,Woman,Accessories,Bijoux,ITALIA,원가 없음 또는 0원
30030352,VANESSA BARONI,Woman,Accessories,Bijoux,ITALIA,원가 없음 또는 0원
30030352,VANESSA BARONI,Woman,Accessories,Bijoux,ITALIA,원가 없음 또는 0원
30030352,VANESSA BARONI,Woman,Accessories,Bijoux,ITALIA,원가 없음 또는 0원
30313928,MC2 Saint Barth,Man,Clothing,T-shirts and Polos,Portogallo,원가 없음 또는 0원
30313928,MC2 Saint Barth,Man,Clothing,T-shirts and Polos,Portogallo,원가 없음 또는 0원
30313928,MC2 Saint Barth,Man,Clothing,T-shirts and Polos,Portogallo,원가 없음 또는 0원
30313928,MC2 Saint Barth,Man,Clothing,T-shirts and Polos,Portogallo,원가 없음 또는 0원
30313928,MC2 Saint Barth,Man,Clothing,T-shirts and Polos,Portogallo,원가 없음 또는 0원
30313928,MC2 Saint Barth,Man,Clothing,T-shirts and Polos,Portogallo,원가 없음 또는 0원
29493215,TOOCO,Woman,Clothing,Sweaters,,브랜드 실패(사유: TOOCO) / 카테고리 성공 / 원산지 성공
29493215,TOOCO,Woman,Clothing,Sweaters,,브랜드 실패(사유: TOOCO) / 카테고리 성공 / 원산지 성공
29493215,TOOCO,Woman,Clothing,Sweaters,,브랜드 실패(사유: TOOCO) / 카테고리 성공 / 원산지 성공
29493215,TOOCO,Woman,Clothing,Sweaters,,브랜드 실패(사유: TOOCO) / 카테고리 성공 / 원산지 성공
29493338,,Man,Shoes,Flat shoes,ITALY,브랜드 실패(사유: None) / 카테고리 성공 / 원산지 성공
29493338,,Man,Shoes,Flat shoes,ITALY,브랜드 실패(사유: None) / 카테고리 성공 / 원산지 성공
29493338,,Man,Shoes,Flat shoes,ITALY,브랜드 실패(사유: None) / 카테고리 성공 / 원산지 성공
29493338,,Man,Shoes,Flat shoes,ITALY,브랜드 실패(사유: None) / 카테고리 성공 / 원산지 성공
29493338,,Man,Shoes,Flat shoes,ITALY,브랜드 실패(사유: None) / 카테고리 성공 / 원산지 성공
29493338,,Man,Shoes,Flat shoes,ITALY,브랜드 실패(사유: None) / 카테고리 성공 / 원산지 성공
29493749,,Woman,Shoes,Flat shoes,ITALY,브랜드 실패(사유: None) / 카테고리 성공 / 원산지 성공
29493749,,Woman,Shoes,Flat shoes,ITALY,브랜드 실패(사유: None) / 카테고리 성공 / 원산지 성공
29493749,,Woman,Shoes,Flat shoes,ITALY,브랜드 실패(사유: None) / 카테고리 성공 / 원산지 성공
29493749,,Woman,Shoes,Flat shoes,ITALY,브랜드 실패(사유: None) / 카테고리 성공 / 원산지 성공
29493749,,Woman,Shoes,Flat shoes,ITALY,브랜드 실패(사유: None) / 카테고리 성공 / 원산지 성공
29493749,,Woman,Shoes,Flat shoes,ITALY,브랜드 실패(사유: None) / 카테고리 성공 / 원산지 성공
26884144,,Unisex,Homeware,Living,Italia,브랜드 실패(사유: None) / 카테고리 성공 / 원산지 성공
26884144,,Unisex,Homeware,Living,Italia,브랜드 실패(사유: None) / 카테고리 성공 / 원산지 성공
26884144,,Unisex,Homeware,Living,Italia,브랜드 실패(사유: None) / 카테고리 성공 / 원산지 성공
26884144,,Unisex,Homeware,Living,Italia,브랜드 실패(사유: None) / 카테고리 성공 / 원산지 성공
26884144,,Unisex,Homeware,Living,Italia,브랜드 실패(사유: None) / 카테고리 성공 / 원산지 성공
26884144,,Unisex,Homeware,Living,Italia,브랜드 실패(사유: None) / 카테고리 성공 / 원산지 성공
124390,PLAIN,Women,Clothing,Outerwear,Italy,재고 없음
137721,PLAIN,Women,Clothing,Blazers,,재고 없음
147403,STUART WEITZMAN,Women,Shoes,Ballerinas,Spain,재고 없음
147510,THOM BROWNE,Men,Clothing,Tshirts and polo shirts,,재고 없음
147883,EMPORIO ARMANI,Men,Clothing,Tshirts and polo shirts,Vietnam,재고 없음
148026,GOLDEN GOOSE KIDS,Baby girl,Shoes,Sneakers,Italy,원가 없음 또는 0원
148029,GOLDEN GOOSE KIDS,Baby boy,Shoes,Sneakers,Italy,원가 없음 또는 0원
148247,AGOLDE,Women,Clothing,Jeans,Turkey,재고 없음
148505,PT TORINO,Men,Clothing,Jeans,Italy,재고 없음
148890,COPERNI,Women,Bags,Hand bags,,재고 없음
148893,COPERNI,Women,Bags,Crossbody Bags,Italy,재고 없음
150165,SAVETTE,Women,Bags,Shoulder bags,,재고 없음
150246,DUNST,Women,Clothing,Outerwear,China,재고 없음
149543,44 LABEL GROUP,Men,Clothing,Sweatshirts,Italy,재고 없음
150468,VEJA,Unisex,Shoes,Sneakers,,재고 없음
150662,STELLA MCCARTNEY,Women,Bags,Crossbody Bags,Italy,재고 없음
150887,A.P.C.,Men,Clothing,Shirts and blouses,Egypt,재고 없음
150953,A.P.C.,Women,Bags,Shoulder bags,Marocco,재고 없음
150968,AMI PARIS,Women,Clothing,Outerwear,,재고 없음
151238,SELF-PORTRAIT,Women,Clothing,Jeans,,재고 없음
151293,SEA NYC,Women,Clothing,Tops,India,브랜드 실패(사유: SEA NYC) / 카테고리 성공 / 원산지 성공
151482,AXEL ARIGATO,Women,Shoes,Sneakers,Portugal,재고 없음
151553,THE ANDAMANE,Women,Clothing,Trousers,,재고 없음
151893,LONGCHAMP,Women,Bags,Shoulder bags,China,재고 없음
151881,LONGCHAMP,Women,Bags,Shoulder bags,France,재고 없음
151957,MARC JACOBS,Women,Bags,Hand bags,Vietnam,재고 없음
151948,MARC JACOBS,Women,Shoes,Ballerinas,China,재고 없음
152456,MSGM,Women,Clothing,Shorts and Bermuda shorts,Italy,재고 없음
153199,CASABLANCA,Men,Clothing,Underwear,Italy,재고 없음
153298,LOW BRAND,Men,Clothing,Trousers,Italy,재고 없음
153500,FEDERICA TOSI,Women,Clothing,Tops,Italy,재고 없음
153498,FEDERICA TOSI,Women,Clothing,Shirts and blouses,Italy,재고 없음
153499,FEDERICA TOSI,Women,Clothing,Tops,Italy,재고 없음
153510,FEDERICA TOSI,Women,Clothing,Long Dresses,Italy,재고 없음
153514,FEDERICA TOSI,Women,Clothing,Long Dresses,Italy,재고 없음
154022,ALBERTA FERRETTI,Women,Clothing,Shirts and blouses,Italy,재고 없음
154026,ALBERTA FERRETTI,Women,Shoes,Heels,Italy,재고 없음
154055,ALBERTA FERRETTI,Women,Clothing,Trousers,,재고 없음
154059,ALBERTA FERRETTI,Women,Clothing,Shirts and blouses,,재고 없음
154129,EMPORIO ARMANI,Men,Clothing,Tshirts and polo shirts,,재고 없음
154217,CHARO RUIZ,Women,Clothing,Dresses,Portugal,재고 없음
154327,NIMO WITH LOVE,Women,Clothing,Shirts and blouses,,재고 없음
154565,OFF-WHITE,Men,Clothing,Shorts and Bermuda shorts,,재고 없음
154663,SAVETTE,Women,Bags,Shoulder bags,Italy,재고 없음
154940,TAGLIATORE,Men,Clothing,Blazers,Italy,재고 없음
155249,FERRAGAMO,Women,Bags,Crossbody Bags,Italy,재고 없음
155566,AG JEANS,Women,Clothing,Shirts and blouses,Turkey,재고 없음
155590,HAIKURE,Women,Clothing,Shirts and blouses,,재고 없음
155619,HAIKURE,Women,Clothing,Jeans,Italy,재고 없음
155670,JIL SANDER,Women,Clothing,Tshirts and polo shirts,Portugal,재고 없음
155882,MAISON KITSUNÉ,Men,Clothing,Tshirts and polo shirts,Portugal,재고 없음
156258,GIVENCHY KIDS,Baby boy,Bags,Backpacks and Belt bags,China,원가 없음 또는 0원
156262,GIVENCHY KIDS,Baby boy,Clothing,Tshirts and polo shirts,Tunisia,원가 없음 또는 0원
156319,GIVENCHY KIDS,Baby boy,Clothing,Tshirts and polo shirts,Tunisia,원가 없음 또는 0원
156900,CASADEI,Women,Bags,Tote bags,Italy,재고 없음
157661,MAISON MARGIELA,Women,Clothing,Tshirts and polo shirts,,재고 없음
157572,TOD'S,Women,Bags,Hand bags,Italy,재고 없음
157749,STONE ISLAND KIDS,Baby boy,Clothing,Tshirts and polo shirts,Turkey,원가 없음 또는 0원
157758,STONE ISLAND KIDS,Baby boy,Clothing,Tshirts and polo shirts,Tunisia,원가 없음 또는 0원
157776,STONE ISLAND KIDS,Baby boy,Clothing,Sweatshirts,Romania,원가 없음 또는 0원
157798,STONE ISLAND KIDS,Baby boy,Accessories,Hats and Gloves,China,원가 없음 또는 0원
157799,STONE ISLAND KIDS,Baby boy,Clothing,Sweatshirts,Romania,원가 없음 또는 0원
157819,POM D'API KIDS,Baby girl,Shoes,Flat Shoes,Tunisia,재고 없음
158225,THEORY,Women,Clothing,Shirts and blouses,,재고 없음
158078,MSGM,Women,Clothing,Skirts,Italy,재고 없음
158516,SEMICOUTURE,Women,Clothing,Trousers,Italy,재고 없음
158513,SEMICOUTURE,Women,Clothing,Blazers,Italy,재고 없음
158567,SEMICOUTURE,Women,Clothing,Shorts and Bermuda shorts,Italy,재고 없음
158582,ELEVENTY,Men,Clothing,Trousers,,재고 없음
158746,TAGLIATORE,Women,Clothing,Blazers,Italy,재고 없음
158745,TAGLIATORE,Women,Clothing,Blazers,Italy,재고 없음
158811,ANTONELLI,Women,Clothing,Long Dresses,Italy,재고 없음
158818,ANTONELLI,Women,Clothing,Tops,Italy,재고 없음
158843,ANTONELLI,Women,Accessories,Scarfs and foulards,Italy,재고 없음
158907,THEORY,Men,Clothing,Jersey,Peru,재고 없음
158902,THEORY,Men,Clothing,Tshirts and polo shirts,,재고 없음
159023,BA&SH,Women,Clothing,Dresses,China,브랜드 실패(사유: BA&SH) / 카테고리 성공 / 원산지 성공
160041,TAGLIATORE,Men,Clothing,Blazers,Italy,재고 없음
160541,AMI PARIS,Men,Clothing,Tshirts and polo shirts,Italy,재고 없음
163490,JACQUEMUS,Women,Jewelry,Bracelet,,재고 없음
162500,VENUJA,Women,Clothing,Skirts,85% Polyamide 15% Elastane,재고 없음
164234,LONGCHAMP,Women,Bags,Hand bags,Tunisia,재고 없음
165278,DOLCE E GABBANA,Men,Accessories,Papillon and ties,,재고 없음
165643,POLO RALPH LAUREN,Men,Clothing,Jeans,,재고 없음
166204,AUTRY,Men,Shoes,Sneakers,,재고 없음
166450,JIMMY CHOO,Women,Bags,Hand bags,,재고 없음
166728,GANNI,Women,Clothing,Tshirts and polo shirts,Portugal,재고 없음
169288,JW ANDERSON,Men,Clothing,Tshirts and polo shirts,,재고 없음
147402,STUART WEITZMAN,Women,Shoes,Heels,Spain,재고 없음
141692,AUTRY,Women,Shoes,Sneakers,Indonesia ,재고 없음
148063,AQUAZZURA,Women,Shoes,Ballerinas,,재고 없음
148028,GOLDEN GOOSE KIDS,Baby girl,Shoes,Sneakers,Italy,원가 없음 또는 0원
148066,AQUAZZURA,Women,Shoes,Ballerinas,,재고 없음
149761,FARM RIO,Women,Clothing,Long Dresses,Turkey,재고 없음
150238,PURPLE BRAND,Men,Clothing,Trousers,,재고 없음
150470,VEJA,Unisex,Shoes,Sneakers,,재고 없음
151252,SELF-PORTRAIT,Women,Clothing,Blazers,,재고 없음
151292,SEA NYC,Women,Clothing,Shirts and blouses,India,브랜드 실패(사유: SEA NYC) / 카테고리 성공 / 원산지 성공
151526,DOLCE E GABBANA,Men,Shoes,Sneakers,Italy,재고 없음
151833,LONGCHAMP,Women,Bags,Hand bags,Vietnam,재고 없음
151963,MARC JACOBS,Women,Bags,Hand bags,Vietnam,재고 없음
152492,BURBERRY,Men,Bags,Crossbody Bags,Romania,재고 없음
153156,BURBERRY,Women,Bags,Hand bags,Italy,재고 없음
153274,REPRESENT,Men,Accessories,Scarfs and foulards,Portugal,재고 없음
153490,FEDERICA TOSI,Women,Clothing,Blazers,Italy,재고 없음
153492,FEDERICA TOSI,Women,Clothing,Shirts and blouses,Italy,재고 없음
153572,HERNO,Women,Clothing,Sweatshirts,Moldavia,재고 없음
153736,SOLACE LONDON,Women,Clothing,Long Dresses,,재고 없음
154031,ALBERTA FERRETTI,Women,Clothing,Trousers,,재고 없음
154028,ALBERTA FERRETTI,Women,Clothing,Trousers,,재고 없음
154021,ALBERTA FERRETTI,Women,Clothing,Blazers,,재고 없음
154096,TORY BURCH,Women,Jewelry,Bracelet,,재고 없음
154766,P.A.R.O.S.H.,Women,Clothing,Long Dresses,China,재고 없음
154932,LA DOUBLEJ,Women,Clothing,Long Dresses,Italy,재고 없음
155091,DIESEL,Men,Clothing,Tops,Bulgaria,재고 없음
155375,TAGLIATORE,Men,Clothing,Blazers,Italy,재고 없음
155141,HUNZA G,Women,Clothing,Beachwear,Morocco,재고 없음
155492,AG JEANS,Women,Clothing,Jeans,Turkey,재고 없음
155503,PT TORINO,Men,Clothing,Shirts and blouses,,재고 없음
155518,HAIKURE,Women,Clothing,Dresses,Italy,재고 없음
155651,MARC JACOBS,Women,Bags,Hand bags,Vietnam,재고 없음
155642,SOLACE LONDON,Women,Clothing,Long Dresses,,재고 없음
155898,BURBERRY,Women,Bags,Hand bags,Italy,재고 없음
156276,CHLOÉ KIDS,Baby girl,Clothing,Tshirts and polo shirts,Tunisia,원가 없음 또는 0원
156283,GIVENCHY KIDS,Baby boy,Clothing,Tshirts and polo shirts,Tunisia,원가 없음 또는 0원
156285,GIVENCHY KIDS,Baby boy,Clothing,Tshirts and polo shirts,Tunisia,원가 없음 또는 0원
156299,GIVENCHY KIDS,Baby girl,Clothing,Shorts and Bermuda shorts,Tunisia,원가 없음 또는 0원
156302,GIVENCHY KIDS,Baby boy,Clothing,Tshirts and polo shirts,Tunisia,원가 없음 또는 0원
156329,PHILOSOPHY di LORENZO SERAFINI,Women,Clothing,Tshirts and polo shirts,,재고 없음
157155,BURBERRY,Women,Clothing,Outerwear,Thailand,재고 없음
157761,STONE ISLAND KIDS,Baby boy,Clothing,Trousers,Tunisia,원가 없음 또는 0원
157793,STONE ISLAND KIDS,Baby boy,Clothing,Jersey,Italy,원가 없음 또는 0원
157801,STONE ISLAND KIDS,Baby boy,Clothing,Sweatshirts,Tunisia,원가 없음 또는 0원
157808,STONE ISLAND KIDS,Baby boy,Clothing,Shorts and Bermuda shorts,Tunisia,원가 없음 또는 0원
158217,THEORY,Women,Clothing,Blazers,,재고 없음
158231,THEORY,Women,Clothing,Dresses,,재고 없음
158514,SEMICOUTURE,Women,Clothing,Trousers,Italy,재고 없음
158433,AGOLDE,Men,Clothing,Jeans,,재고 없음
158735,POLO RALPH LAUREN,Men,Clothing,Shirts and blouses,China,재고 없음
158785,GANNI,Women,Clothing,Shorts and Bermuda shorts,India,재고 없음
159035,BA&SH,Women,Clothing,Dresses,China,브랜드 실패(사유: BA&SH) / 카테고리 성공 / 원산지 성공
159037,BA&SH,Women,Clothing,Skirts,China,재고 없음
159734,THE ATTICO,Women,Bags,Shoulder bags,,재고 없음
160048,TAGLIATORE,Men,Clothing,Blazers,Italy,재고 없음
160047,TAGLIATORE,Men,Clothing,Tshirts and polo shirts,,재고 없음
161721,SOSUE,Women,Clothing,Shirts and blouses,,재고 없음
163511,JACQUEMUS,Women,Accessories,Leather Products,,재고 없음
163050,SEAFARER,Women,Clothing,Trousers,Italy,재고 없음
166710,JIMMY CHOO,Women,Bags,Clutches and pochettes,,재고 없음
166736,JIMMY CHOO,Women,Bags,Hand bags,,재고 없음
166789,JIMMY CHOO,Women,Shoes,Ballerinas,,재고 없음
166799,JIMMY CHOO,Women,Shoes,Heels,,재고 없음
167051,PLAIN,Women,Clothing,Skirts,,재고 없음
134599,THE ANDAMANE,Women,Clothing,Trousers,Italy,재고 없음
147405,STUART WEITZMAN,Women,Shoes,Heels,Spain,재고 없음
148027,GOLDEN GOOSE KIDS,Unisex bab,Shoes,Sneakers,Italy,재고 없음
148452,ISABEL MARANT,Women,Shoes,Ankle boots,Italy,재고 없음
148770,JIL SANDER,Women,Bags,Shoulder bags,Italy,재고 없음
148778,MARC JACOBS,Women,Bags,Hand bags,Vietnam,재고 없음
149580,KENZO,Men,Clothing,Outerwear,Tunisia,재고 없음
150096,THE NORTH FACE,Men,Clothing,Tshirts and polo shirts,Bangladesh,재고 없음
150324,MARINE SERRE,Men,Clothing,Jersey,,재고 없음
150469,VEJA,Unisex,Shoes,Sneakers,,재고 없음
150638,TALLER MARMO,Women,Clothing,Long Dresses,Italy,재고 없음
151294,SEA NYC,Women,Clothing,Dresses,India,브랜드 실패(사유: SEA NYC) / 카테고리 성공 / 원산지 성공
151494,VEJA,Unisex,Shoes,Sneakers,,재고 없음
152457,MSGM,Men,Clothing,Tshirts and polo shirts,Italy,재고 없음
152460,MSGM,Men,Clothing,Outerwear,,재고 없음
151954,MARC JACOBS,Women,Bags,Crossbody Bags,Vietnam,재고 없음
152471,MSGM,Women,Clothing,Dresses,Italy,재고 없음
152472,MSGM,Men,Clothing,Tshirts and polo shirts,Italy,재고 없음
152540,BURBERRY,Men,Clothing,Tshirts and polo shirts,Portugal,재고 없음
153150,DUNST,Women,Clothing,Outerwear,China,재고 없음
153151,DUNST,Women,Clothing,Shirts and blouses,Vietnam,재고 없음
153491,FEDERICA TOSI,Women,Clothing,Dresses,Italy,재고 없음
153497,FEDERICA TOSI,Women,Clothing,Jumpsuits,Italy,재고 없음
154212,CHARO RUIZ,Women,Clothing,Long Dresses,Portugal,재고 없음
154295,GIANLUCA CAPANNOLO,Women,Jewelry,Necklaces,Italy,재고 없음
154676,SIMKHAI,Women,Clothing,Tops,China,재고 없음
155248,FERRAGAMO,Women,Shoes,Ballerinas,Italy,재고 없음
155274,AG JEANS,Women,Clothing,Tshirts and polo shirts,Turkey,재고 없음
155369,AG JEANS,Women,Clothing,Jeans,Turkey,재고 없음
155895,BURBERRY,Women,Bags,Hand bags,Italy,재고 없음
156267,CHLOÉ KIDS,Baby girl,Clothing,Jersey,Tunisia,원가 없음 또는 0원
156370,VENUJA,Women,Clothing,Beachwear,China,재고 없음
157175,STONE ISLAND,Men,Accessories,Hats and Gloves,China,재고 없음
157755,STONE ISLAND KIDS,Baby boy,Clothing,Tshirts and polo shirts,Tunisia,원가 없음 또는 0원
157789,STONE ISLAND KIDS,Baby boy,Bags,Backpacks and Belt bags,Indonesia,원가 없음 또는 0원
157779,STONE ISLAND KIDS,Baby boy,Clothing,Beachwear,Indonesia,원가 없음 또는 0원
157870,POLO RALPH LAUREN KIDS,Baby boy,Clothing,Beachwear,CAMBOGIA,재고 없음
158219,THEORY,Women,Clothing,Skirts,,재고 없음
158230,THEORY,Women,Clothing,Shirts and blouses,,재고 없음
158424,BOTTEGA VENETA,Women,Bags,Hand bags,,재고 없음
158382,FERRAGAMO,Men,Shoes,Loafers,Italy,재고 없음
158510,SEMICOUTURE,Women,Clothing,Tops,Italy,재고 없음
158531,SEMICOUTURE,Women,Clothing,Long Dresses,Italy,재고 없음
158561,SEMICOUTURE,Women,Clothing,Trousers,Italy,재고 없음
158432,AGOLDE,Men,Clothing,Jeans,,재고 없음
158574,SEMICOUTURE,Women,Clothing,Trousers,Italy,재고 없음
158583,TAGLIATORE,Men,Clothing,Suits,,재고 없음
158752,TAGLIATORE,Women,Clothing,Blazers,Italy,재고 없음
158748,TAGLIATORE,Women,Clothing,Blazers,Italy,재고 없음
158826,ANTONELLI,Women,Jewelry,Necklaces,Italy,재고 없음
158837,ANTONELLI,Women,Jewelry,Necklaces,Italy,재고 없음
158890,THEORY,Men,Clothing,Outerwear,,재고 없음
159042,BA&SH,Women,Clothing,Blazers,,브랜드 실패(사유: BA&SH) / 카테고리 성공 / 원산지 성공
159556,THE ATTICO,Women,Shoes,Boots,,재고 없음
159866,SEAFARER,Women,Clothing,Shirts and blouses,,재고 없음
160533,AMI PARIS,Men,Clothing,Tshirts and polo shirts,Italy,재고 없음
160092,'S MAXMARA,Women,Clothing,Outerwear,,재고 없음
162510,VENUJA,Women,Clothing,Trousers,88% Polyamide 12% Elastane,재고 없음
162523,VENUJA,Women,Clothing,Skirts,88% Polyamide 12% Elastane,재고 없음
162666,PUMA,Unisex,Shoes,Sneakers,,재고 없음
163084,SELF-PORTRAIT,Women,Clothing,Dresses,China,재고 없음
165959,EMPORIO ARMANI KIDS,Baby boy,Clothing,Tshirts and polo shirts,,재고 없음
165648,POLO RALPH LAUREN,Men,Clothing,Tshirts and polo shirts,,재고 없음
166196,AUTRY,Men,Shoes,Sneakers,,재고 없음
166535,JIMMY CHOO,Women,Bags,Clutches and pochettes,,재고 없음
147940,VICTORIA BECKHAM,Women,Clothing,Blazers,Italy,재고 없음
170342,TOD'S,Women,Bags,Hand bags,,재고 없음
121275,AUTRY,Men,Shoes,Sneakers,Indonesia,재고 없음
131074,MAGDA BUTRYM,Women,Jewelry,Earrings,Poland,재고 없음
140891,CASABLANCA,Men,Clothing,Underwear,Italy,재고 없음
148775,MARC JACOBS,Women,Bags,Hand bags,Vietnam,재고 없음
149606,KENZO,Men,Clothing,Tshirts and polo shirts,Portugal,재고 없음
150319,MARINE SERRE,Women,Clothing,Long Dresses,Portugal,재고 없음
150334,MARINE SERRE,Women,Clothing,Long Dresses,Turkey,재고 없음
150164,SAVETTE,Women,Bags,Crossbody Bags,,재고 없음
150390,TELA,Women,Clothing,Shirts and blouses,Italy,재고 없음
151228,SELF-PORTRAIT,Women,Clothing,Tops,,재고 없음
151558,THE ANDAMANE,Women,Clothing,Shirts and blouses,,재고 없음
151875,LONGCHAMP,Women,Bags,Shoulder bags,France,재고 없음
152341,JACQUEMUS,Men,Clothing,Sweatshirts,Portugal,재고 없음
152450,MSGM,Men,Clothing,Tshirts and polo shirts,,재고 없음
152464,MSGM,Men,Clothing,Tshirts and polo shirts,Italy,재고 없음
153504,FEDERICA TOSI,Women,Clothing,Jeans,Italy,재고 없음
153093,VERSACE,Women,Clothing,Dresses,,재고 없음
AB02X202505X001,ERES,D,AB,BEACHWEAR,MADE IN BULGARIA,재고 없음
AB02X202505X001,ERES,D,AB,BEACHWEAR,MADE IN BULGARIA,재고 없음
153949,AQUAZZURA,Women,Shoes,Heels,Italy,재고 없음
154019,ALBERTA FERRETTI,Women,Clothing,Blazers,,재고 없음
154042,ALBERTA FERRETTI,Women,Clothing,Trousers,,재고 없음
154106,TORY BURCH,Women,Bags,Crossbody Bags,China,재고 없음
154297,GIANLUCA CAPANNOLO,Women,Clothing,Dresses,Italy,재고 없음
154365,TALLER MARMO,Women,Clothing,Long Dresses,Italy,재고 없음
154677,SIMKHAI,Women,Clothing,Long Dresses,United States,재고 없음
154759,P.A.R.O.S.H.,Women,Clothing,Shirts and blouses,Italy,재고 없음
155317,MARC JACOBS,Women,Accessories,Leather Products,Vietnam,재고 없음
155320,AG JEANS,Women,Clothing,Tshirts and polo shirts,Turkey,재고 없음
155407,SEA NYC KIDS,Baby girl,Clothing,Dresses,India,브랜드 실패(사유: SEA NYC KIDS) / 카테고리 성공 / 원산지 성공
155855,JEFFREY CAMPBELL,Women,Shoes,Heels,Italy,재고 없음
156251,GIVENCHY KIDS,Baby boy,Clothing,Tshirts and polo shirts,Tunisia,재고 없음
156254,MARC JACOBS KIDS,Baby girl,Clothing,Skirts,China,원가 없음 또는 0원
156341,PHILOSOPHY di LORENZO SERAFINI,Women,Clothing,Dresses,,재고 없음
157769,STONE ISLAND KIDS,Baby boy,Clothing,Trousers,Romania,원가 없음 또는 0원
157790,STONE ISLAND KIDS,Baby boy,Clothing,Jersey,Italy,원가 없음 또는 0원
157792,STONE ISLAND KIDS,Baby boy,Clothing,Sweatshirts,Romania,원가 없음 또는 0원
157804,STONE ISLAND KIDS,Baby boy,Clothing,Sweatshirts,Romania,원가 없음 또는 0원
158077,MSGM,Women,Clothing,Shirts and blouses,,재고 없음
158228,THEORY,Women,Clothing,Trousers,Vietnam,재고 없음
158521,SEMICOUTURE,Women,Shoes,Flat Shoes,Italy,재고 없음
158534,SEMICOUTURE,Women,Clothing,Tops,Italy,재고 없음
158605,MC2 SAINT BARTH KIDS,Unisex bab,Clothing,Beachwear,,재고 없음
158628,MC2 SAINT BARTH KIDS,Baby girl,Clothing,Beachwear,,재고 없음
158754,TAGLIATORE,Women,Clothing,Suits,Italy,재고 없음
158819,ANTONELLI,Women,Clothing,Trousers,Italy,재고 없음
158751,TAGLIATORE,Women,Clothing,Blazers,Italy,재고 없음
158805,ANTONELLI,Women,Clothing,Trousers,Italy,재고 없음
158840,ANTONELLI,Women,Clothing,Jersey,Italy,재고 없음
158864,STONE ISLAND KIDS,Baby boy,Clothing,Tshirts and polo shirts,Tunisia,재고 없음
31713648,,Unisex,Shoes,Sneakers,,브랜드 실패(사유: None) / 카테고리 성공 / 원산지 성공
31713648,,Unisex,Shoes,Sneakers,,브랜드 실패(사유: None) / 카테고리 성공 / 원산지 성공
31713648,,Unisex,Shoes,Sneakers,,브랜드 실패(사유: None) / 카테고리 성공 / 원산지 성공
31713648,,Unisex,Shoes,Sneakers,,브랜드 실패(사유: None) / 카테고리 성공 / 원산지 성공
31713648,,Unisex,Shoes,Sneakers,,브랜드 실패(사유: None) / 카테고리 성공 / 원산지 성공
31713648,,Unisex,Shoes,Sneakers,,브랜드 실패(사유: None) / 카테고리 성공 / 원산지 성공
159828,MAX MARA,Women,Clothing,Outerwear,Italy,재고 없음
160042,TAGLIATORE,Men,Clothing,Suits,,재고 없음
160586,BURBERRY,Women,Clothing,Shirts and blouses,Romania,재고 없음
160968,ALBERTA FERRETTI,Women,Clothing,Skirts,,재고 없음
160966,ALBERTA FERRETTI,Women,Clothing,Shirts and blouses,Italy,재고 없음
161265,JACQUEMUS,Men,Accessories,Hats and Gloves,,재고 없음
162505,VENUJA,Women,Clothing,Beachwear,5% Polyamide 15% Elastane,재고 없음
162869,STELLA MCCARTNEY,Women,Bags,Tote bags,Madagascar,재고 없음
166646,JIMMY CHOO,Women,Bags,Clutches and pochettes,,재고 없음
166871,FORTE_FORTE,Women,Clothing,Tops,,재고 없음
167135,STONE ISLAND KIDS,Baby boy,Clothing,Tshirts and polo shirts,,재고 없음
134601,THE ANDAMANE,Women,Clothing,Shorts and Bermuda shorts,Italy,재고 없음
147400,STUART WEITZMAN,Women,Shoes,Heels,Spain,재고 없음
147437,OSÉREE,Women,Clothing,Beachwear,,재고 없음
147499,THOM BROWNE,Men,Clothing,Tshirts and polo shirts,Italy,재고 없음
148035,GOLDEN GOOSE KIDS,Baby girl,Shoes,Sneakers,Italy,원가 없음 또는 0원
147941,VICTORIA BECKHAM,Women,Clothing,Long Dresses,Italy,재고 없음
148038,GOLDEN GOOSE KIDS,Baby girl,Clothing,Sweatshirts,Italy,재고 없음
149466,JACQUEMUS,Men,Bags,Crossbody Bags,Italy,재고 없음
149540,44 LABEL GROUP,Men,Clothing,Shorts and Bermuda shorts,Portogallo,재고 없음
150474,VEJA,Unisex,Shoes,Sneakers,,재고 없음
150241,MARGESHERWOOD,Women,Bags,Shoulder bags,South Korea,브랜드 실패(사유: MARGESHERWOOD) / 카테고리 성공 / 원산지 성공
150478,VEJA,Unisex,Shoes,Sneakers,,재고 없음
151068,ALBERTA FERRETTI,Women,Clothing,Long Dresses,Italy,재고 없음
151422,VEJA,Unisex,Shoes,Sneakers,,재고 없음
151657,SAVE THE DUCK,Women,Clothing,Outerwear,China,재고 없음
152463,MSGM,Women,Clothing,Tshirts and polo shirts,Italy,재고 없음
152470,MSGM,Men,Clothing,Tshirts and polo shirts,Italy,재고 없음
151831,LONGCHAMP,Women,Bags,Hand bags,Tunisia,재고 없음
153296,LOW BRAND,Men,Clothing,Shirts and blouses,Albania,재고 없음
153505,FEDERICA TOSI,Women,Clothing,Skirts,Italy,재고 없음
153495,FEDERICA TOSI,Women,Clothing,Dresses,Italy,재고 없음
153513,FEDERICA TOSI,Women,Clothing,Tops,Italy,재고 없음
153777,MINI RODINI KIDS,Baby girl,Clothing,Tshirts and polo shirts,India,재고 없음
154038,ALBERTA FERRETTI,Women,Bags,Clutches and pochettes,Italy,재고 없음
154052,ALBERTA FERRETTI,Women,Clothing,Shirts and blouses,,재고 없음
154053,ALBERTA FERRETTI,Women,Clothing,Blazers,,재고 없음
154581,OFF-WHITE,Men,Clothing,Sweatshirts,,재고 없음
154664,ROHE,Women,Clothing,Trousers,China,재고 없음
155137,THE ANDAMANE,Women,Clothing,Dresses,Italy,재고 없음
155263,SEA NYC KIDS,Baby girl,Clothing,Dresses,India,브랜드 실패(사유: SEA NYC KIDS) / 카테고리 성공 / 원산지 성공
155323,AG JEANS,Women,Clothing,Jeans,Turkey,재고 없음
155439,MARC JACOBS,Women,Bags,Hand bags,Vietnam,재고 없음
155565,HAIKURE,Women,Clothing,Shirts and blouses,Italy,재고 없음
155556,TAGLIATORE,Men,Clothing,Outerwear,Italy,재고 없음
155854,JEFFREY CAMPBELL,Women,Shoes,Ballerinas,,재고 없음
156269,GIVENCHY KIDS,Baby boy,Clothing,Trousers,Tunisia,원가 없음 또는 0원
156314,GIVENCHY KIDS,Baby boy,Clothing,Tshirts and polo shirts,Tunisia,재고 없음
157054,VERSACE,Women,Bags,Tote bags,Italy,재고 없음
157723,FORTE_FORTE,Women,Jewelry,Necklaces,Italy,재고 없음
157745,STONE ISLAND KIDS,Baby boy,Clothing,Tshirts and polo shirts,Tunisia,원가 없음 또는 0원
157797,STONE ISLAND KIDS,Baby boy,Clothing,Sweatshirts,Moldavia,원가 없음 또는 0원
157810,STONE ISLAND KIDS,Baby boy,Clothing,Down jackets,Vietnam,원가 없음 또는 0원
158080,MSGM,Women,Clothing,Shirts and blouses,Italy,재고 없음
158229,THEORY,Women,Clothing,Jersey,,재고 없음
158234,THEORY,Women,Clothing,Shirts and blouses,,재고 없음
158520,SEMICOUTURE,Women,Clothing,Long Dresses,Italy,재고 없음
158529,SEMICOUTURE,Women,Clothing,Tshirts and polo shirts,Italy,재고 없음
158532,SEMICOUTURE,Women,Clothing,Shirts and blouses,Italy,재고 없음
158535,SEMICOUTURE,Women,Clothing,Shirts and blouses,Italy,재고 없음
158540,SEMICOUTURE,Women,Clothing,Shirts and blouses,Italy,재고 없음
158543,SEMICOUTURE,Women,Clothing,Skirts,Italy,재고 없음
158551,SEMICOUTURE,Women,Clothing,Blazers,Italy,재고 없음
158571,SEMICOUTURE,Women,Clothing,Long Dresses,Italy,재고 없음
158625,MC2 SAINT BARTH KIDS,Unisex bab,Clothing,Tshirts and polo shirts,Portugal,재고 없음
158817,ANTONELLI,Women,Clothing,Blazers,Italy,재고 없음
158821,ANTONELLI,Women,Clothing,Tops,Italy,재고 없음
158836,ANTONELLI,Women,Clothing,Skirts,Italy,재고 없음
158841,ANTONELLI,Women,Clothing,Tops,Italy,재고 없음
159026,BA&SH,Women,Clothing,Shirts and blouses,China,브랜드 실패(사유: BA&SH) / 카테고리 성공 / 원산지 성공
160091,'S MAXMARA,Women,Clothing,Trousers,,재고 없음
163486,JACQUEMUS,Women,Jewelry,Earrings,,재고 없음
163520,JACQUEMUS,Women,Accessories,Hats and Gloves,,재고 없음
162519,VENUJA,Women,Clothing,Dresses,88% Polyamide 12% Elastane,재고 없음
163372,SALOMON,Unisex,Shoes,Sneakers,Vietnam,재고 없음
164326,FEDERICA TOSI,Women,Clothing,Beachwear,,재고 없음
165665,VERSACE,Women,Clothing,Underwear,,재고 없음
165628,BA&SH,Women,Clothing,Shirts and blouses,Italy,재고 없음
165958,AGOLDE,Women,Clothing,Jeans,,재고 없음
166197,AUTRY,Men,Shoes,Sneakers,,재고 없음
166651,JIMMY CHOO,Women,Shoes,Heels,,재고 없음
166757,JIMMY CHOO,Women,Shoes,Heels,,재고 없음
166982,ELEVENTY,Men,Clothing,Trousers,,재고 없음
141853,MICHAEL MICHAEL KORS,Women,Bags,Crossbody Bags,,재고 없음
148061,AQUAZZURA,Women,Shoes,Heels,,재고 없음
149524,AXEL ARIGATO,Women,Shoes,Sneakers,Portugal,재고 없음
149557,KENZO,Men,Clothing,Tshirts and polo shirts,Portugal,재고 없음
150068,TIMBERLAND,Men,Shoes,Ankle boots,Bangladesh,브랜드 실패(사유: TIMBERLAND) / 카테고리 성공 / 원산지 성공
150407,TELA,Women,Clothing,Tops,,재고 없음
26881848,,Unisex,Homeware,Living,Italia,브랜드 실패(사유: None) / 카테고리 성공 / 원산지 성공
26881848,,Unisex,Homeware,Living,Italia,브랜드 실패(사유: None) / 카테고리 성공 / 원산지 성공
26881848,,Unisex,Homeware,Living,Italia,브랜드 실패(사유: None) / 카테고리 성공 / 원산지 성공
26881848,,Unisex,Homeware,Living,Italia,브랜드 실패(사유: None) / 카테고리 성공 / 원산지 성공
26881848,,Unisex,Homeware,Living,Italia,브랜드 실패(사유: None) / 카테고리 성공 / 원산지 성공
26881848,,Unisex,Homeware,Living,Italia,브랜드 실패(사유: None) / 카테고리 성공 / 원산지 성공
150901,A.P.C.,Men,Clothing,Jeans,Egypt,재고 없음
151485,AXEL ARIGATO,Men,Shoes,Sneakers,Portugal,재고 없음
151544,AXEL ARIGATO,Men,Shoes,Sneakers,Portugal,재고 없음
152451,MSGM,Women,Clothing,Skirts,Italy,재고 없음
152465,MSGM,Men,Clothing,Trousers,,재고 없음
152466,MSGM,Women,Clothing,Tshirts and polo shirts,Italy,재고 없음
152474,MSGM,Men,Clothing,Shirts and blouses,,재고 없음
153084,VERSACE,Women,Bags,Tote bags,Italy,재고 없음
153501,FEDERICA TOSI,Women,Clothing,Shirts and blouses,Italy,재고 없음
154030,ALBERTA FERRETTI,Women,Clothing,Shirts and blouses,Italy,재고 없음
154071,SALOMON,Unisex,Shoes,Sneakers,Vietnam,재고 없음
154047,ALBERTA FERRETTI,Women,Clothing,Dresses,,재고 없음
154112,TORY BURCH,Women,Bags,Tote bags,India,재고 없음
154367,TALLER MARMO,Women,Clothing,Dresses,Italy,재고 없음
154299,GIANLUCA CAPANNOLO,Women,Clothing,Trousers,Italy,재고 없음
154661,JACQUEMUS,Women,Clothing,Dresses,France,재고 없음
154591,OFF-WHITE,Men,Shoes,Sneakers,China,재고 없음
154673,SIMKHAI,Women,Clothing,Long Dresses,United States,재고 없음
155138,THE ANDAMANE,Women,Clothing,Tops,Italy,재고 없음
155421,HAIKURE,Women,Clothing,Dresses,Italy,재고 없음
155252,FERRAGAMO,Women,Shoes,Heels,Italy,재고 없음
155645,TAGLIATORE,Men,Clothing,Suits,Italy,재고 없음
155495,AG JEANS,Women,Clothing,Tops,Turkey,재고 없음
155523,AG JEANS,Women,Clothing,Tops,Turkey,재고 없음
156067,A.P.C.,Men,Accessories,Leather Products,Morocco,재고 없음
156272,GIVENCHY KIDS,Baby boy,Clothing,Tshirts and polo shirts,Tunisia,원가 없음 또는 0원
156260,GIVENCHY KIDS,Baby boy,Clothing,Shorts and Bermuda shorts,Tunisia,원가 없음 또는 0원
156270,CHLOÉ KIDS,Baby girl,Clothing,Sweatshirts,Tunisia,원가 없음 또는 0원
156274,MARC JACOBS KIDS,Baby girl,Clothing,Dresses,China,원가 없음 또는 0원
156275,GIVENCHY KIDS,Baby boy,Shoes,Sneakers,Portugal,원가 없음 또는 0원
156280,CHLOÉ KIDS,Baby girl,Clothing,Dresses,China,원가 없음 또는 0원
156305,MARC JACOBS KIDS,Baby boy,Clothing,Tshirts and polo shirts,India,원가 없음 또는 0원
156318,GIVENCHY KIDS,Baby boy,Accessories,Hats and Gloves,Italy,원가 없음 또는 0원
156901,FARM RIO,Women,Clothing,Dresses,,재고 없음
157072,SAINT LAURENT,Women,Accessories,Sunglasses,Italy,재고 없음
157390,FERRAGAMO,Women,Bags,Crossbody Bags,Italy,재고 없음
157726,FORTE_FORTE,Women,Clothing,Tops,Italy,재고 없음
157671,MAISON MARGIELA,Women,Shoes,Ankle boots,Italy,재고 없음
157762,STONE ISLAND KIDS,Baby boy,Clothing,Tshirts and polo shirts,Tunisia,원가 없음 또는 0원
157771,STONE ISLAND KIDS,Baby boy,Clothing,Trousers,Romania,원가 없음 또는 0원
157952,MAX MARA,Women,Clothing,Outerwear,Italy,재고 없음
157777,STONE ISLAND KIDS,Baby boy,Clothing,Shorts and Bermuda shorts,Tunisia,원가 없음 또는 0원
157990,FEAR OF GOD,Men,Clothing,Shirts and blouses,Romania,재고 없음
158075,MSGM,Women,Clothing,Tops,,재고 없음
158028,MAISON MARGIELA,Women,Shoes,Ankle boots,Italy,재고 없음
158515,SEMICOUTURE,Women,Clothing,Long Dresses,Italy,재고 없음
158524,SEMICOUTURE,Women,Clothing,Shirts and blouses,Italy,재고 없음
158546,SEMICOUTURE,Women,Clothing,Long Dresses,Italy,재고 없음
158636,MC2 SAINT BARTH KIDS,Baby girl,Clothing,Tshirts and polo shirts,,재고 없음
158644,MC2 SAINT BARTH KIDS,Baby girl,Clothing,Beachwear,,재고 없음
158657,MC2 SAINT BARTH KIDS,Unisex bab,Clothing,Tshirts and polo shirts,Portugal,재고 없음
158753,TAGLIATORE,Women,Clothing,Blazers,Italy,재고 없음
158802,STUART WEITZMAN,Women,Shoes,Ballerinas,Spain,재고 없음
158810,ANTONELLI,Women,Clothing,Shirts and blouses,Italy,재고 없음
158820,ANTONELLI,Women,Accessories,Scarfs and foulards,Italy,재고 없음
158831,ANTONELLI,Women,Clothing,Trousers,Italy,재고 없음
158833,ANTONELLI,Women,Clothing,Tops,Italy,재고 없음
158842,ANTONELLI,Women,Clothing,Trousers,Italy,재고 없음
158908,THEORY,Men,Clothing,Outerwear,,재고 없음
158906,THEORY,Men,Clothing,Outerwear,,재고 없음
159062,AMIRI,Women,Shoes,Sneakers,Vietnam,재고 없음
159579,THE ATTICO,Women,Bags,Shoulder bags,,재고 없음
159837,SEAFARER,Women,Clothing,Shirts and blouses,,재고 없음
159642,THE ATTICO,Women,Shoes,Boots,,재고 없음
160929,ALBERTA FERRETTI,Women,Clothing,Trousers,,재고 없음
161237,JACQUEMUS,Women,Bags,Shoulder bags,,재고 없음
161258,JACQUEMUS,Men,Accessories,Hats and Gloves,,재고 없음
161737,STELLA MCCARTNEY,Women,Bags,Shoulder bags,Madagascar,재고 없음
163496,JACQUEMUS,Women,Accessories,Hats and Gloves,,재고 없음
165291,JACQUEMUS,Women,Bags,Shoulder bags,,재고 없음
165936,EMPORIO ARMANI KIDS,Baby boy,Clothing,Tshirts and polo shirts,,재고 없음
166202,AUTRY,Men,Shoes,Sneakers,,재고 없음
166210,AUTRY,Men,Shoes,Sneakers,,재고 없음
166073,SEMICOUTURE,Women,Clothing,Trousers,,재고 없음
166876,FORTE_FORTE,Women,Clothing,Tops,,재고 없음
167001,ELEVENTY,Men,Clothing,Jersey,,재고 없음
167150,SPORTMAX,Women,Clothing,Outerwear,,재고 없음
169541,HUNZA G,Women,Clothing,Beachwear,Morocco,재고 없음
147674,DOLCE E GABBANA,Men,Clothing,Shirts and blouses,Italy,재고 없음
148048,GOLDEN GOOSE KIDS,Baby boy,Shoes,Sneakers,Italy,원가 없음 또는 0원
148060,AQUAZZURA,Women,Shoes,Heels,,재고 없음
148380,EMPORIO ARMANI KIDS,Baby girl,Clothing,Dresses,Tukey,재고 없음
148574,DOLCE E GABBANA,Women,Clothing,Shorts and Bermuda shorts,Italy,재고 없음
148704,PLAIN,Women,Clothing,Skirts,,재고 없음
149530,KENZO,Women,Clothing,Trousers,Madagascar,재고 없음
149586,KENZO,Men,Clothing,Sweatshirts,Portugal,재고 없음
150071,TIMBERLAND,Men,Shoes,Loafers,,재고 없음
150476,VEJA,Unisex,Shoes,Sneakers,,재고 없음
151045,FERRAGAMO,Women,Shoes,Flat Shoes,Italy,재고 없음
151239,SELF-PORTRAIT,Women,Clothing,Dresses,,재고 없음
151115,THEORY,Men,Clothing,Tshirts and polo shirts,,재고 없음
151291,SEA NYC,Women,Clothing,Jeans,China,브랜드 실패(사유: SEA NYC) / 카테고리 성공 / 원산지 성공
151551,THE ANDAMANE,Women,Clothing,Trousers,,재고 없음
151288,SEA NYC,Women,Clothing,Long Dresses,India,브랜드 실패(사유: SEA NYC) / 카테고리 성공 / 원산지 성공
152360,JACQUEMUS,Men,Clothing,Sweatshirts,Portugal,재고 없음
151950,MARC JACOBS,Women,Bags,Hand bags,Vietnam,재고 없음
152454,MSGM,Women,Clothing,Shirts and blouses,Italy,재고 없음
152443,MSGM,Women,Clothing,Long Dresses,Italy,재고 없음
152927,MAISON MARGIELA,Women,Bags,Tote bags,Italy,재고 없음
153094,VERSACE,Women,Clothing,Beachwear,,재고 없음
153136,A.P.C.,Women,Bags,Tote bags,China,재고 없음
153494,FEDERICA TOSI,Women,Clothing,Tops,Italy,재고 없음
153496,FEDERICA TOSI,Women,Clothing,Shorts and Bermuda shorts,Italy,재고 없음
153502,FEDERICA TOSI,Women,Clothing,Long Dresses,Italy,재고 없음
153503,FEDERICA TOSI,Women,Clothing,Outerwear,Italy,재고 없음
153508,FEDERICA TOSI,Women,Clothing,Trousers,Italy,재고 없음
153509,FEDERICA TOSI,Women,Clothing,Trousers,Italy,재고 없음
154024,ALBERTA FERRETTI,Women,Clothing,Trousers,,재고 없음
154517,MONNALISA KIDS,Baby girl,Clothing,Tshirts and polo shirts,Italy,원가 없음 또는 0원
155004,MARC JACOBS,Women,Bags,Hand bags,Vietnam,재고 없음
155362,AG JEANS,Women,Clothing,Jeans,Turkey,재고 없음
155522,TAGLIATORE,Men,Clothing,Suits,Italy,재고 없음
155852,JEFFREY CAMPBELL,Women,Shoes,Heels,,재고 없음
673b4274649f9c1ebb0e040d,MCM,MAN,UOMO,ABBIGLIAMENTO,"MADE IN KOREA, SOUTH","브랜드 성공 / 카테고리 성공 / 원산지 실패(사유: MADE IN KOREA, SOUTH)"
673b4274649f9c1ebb0e040d,MCM,MAN,UOMO,ABBIGLIAMENTO,"MADE IN KOREA, SOUTH","브랜드 성공 / 카테고리 성공 / 원산지 실패(사유: MADE IN KOREA, SOUTH)"
673b4274649f9c1ebb0e040d,MCM,MAN,UOMO,ABBIGLIAMENTO,"MADE IN KOREA, SOUTH","브랜드 성공 / 카테고리 성공 / 원산지 실패(사유: MADE IN KOREA, SOUTH)"
673b4274649f9c1ebb0e040d,MCM,MAN,UOMO,ABBIGLIAMENTO,"MADE IN KOREA, SOUTH","브랜드 성공 / 카테고리 성공 / 원산지 실패(사유: MADE IN KOREA, SOUTH)"
673b4274649f9c1ebb0e040d,MCM,MAN,UOMO,ABBIGLIAMENTO,"MADE IN KOREA, SOUTH","브랜드 성공 / 카테고리 성공 / 원산지 실패(사유: MADE IN KOREA, SOUTH)"
673b4274649f9c1ebb0e040d,MCM,MAN,UOMO,ABBIGLIAMENTO,"MADE IN KOREA, SOUTH","브랜드 성공 / 카테고리 성공 / 원산지 실패(사유: MADE IN KOREA, SOUTH)"
156256,MARC JACOBS KIDS,Baby girl,Clothing,Tshirts and polo shirts,China,원가 없음 또는 0원
156287,MARC JACOBS KIDS,Baby girl,Shoes,Ballerinas,India,원가 없음 또는 0원
156291,CHLOÉ KIDS,Baby girl,Clothing,Shirts and blouses,Tunisia,원가 없음 또는 0원
156310,GIVENCHY KIDS,Baby boy,Clothing,Shorts and Bermuda shorts,Tunisia,원가 없음 또는 0원
156316,CHLOÉ KIDS,Baby girl,Clothing,Tops,China,원가 없음 또는 0원
157757,STONE ISLAND KIDS,Baby boy,Clothing,Tshirts and polo shirts,Tunisia,원가 없음 또는 0원
157538,DSQUARED2,Men,Accessories,Leather Products,Italy,재고 없음
157658,MAISON MARGIELA,Women,Bags,Hand bags,Italy,재고 없음
157782,STONE ISLAND KIDS,Baby boy,Clothing,Sweatshirts,Tunisia,원가 없음 또는 0원
157794,STONE ISLAND KIDS,Baby boy,Clothing,Outerwear,China,원가 없음 또는 0원
158036,ETRO,Women,Clothing,Long Dresses,Italy,재고 없음
158073,MSGM,Women,Clothing,Skirts,,재고 없음
158076,MSGM,Women,Clothing,Shirts and blouses,,재고 없음
158233,THEORY,Women,Clothing,Trousers,,재고 없음
158227,THEORY,Women,Clothing,Jersey,,재고 없음
158517,SEMICOUTURE,Women,Clothing,Shirts and blouses,Italy,재고 없음
158509,SEMICOUTURE,Women,Clothing,Tops,Italy,재고 없음
158522,SEMICOUTURE,Women,Clothing,Tops,Italy,재고 없음
158632,MC2 SAINT BARTH KIDS,Baby boy,Clothing,Beachwear,,재고 없음
158537,SEMICOUTURE,Women,Clothing,Dresses,Italy,재고 없음
158544,SEMICOUTURE,Women,Clothing,Shirts and blouses,Italy,재고 없음
158730,POLO RALPH LAUREN,Men,Clothing,Shirts and blouses,China,재고 없음
158739,POLO RALPH LAUREN,Men,Clothing,Shirts and blouses,China,재고 없음
158813,ANTONELLI,Women,Clothing,Tops,Italy,재고 없음
158839,ANTONELLI,Women,Clothing,Shirts and blouses,Italy,재고 없음
158903,THEORY,Men,Clothing,Tshirts and polo shirts,,재고 없음
158743,TAGLIATORE,Women,Clothing,Suits,Italy,재고 없음
160039,TAGLIATORE,Men,Clothing,Tshirts and polo shirts,Italy,재고 없음
161211,JACQUEMUS,Men,Accessories,Hats and Gloves,,재고 없음
162503,VENUJA,Women,Clothing,Tops,100% Polyamide,재고 없음
163047,SEAFARER,Women,Clothing,Blazers,Italy,재고 없음
163048,SEAFARER,Women,Clothing,Blazers,,재고 없음
163049,SEAFARER,Women,Clothing,Trousers,,재고 없음
165133,C.P. COMPANY,Men,Clothing,Tshirts and polo shirts,China,재고 없음
165769,HAIKURE,Women,Clothing,Jeans,,재고 없음
165289,JACQUEMUS,Women,Bags,Shoulder bags,,재고 없음
166441,JIMMY CHOO,Women,Shoes,Ballerinas,,재고 없음
166601,GANNI,Women,Clothing,Tshirts and polo shirts,Portugal,재고 없음
166875,FORTE_FORTE,Women,Clothing,Long Dresses,,재고 없음
142758,VERSACE,Women,Clothing,Trousers,Italy,재고 없음
147945,VICTORIA BECKHAM,Women,Clothing,Jeans,Italy,재고 없음
149541,KENZO,Women,Clothing,Tshirts and polo shirts,Portugal,재고 없음
150243,DUNST,Women,Clothing,Blazers,Vietnam,재고 없음
149533,KENZO,Women,Clothing,Outerwear,China,재고 없음
150473,VEJA,Unisex,Shoes,Sneakers,,재고 없음
150918,A.P.C.,Men,Clothing,Outerwear,Egypt,재고 없음
151174,RABANNE,Women,Bags,Hand bags,,재고 없음
151241,SELF-PORTRAIT,Women,Clothing,Dresses,,재고 없음
151262,SELF-PORTRAIT,Women,Bags,Hand bags,,재고 없음
151550,THE ANDAMANE,Women,Clothing,Blazers,,재고 없음
152455,MSGM,Men,Clothing,Tshirts and polo shirts,Italy,재고 없음
152473,MSGM,Women,Clothing,Shorts and Bermuda shorts,Italy,재고 없음
152446,MSGM,Women,Clothing,Shorts and Bermuda shorts,Italy,재고 없음
151853,LONGCHAMP,Women,Bags,Hand bags,Tunisia,재고 없음
151961,MARC JACOBS,Women,Bags,Hand bags,Vietnam,재고 없음
152781,BURBERRY,Women,Clothing,Outerwear,Italy,재고 없음
153507,FEDERICA TOSI,Women,Clothing,Long Dresses,Italy,재고 없음
153152,DUNST,Women,Clothing,Jersey,Korea,재고 없음
153165,BURBERRY,Women,Bags,Hand bags,Italy,재고 없음
153189,CASADEI,Women,Shoes,Sneakers,Italy,재고 없음
153667,SIMKHAI,Women,Clothing,Long Dresses,China,재고 없음
153735,SOLACE LONDON,Women,Clothing,Long Dresses,,재고 없음
154023,ALBERTA FERRETTI,Women,Clothing,Trousers,,재고 없음
154033,ALBERTA FERRETTI,Women,Clothing,Long Dresses,Italy,재고 없음
154298,GIANLUCA CAPANNOLO,Women,Clothing,Long Dresses,Italy,재고 없음
154301,GIANLUCA CAPANNOLO,Women,Clothing,Tops,Italy,재고 없음
154586,OFF-WHITE,Men,Clothing,Sweatshirts,,재고 없음
155017,COPERNI,Women,Bags,Crossbody Bags,Italy,재고 없음
155135,THE ANDAMANE,Women,Clothing,Tops,Italy,재고 없음
155136,THE ANDAMANE,Women,Clothing,Trousers,Italy,재고 없음
155425,MICHAEL MICHAEL KORS,Women,Clothing,Trousers,,재고 없음
155621,LARDINI,Men,Clothing,Tshirts and polo shirts,Italy,재고 없음
31296419,Courreges,Woman,Clothing,Jackets,"Slovacca, Repubblica","브랜드 성공 / 카테고리 성공 / 원산지 실패(사유: Slovacca, Repubblica)"
31296419,Courreges,Woman,Clothing,Jackets,"Slovacca, Repubblica","브랜드 성공 / 카테고리 성공 / 원산지 실패(사유: Slovacca, Repubblica)"
31296419,Courreges,Woman,Clothing,Jackets,"Slovacca, Repubblica","브랜드 성공 / 카테고리 성공 / 원산지 실패(사유: Slovacca, Repubblica)"
31296419,Courreges,Woman,Clothing,Jackets,"Slovacca, Repubblica","브랜드 성공 / 카테고리 성공 / 원산지 실패(사유: Slovacca, Repubblica)"
31296419,Courreges,Woman,Clothing,Jackets,"Slovacca, Repubblica","브랜드 성공 / 카테고리 성공 / 원산지 실패(사유: Slovacca, Repubblica)"
31296419,Courreges,Woman,Clothing,Jackets,"Slovacca, Repubblica","브랜드 성공 / 카테고리 성공 / 원산지 실패(사유: Slovacca, Repubblica)"
156346,PHILOSOPHY di LORENZO SERAFINI,Women,Clothing,Tshirts and polo shirts,,재고 없음
156252,CHLOÉ KIDS,Baby girl,Clothing,Trousers,Tunisia,원가 없음 또는 0원
156298,GIVENCHY KIDS,Baby boy,Clothing,Tshirts and polo shirts,Tunisia,원가 없음 또는 0원
156303,CHLOÉ KIDS,Baby girl,Clothing,Tshirts and polo shirts,Tunisia,원가 없음 또는 0원
156308,MARC JACOBS KIDS,Baby boy,Clothing,Tshirts and polo shirts,India,원가 없음 또는 0원
156409,MOSCHINO KIDS,Baby girl,Clothing,Tshirts and polo shirts,China,재고 없음
157752,STONE ISLAND KIDS,Baby boy,Clothing,Tshirts and polo shirts,Tunisia,원가 없음 또는 0원
157775,STONE ISLAND KIDS,Baby boy,Clothing,Sweatshirts,Romania,원가 없음 또는 0원
157791,STONE ISLAND KIDS,Baby boy,Clothing,Sweatshirts,Tunisia,원가 없음 또는 0원
157795,STONE ISLAND KIDS,Baby boy,Clothing,Sweatshirts,Italy,원가 없음 또는 0원
157796,STONE ISLAND KIDS,Baby boy,Clothing,Sweatshirts,Romania,원가 없음 또는 0원
158017,FEAR OF GOD,Men,Clothing,Tshirts and polo shirts,Portugal,재고 없음
158220,THEORY,Women,Clothing,Trousers,,재고 없음
158113,RICK OWENS,Women,Shoes,Flat Shoes,Italy,재고 없음
158512,SEMICOUTURE,Women,Clothing,Shirts and blouses,Italy,재고 없음
158523,SEMICOUTURE,Women,Clothing,Trousers,Italy,재고 없음
158541,SEMICOUTURE,Women,Clothing,Long Dresses,Italy,재고 없음
158557,SEMICOUTURE,Women,Clothing,Trousers,Italy,재고 없음
158560,SEMICOUTURE,Women,Clothing,Jersey,China,재고 없음
158801,GANNI,Women,Accessories,Leather Products,China,재고 없음
158814,ANTONELLI,Women,Clothing,Long Dresses,Italy,재고 없음
158834,ANTONELLI,Women,Clothing,Long Dresses,Italy,재고 없음
158827,ANTONELLI,Women,Clothing,Shorts and Bermuda shorts,Italy,재고 없음
158835,ANTONELLI,Women,Clothing,Shirts and blouses,Italy,재고 없음
158804,ANTONELLI,Women,Clothing,Shirts and blouses,Italy,재고 없음
160044,TAGLIATORE,Men,Clothing,Suits,,재고 없음
158977,PT TORINO,Women,Clothing,Trousers,Romania,재고 없음
160534,AMI PARIS,Men,Clothing,Outerwear,,재고 없음
160940,ALBERTA FERRETTI,Women,Clothing,Tops,Italy,재고 없음
160952,ALBERTA FERRETTI,Women,Clothing,Tops,Italy,재고 없음
160979,FEDERICA TOSI,Women,Clothing,Dresses,,재고 없음
160100,'S MAXMARA,Women,Clothing,Outerwear,,재고 없음
163108,SELF-PORTRAIT,Women,Clothing,Dresses,China,재고 없음
163365,SALOMON,Unisex,Shoes,Sneakers,Italy,재고 없음
162661,PUMA,Unisex,Shoes,Sneakers,Cambodia,재고 없음
165957,IL GUFO KIDS,Baby boy,Clothing,Blazers,,재고 없음
166074,SEMICOUTURE,Women,Clothing,Trousers,,재고 없음
166647,JIMMY CHOO,Women,Shoes,Heels,,재고 없음
166874,FORTE_FORTE,Women,Clothing,Long Dresses,,재고 없음
166882,DSQUARED2,Men,Shoes,Sneakers,,재고 없음
122521,DOLCE E GABBANA,Men,Accessories,Leather Products,Italy,재고 없음
166931,ELEVENTY,Men,Clothing,Blazers,,재고 없음
150681,SOEUR,Women,Shoes,Flat Shoes,,재고 없음
154324,NIMO WITH LOVE,Women,Clothing,Shirts and blouses,,재고 없음
155363,MARC JACOBS,Women,Bags,Hand bags,Vietnam,재고 없음
155488,AG JEANS,Women,Clothing,Tops,Turkey,재고 없음
156705,MONCLER,Women,Shoes,Sneakers,Vietnam,재고 없음
157455,NEMA,Women,Clothing,Dresses,Greece,재고 없음
160977,JACQUEMUS,Women,Clothing,Long Dresses,Portugal,재고 없음
162558,VERSACE,Men,Clothing,Shirts and blouses,,재고 없음
164318,FEDERICA TOSI,Women,Clothing,Beachwear,,재고 없음
164647,GUCCI,Women,Shoes,Sneakers,Italy,재고 없음
149534,44 LABEL GROUP,Men,Clothing,Tshirts and polo shirts,,재고 없음
149522,AXEL ARIGATO,Women,Shoes,Sneakers,Portugal,재고 없음
149590,DRÔLE DE MONSIEUR,Men,Clothing,Tshirts and polo shirts,Portugal,재고 없음
150545,CHLOÉ,Women,Shoes,Flat Shoes,Vietnam,재고 없음
151090,BLAZE MILANO,Women,Clothing,Blazers,Italy,재고 없음
151231,SELF-PORTRAIT,Women,Clothing,Dresses,,재고 없음
151962,MARC JACOBS,Women,Bags,Hand bags,Vietnam,재고 없음
154214,CHARO RUIZ,Women,Clothing,Shirts and blouses,Portugal,재고 없음
154897,THE ROW,Women,Clothing,Tshirts and polo shirts,Italy,재고 없음
155455,MARC JACOBS,Women,Bags,Shoulder bags,Vietnam,재고 없음
156119,A.EMERY,Women,Shoes,Flat Shoes,India,재고 없음
26881536,,Woman,Clothing,Dresses,KR - South Korea,브랜드 실패(사유: None) / 카테고리 성공 / 원산지 실패(사유: KR - South Korea)
26881536,,Woman,Clothing,Dresses,KR - South Korea,브랜드 실패(사유: None) / 카테고리 성공 / 원산지 실패(사유: KR - South Korea)
26881536,,Woman,Clothing,Dresses,KR - South Korea,브랜드 실패(사유: None) / 카테고리 성공 / 원산지 성공
26881536,,Woman,Clothing,Dresses,KR - South Korea,브랜드 실패(사유: None) / 카테고리 성공 / 원산지 성공
26881536,,Woman,Clothing,Dresses,KR - South Korea,브랜드 실패(사유: None) / 카테고리 성공 / 원산지 실패(사유: KR - South Korea)
26881536,,Woman,Clothing,Dresses,KR - South Korea,브랜드 실패(사유: None) / 카테고리 성공 / 원산지 실패(사유: KR - South Korea)
26881793,Haikure,Woman,Clothing,T-shirts and Polos,I,브랜드 성공 / 카테고리 성공 / 원산지 실패(사유: I)
26881793,Haikure,Woman,Clothing,T-shirts and Polos,I,브랜드 성공 / 카테고리 성공 / 원산지 실패(사유: I)
26881793,Haikure,Woman,Clothing,T-shirts and Polos,I,브랜드 성공 / 카테고리 성공 / 원산지 실패(사유: I)
26881793,Haikure,Woman,Clothing,T-shirts and Polos,I,브랜드 성공 / 카테고리 성공 / 원산지 실패(사유: I)
26881793,Haikure,Woman,Clothing,T-shirts and Polos,I,브랜드 성공 / 카테고리 성공 / 원산지 실패(사유: I)
26881793,Haikure,Woman,Clothing,T-shirts and Polos,I,브랜드 성공 / 카테고리 성공 / 원산지 실패(사유: I)
157577,MONCLER,Men,Shoes,Flat Shoes,,재고 없음
157581,MONCLER,Men,Shoes,Flat Shoes,,재고 없음
158393,GUCCI,Men,Accessories,Scarfs and foulards,,재고 없음
158630,MC2 SAINT BARTH KIDS,Baby girl,Clothing,Dresses,Bulgaria,재고 없음
159393,GUCCI,Men,Bags,Clutches and pochettes,Italy,재고 없음
159425,BOTTEGA VENETA,Women,Bags,Hand bags,Italy,재고 없음
26885850,,Woman,Clothing,Top,KR - South Korea,브랜드 실패(사유: None) / 카테고리 성공 / 원산지 실패(사유: KR - South Korea)
26885850,,Woman,Clothing,Top,KR - South Korea,브랜드 실패(사유: None) / 카테고리 성공 / 원산지 실패(사유: KR - South Korea)
26885850,,Woman,Clothing,Top,KR - South Korea,브랜드 실패(사유: None) / 카테고리 성공 / 원산지 성공
26885850,,Woman,Clothing,Top,KR - South Korea,브랜드 실패(사유: None) / 카테고리 성공 / 원산지 성공
26885850,,Woman,Clothing,Top,KR - South Korea,브랜드 실패(사유: None) / 카테고리 성공 / 원산지 실패(사유: KR - South Korea)
26885850,,Woman,Clothing,Top,KR - South Korea,브랜드 실패(사유: None) / 카테고리 성공 / 원산지 실패(사유: KR - South Korea)
164228,LONGCHAMP,Women,Bags,Shoulder bags,Romania,재고 없음
164638,GUCCI,Women,Bags,Crossbody Bags,,재고 없음
160018,NORMA KAMALI,Women,Clothing,Jumpsuits,,재고 없음
147503,THOM BROWNE,Men,Clothing,Shorts and Bermuda shorts,Italy,재고 없음
26887600,TOTEME,Woman,Clothing,Jeans,ITALY,원가 없음 또는 0원
26887600,TOTEME,Woman,Clothing,Jeans,ITALY,원가 없음 또는 0원
26887600,TOTEME,Woman,Clothing,Jeans,ITALY,원가 없음 또는 0원
26887600,TOTEME,Woman,Clothing,Jeans,ITALY,원가 없음 또는 0원
26887600,TOTEME,Woman,Clothing,Jeans,ITALY,원가 없음 또는 0원
26887600,TOTEME,Woman,Clothing,Jeans,ITALY,원가 없음 또는 0원
149832,THE ROW,Women,Clothing,Shirts and blouses,Japan,재고 없음
150070,TIMBERLAND,Men,Shoes,Loafers,,재고 없음
149849,THE ROW,Women,Clothing,Tops,,재고 없음
151973,GUCCI,Men,Clothing,Shorts and Bermuda shorts,Italy,재고 없음
153483,ANJUNA,Women,Clothing,Long Dresses,,재고 없음
153511,FEDERICA TOSI,Women,Clothing,Long Dresses,Italy,재고 없음
27140083,,Unisex,Clothing,Sweaters,,브랜드 실패(사유: None) / 카테고리 성공 / 원산지 성공
27140083,,Unisex,Clothing,Sweaters,,브랜드 실패(사유: None) / 카테고리 성공 / 원산지 성공
27140083,,Unisex,Clothing,Sweaters,,브랜드 실패(사유: None) / 카테고리 성공 / 원산지 성공
27140083,,Unisex,Clothing,Sweaters,,브랜드 실패(사유: None) / 카테고리 성공 / 원산지 성공
27140083,,Unisex,Clothing,Sweaters,,브랜드 실패(사유: None) / 카테고리 성공 / 원산지 성공
27140083,,Unisex,Clothing,Sweaters,,브랜드 실패(사유: None) / 카테고리 성공 / 원산지 성공
156115,DOLCE E GABBANA,Men,Shoes,Sneakers,Italy,재고 없음
155546,MARC JACOBS,Women,Bags,Crossbody Bags,Vietnam,재고 없음
29493705,,Woman,Shoes,Flat shoes,ITALY,브랜드 실패(사유: None) / 카테고리 성공 / 원산지 성공
29493705,,Woman,Shoes,Flat shoes,ITALY,브랜드 실패(사유: None) / 카테고리 성공 / 원산지 성공
29493705,,Woman,Shoes,Flat shoes,ITALY,브랜드 실패(사유: None) / 카테고리 성공 / 원산지 성공
29493705,,Woman,Shoes,Flat shoes,ITALY,브랜드 실패(사유: None) / 카테고리 성공 / 원산지 성공
29493705,,Woman,Shoes,Flat shoes,ITALY,브랜드 실패(사유: None) / 카테고리 성공 / 원산지 성공
29493705,,Woman,Shoes,Flat shoes,ITALY,브랜드 실패(사유: None) / 카테고리 성공 / 원산지 성공
29494252,,Woman,Clothing,Dresses,BULGARIA,브랜드 실패(사유: None) / 카테고리 성공 / 원산지 성공
29494252,,Woman,Clothing,Dresses,BULGARIA,브랜드 실패(사유: None) / 카테고리 성공 / 원산지 성공
29494252,,Woman,Clothing,Dresses,BULGARIA,브랜드 실패(사유: None) / 카테고리 성공 / 원산지 성공
29494252,,Woman,Clothing,Dresses,BULGARIA,브랜드 실패(사유: None) / 카테고리 성공 / 원산지 성공
29494252,,Woman,Clothing,Dresses,BULGARIA,브랜드 실패(사유: None) / 카테고리 성공 / 원산지 성공
29494252,,Woman,Clothing,Dresses,BULGARIA,브랜드 실패(사유: None) / 카테고리 성공 / 원산지 성공
157583,MONCLER GRENOBLE,Women,Clothing,Outerwear,Romania,재고 없음
157811,POM D'API KIDS,Baby girl,Shoes,Flat Shoes,Tunisia,재고 없음
29494568,,Woman,Shoes,Flat shoes,ITALY,브랜드 실패(사유: None) / 카테고리 성공 / 원산지 성공
29494568,,Woman,Shoes,Flat shoes,ITALY,브랜드 실패(사유: None) / 카테고리 성공 / 원산지 성공
29494568,,Woman,Shoes,Flat shoes,ITALY,브랜드 실패(사유: None) / 카테고리 성공 / 원산지 성공
29494568,,Woman,Shoes,Flat shoes,ITALY,브랜드 실패(사유: None) / 카테고리 성공 / 원산지 성공
29494568,,Woman,Shoes,Flat shoes,ITALY,브랜드 실패(사유: None) / 카테고리 성공 / 원산지 성공
29494568,,Woman,Shoes,Flat shoes,ITALY,브랜드 실패(사유: None) / 카테고리 성공 / 원산지 성공
157890,GUCCI,Women,Bags,Crossbody Bags,Italy,재고 없음
158803,ANTONELLI,Women,Clothing,Shirts and blouses,Italy,재고 없음
30896411,Timberland,Man,Shoes,Flat shoes,,브랜드 실패(사유: Timberland) / 카테고리 성공 / 원산지 성공
30896411,Timberland,Man,Shoes,Flat shoes,,브랜드 실패(사유: Timberland) / 카테고리 성공 / 원산지 성공
30896411,Timberland,Man,Shoes,Flat shoes,,브랜드 실패(사유: Timberland) / 카테고리 성공 / 원산지 성공
30896411,Timberland,Man,Shoes,Flat shoes,,브랜드 실패(사유: Timberland) / 카테고리 성공 / 원산지 성공
30896453,Timberland,Man,Shoes,Flat shoes,,브랜드 실패(사유: Timberland) / 카테고리 성공 / 원산지 성공
30896453,Timberland,Man,Shoes,Flat shoes,,브랜드 실패(사유: Timberland) / 카테고리 성공 / 원산지 성공
30896453,Timberland,Man,Shoes,Flat shoes,,브랜드 실패(사유: Timberland) / 카테고리 성공 / 원산지 성공
30896453,Timberland,Man,Shoes,Flat shoes,,브랜드 실패(사유: Timberland) / 카테고리 성공 / 원산지 성공
162263,DRAGON DIFFUSION,Women,Bags,Tote bags,,재고 없음
162429,AUTRY,Men,Shoes,Sneakers,Indonesia,재고 없음
163091,TOM FORD,Men,Accessories,Papillon and ties,Italy,재고 없음
164677,GUCCI,Men,Accessories,Belts,,재고 없음
165647,POLO RALPH LAUREN,Men,Clothing,Shorts and Bermuda shorts,,재고 없음
165203,VALENTINO,Men,Clothing,Tshirts and polo shirts,,재고 없음
166218,AUTRY,Men,Shoes,Sneakers,,재고 없음
167036,DSQUARED2,Men,Clothing,Jeans,,재고 없음
147942,VICTORIA BECKHAM,Women,Clothing,Long Dresses,Italy,재고 없음
149173,DUNST,Men,Clothing,Shirts and blouses,China,재고 없음
149827,THE ROW,Women,Clothing,Trousers,Italy,재고 없음
149975,THE ROW,Women,Clothing,Tshirts and polo shirts,Italy,재고 없음
150297,SEBAGO,Men,Shoes,Loafers,,재고 없음
150479,VEJA,Unisex,Shoes,Sneakers,,재고 없음
152459,MSGM,Men,Clothing,Tshirts and polo shirts,Italy,재고 없음
152766,BURBERRY,Women,Clothing,Skirts,Great Bretain,재고 없음
153097,PUMA,Unisex,Shoes,Sneakers,Cambodia,재고 없음
153948,AQUAZZURA,Women,Shoes,Flat Shoes,Italy,재고 없음
154621,JW ANDERSON,Men,Clothing,Tshirts and polo shirts,Portgual,재고 없음
155677,MAISON KITSUNÉ,Women,Clothing,Tshirts and polo shirts,Portugal,재고 없음
AB04X822840X001,BALENCIAGA,D,AB,SHIRT,MADE IN JAPAN,재고 없음
AB04X822840X001,BALENCIAGA,D,AB,SHIRT,MADE IN JAPAN,재고 없음
AB01CEW00083003,EMPORIO ARMANI,D,AB,DRESS,MADE IN CHINA,재고 없음
AB01CEW00083003,EMPORIO ARMANI,D,AB,DRESS,MADE IN CHINA,재고 없음
AB01X25ECRO0002,RABANNE,D,AB,DRESS,MADE IN TUNISIA,재고 없음
AB01X1225WDR001,VICTORIA BECKHAM,D,AB,DRESS,MADE IN PORTUGAL,재고 없음
AB01X1225WDR001,VICTORIA BECKHAM,D,AB,DRESS,MADE IN PORTUGAL,재고 없음
AB01XFDD374X001,FENDI,D,AB,DRESS,MADE IN ITALY,재고 없음
AB01XFDD374X001,FENDI,D,AB,DRESS,MADE IN ITALY,재고 없음
AB04XRO94SHX001,BAZISZT,U,AB,SHIRT,MADE IN INDIA,재고 없음
AB04XRO94SHX001,BAZISZT,U,AB,SHIRT,MADE IN INDIA,재고 없음
AB29CEM00057002,EMPORIO ARMANI,U,AB,POLO Colore unico,MADE IN TURKEY,재고 없음
AB29CEM00057002,EMPORIO ARMANI,U,AB,POLO Colore unico,MADE IN TURKEY,재고 없음
AB23XP25SP00001,PLEASURES,U,AB,SWEATSHIRT,MADE IN CHINA,재고 없음
AB23XP25SP00001,PLEASURES,U,AB,SWEATSHIRT,MADE IN CHINA,재고 없음
156134,A.EMERY,Women,Shoes,Flat Shoes,India,재고 없음
158830,ANTONELLI,Women,Clothing,Long Dresses,Italy,재고 없음
159019,SEAFARER,Women,Clothing,Jeans,,재고 없음
159899,ETRO,Women,Bags,Clutches and pochettes,Italy                      ,재고 없음
163219,FEDERICA TOSI,Women,Jewelry,Necklaces,,재고 없음
164657,GUCCI,Men,Accessories,Belts,,재고 없음
164718,SEAFARER,Women,Clothing,Jeans,,재고 없음
164674,GUCCI,Men,Accessories,Belts,,재고 없음
31714491,Stone Island,Man,Clothing,T-shirts and Polos,Turchia,원가 없음 또는 0원
31714491,Stone Island,Man,Clothing,T-shirts and Polos,Turchia,원가 없음 또는 0원
31714491,Stone Island,Man,Clothing,T-shirts and Polos,Turchia,원가 없음 또는 0원
31714491,Stone Island,Man,Clothing,T-shirts and Polos,Turchia,원가 없음 또는 0원
166132,BOTTEGA VENETA,Women,Bags,Hand bags,,재고 없음
166199,AUTRY,Men,Shoes,Sneakers,,재고 없음
166442,LONGCHAMP,Women,Bags,Hand bags,,재고 없음
149752,FARM RIO,Women,Clothing,Dresses,India,재고 없음
149905,GUCCI,Women,Accessories,Scarfs and foulards,Italy,재고 없음
31946494,Zadig & Voltaire,Woman,Bags,Bags..,IN,브랜드 성공 / 카테고리 성공 / 원산지 실패(사유: IN)
31946494,Zadig & Voltaire,Woman,Bags,Bags..,IN,브랜드 성공 / 카테고리 성공 / 원산지 실패(사유: IN)
31946494,Zadig & Voltaire,Woman,Bags,Bags..,IN,브랜드 성공 / 카테고리 성공 / 원산지 실패(사유: IN)
31946494,Zadig & Voltaire,Woman,Bags,Bags..,IN,브랜드 성공 / 카테고리 성공 / 원산지 실패(사유: IN)
31946495,Zadig & Voltaire,Woman,Bags,Bags..,IN,브랜드 성공 / 카테고리 성공 / 원산지 실패(사유: IN)
31946495,Zadig & Voltaire,Woman,Bags,Bags..,IN,브랜드 성공 / 카테고리 성공 / 원산지 실패(사유: IN)
31946495,Zadig & Voltaire,Woman,Bags,Bags..,IN,브랜드 성공 / 카테고리 성공 / 원산지 실패(사유: IN)
31946495,Zadig & Voltaire,Woman,Bags,Bags..,IN,브랜드 성공 / 카테고리 성공 / 원산지 실패(사유: IN)
31955221,Zadig & Voltaire,Woman,Bags,Bags..,IN,브랜드 성공 / 카테고리 성공 / 원산지 실패(사유: IN)
31955221,Zadig & Voltaire,Woman,Bags,Bags..,IN,브랜드 성공 / 카테고리 성공 / 원산지 실패(사유: IN)
31955221,Zadig & Voltaire,Woman,Bags,Bags..,IN,브랜드 성공 / 카테고리 성공 / 원산지 실패(사유: IN)
31955221,Zadig & Voltaire,Woman,Bags,Bags..,IN,브랜드 성공 / 카테고리 성공 / 원산지 실패(사유: IN)
150067,TIMBERLAND,Men,Shoes,Loafers,,재고 없음
150377,TELA,Women,Clothing,Shirts and blouses,,재고 없음
150671,SOEUR,Women,Shoes,Ballerinas,Italy,재고 없음
151107,THEORY,Men,Clothing,Tshirts and polo shirts,,재고 없음
151427,VEJA,Unisex,Shoes,Sneakers,,재고 없음
151979,GUCCI,Men,Bags,Shoulder bags,Italy,재고 없음
154208,CHARO RUIZ,Women,Clothing,Dresses,Tunisia,재고 없음
155116,THE ANDAMANE,Women,Clothing,Tops,Italy,재고 없음
156322,GIVENCHY KIDS,Baby boy,Clothing,Sweatshirts,Tunisia,원가 없음 또는 0원
157584,MONCLER GRENOBLE,Men,Clothing,Outerwear,Romania,재고 없음
157787,STONE ISLAND KIDS,Baby boy,Clothing,Jersey,Italy,원가 없음 또는 0원
157706,PHOEBE PHILO,Women,Shoes,Heels,,재고 없음
160040,TAGLIATORE,Men,Clothing,Tshirts and polo shirts,,재고 없음
158598,MC2 SAINT BARTH KIDS,Baby girl,Bags,Hand bags,,재고 없음
158863,MONCLER KIDS,Baby boy,Clothing,Shorts and Bermuda shorts,Turkey,재고 없음
167071,JIL SANDER,Men,Clothing,Tshirts and polo shirts,,재고 없음
168680,EMPORIO ARMANI,Men,Clothing,Tshirts and polo shirts,Cambodia,재고 없음
148753,MARC JACOBS,Women,Bags,Hand bags,Vietnam,재고 없음
155156,TOM FORD,Men,Clothing,Beachwear,Italy,재고 없음
149898,THE ROW,Women,Shoes,Flat Shoes,Italy,재고 없음
166952,PLAIN,Women,Clothing,Outerwear,Italy,재고 없음
167153,MAXMARA STUDIO,Women,Clothing,Tshirts and polo shirts,,재고 없음
154213,CHARO RUIZ,Women,Clothing,Skirts,Portugal,재고 없음
154207,CHARO RUIZ,Women,Clothing,Long Dresses,Portugal,재고 없음
158552,SEMICOUTURE,Women,Clothing,Long Dresses,Italy,재고 없음
160037,TAGLIATORE,Men,Clothing,Blazers,Italy,재고 없음
150065,TIMBERLAND,Men,Shoes,Loafers,,재고 없음
150299,SEBAGO,Men,Shoes,Loafers,,재고 없음
151247,SELF-PORTRAIT,Women,Clothing,Skirts,,재고 없음
152503,BURBERRY,Men,Accessories,Leather Products,MOLDOVA,재고 없음
153961,STUART WEITZMAN,Women,Shoes,Ballerinas,Spain,재고 없음
153737,SOLACE LONDON,Women,Clothing,Long Dresses,,재고 없음
153738,SOLACE LONDON,Women,Clothing,Long Dresses,,재고 없음
154578,OFF-WHITE,Men,Clothing,Shirts and blouses,,재고 없음
155258,HAIKURE,Women,Clothing,Jeans,Italy,재고 없음
156956,FARM RIO,Women,Clothing,Shorts and Bermuda shorts,,재고 없음
163106,SELF-PORTRAIT,Women,Clothing,Tops,China,재고 없음
165640,MAX MARA,Women,Clothing,Outerwear,,재고 없음
166977,ELEVENTY,Men,Clothing,Jersey,,재고 없음
166067,BIRKENSTOCK KIDS,Baby boy,Shoes,Flat Shoes,,재고 없음
30313912,Hugo Boss,Man,Clothing,Trousers,Turchia,원가 없음 또는 0원
30313912,Hugo Boss,Man,Clothing,Trousers,Turchia,원가 없음 또는 0원
30313912,Hugo Boss,Man,Clothing,Trousers,Turchia,원가 없음 또는 0원
30313912,Hugo Boss,Man,Clothing,Trousers,Turchia,원가 없음 또는 0원
30313912,Hugo Boss,Man,Clothing,Trousers,Turchia,원가 없음 또는 0원
30313912,Hugo Boss,Man,Clothing,Trousers,Turchia,원가 없음 또는 0원
30313913,Casablanca,Woman,Clothing,Shorts,Portogallo,원가 없음 또는 0원
30313913,Casablanca,Woman,Clothing,Shorts,Portogallo,원가 없음 또는 0원
30313913,Casablanca,Woman,Clothing,Shorts,Portogallo,원가 없음 또는 0원
30313913,Casablanca,Woman,Clothing,Shorts,Portogallo,원가 없음 또는 0원
30313913,Casablanca,Woman,Clothing,Shorts,Portogallo,원가 없음 또는 0원
30313913,Casablanca,Woman,Clothing,Shorts,Portogallo,원가 없음 또는 0원
30313919,MC2 Saint Barth,Man,Clothing,T-shirts and Polos,Portogallo,원가 없음 또는 0원
30313919,MC2 Saint Barth,Man,Clothing,T-shirts and Polos,Portogallo,원가 없음 또는 0원
30313919,MC2 Saint Barth,Man,Clothing,T-shirts and Polos,Portogallo,원가 없음 또는 0원
30313919,MC2 Saint Barth,Man,Clothing,T-shirts and Polos,Portogallo,원가 없음 또는 0원
30313919,MC2 Saint Barth,Man,Clothing,T-shirts and Polos,Portogallo,원가 없음 또는 0원
30313919,MC2 Saint Barth,Man,Clothing,T-shirts and Polos,Portogallo,원가 없음 또는 0원
141826,GUCCI,Men,Shoes,Loafers,Italy,재고 없음
152596,FERRAGAMO,Men,Shoes,Loafers,Italy,재고 없음
154206,CHARO RUIZ,Women,Clothing,Tops,Portugal,재고 없음
155280,HAIKURE,Women,Clothing,Jeans,,재고 없음
155189,MELISSA,Women,Shoes,Flat Shoes,,재고 없음
155327,JW ANDERSON,Men,Clothing,Tshirts and polo shirts,Portugal,재고 없음
156337,PHILOSOPHY di LORENZO SERAFINI,Women,Clothing,Beachwear,,재고 없음
156442,MONCLER GRENOBLE,Men,Accessories,Hats and Gloves,,재고 없음
156958,CASADEI,Women,Shoes,Flat Shoes,,재고 없음
158654,MC2 SAINT BARTH KIDS,Baby boy,Clothing,Beachwear,China,재고 없음
158816,ANTONELLI,Women,Clothing,Tops,Italy,재고 없음
158815,ANTONELLI,Women,Clothing,Dresses,Italy,재고 없음
158984,UGG,Men,Shoes,Flat Shoes,Vietnam,재고 없음
165663,VERSACE,Men,Clothing,Beachwear,,재고 없음
165655,POLO RALPH LAUREN,Men,Clothing,Beachwear,,재고 없음
149532,44 LABEL GROUP,Men,Clothing,Tshirts and polo shirts,,재고 없음
149853,THE ROW,Women,Clothing,Tops,,재고 없음
149563,KENZO,Men,Clothing,Tshirts and polo shirts,Portugal,재고 없음
150294,SEBAGO,Women,Shoes,Loafers,,재고 없음
151909,MAX MARA,Women,Clothing,Trousers,Italy,재고 없음
152461,MSGM,Men,Clothing,Shirts and blouses,,재고 없음
29006227,,Unisex,Accessories,Accessories,,원가 없음 또는 0원
29006227,,Unisex,Accessories,Accessories,,원가 없음 또는 0원
29006227,,Unisex,Accessories,Accessories,,원가 없음 또는 0원
29006227,,Unisex,Accessories,Accessories,,원가 없음 또는 0원
29006227,,Unisex,Accessories,Accessories,,원가 없음 또는 0원
29006227,,Unisex,Accessories,Accessories,,원가 없음 또는 0원
153975,GUCCI KIDS,Baby boy,Accessories,Hats and Gloves,Italy,재고 없음
29006246,,Man,Bags,Bags..,VN,브랜드 실패(사유: None) / 카테고리 성공 / 원산지 성공
29006246,,Man,Bags,Bags..,VN,브랜드 실패(사유: None) / 카테고리 성공 / 원산지 성공
29006246,,Man,Bags,Bags..,VN,브랜드 실패(사유: None) / 카테고리 성공 / 원산지 성공
29006246,,Man,Bags,Bags..,VN,브랜드 실패(사유: None) / 카테고리 성공 / 원산지 성공
29006246,,Man,Bags,Bags..,VN,브랜드 실패(사유: None) / 카테고리 성공 / 원산지 성공
29006246,,Man,Bags,Bags..,VN,브랜드 실패(사유: None) / 카테고리 성공 / 원산지 성공
29006265,,Unisex,Accessories,Accessories,,원가 없음 또는 0원
29006265,,Unisex,Accessories,Accessories,,원가 없음 또는 0원
29006265,,Unisex,Accessories,Accessories,,원가 없음 또는 0원
29006265,,Unisex,Accessories,Accessories,,원가 없음 또는 0원
29006265,,Unisex,Accessories,Accessories,,원가 없음 또는 0원
29006265,,Unisex,Accessories,Accessories,,원가 없음 또는 0원
154155,GUCCI,Men,Accessories,Hats and Gloves,Italy,재고 없음
155139,THE ANDAMANE,Women,Clothing,Jumpsuits,Italy,재고 없음
155436,HAIKURE,Women,Clothing,Jeans,Italy,재고 없음
155533,TAGLIATORE,Men,Clothing,Suits,Italy,재고 없음
156841,CHLOÉ,Women,Shoes,Loafers,Italy,재고 없음
157730,FORTE_FORTE,Women,Clothing,Blazers,Italy,재고 없음
157750,STONE ISLAND KIDS,Baby boy,Clothing,Tshirts and polo shirts,Tunisia,원가 없음 또는 0원
158223,THEORY,Women,Clothing,Tshirts and polo shirts,,재고 없음
158235,SAINT LAURENT,Women,Clothing,Blazers,,재고 없음
158572,SEMICOUTURE,Women,Shoes,Flat Shoes,Italy,재고 없음
159036,BA&SH,Women,Clothing,Shirts and blouses,India,브랜드 실패(사유: BA&SH) / 카테고리 성공 / 원산지 성공
165268,DOLCE E GABBANA,Men,Accessories,Hats and Gloves,,재고 없음
166071,BIRKENSTOCK KIDS,Baby girl,Shoes,Flat Shoes,,재고 없음
29006346,,Man,Bags,Bags..,VN,브랜드 실패(사유: None) / 카테고리 성공 / 원산지 성공
29006346,,Man,Bags,Bags..,VN,브랜드 실패(사유: None) / 카테고리 성공 / 원산지 성공
29006346,,Man,Bags,Bags..,VN,브랜드 실패(사유: None) / 카테고리 성공 / 원산지 성공
29006346,,Man,Bags,Bags..,VN,브랜드 실패(사유: None) / 카테고리 성공 / 원산지 성공
29006346,,Man,Bags,Bags..,VN,브랜드 실패(사유: None) / 카테고리 성공 / 원산지 성공
29006346,,Man,Bags,Bags..,VN,브랜드 실패(사유: None) / 카테고리 성공 / 원산지 성공
168478,EMPORIO ARMANI,Men,Clothing,Tshirts and polo shirts,Italy,재고 없음
29006349,,Unisex,Accessories,Accessories,,원가 없음 또는 0원
29006349,,Unisex,Accessories,Accessories,,원가 없음 또는 0원
29006349,,Unisex,Accessories,Accessories,,원가 없음 또는 0원
29006349,,Unisex,Accessories,Accessories,,원가 없음 또는 0원
29006349,,Unisex,Accessories,Accessories,,원가 없음 또는 0원
29006349,,Unisex,Accessories,Accessories,,원가 없음 또는 0원
169285,JW ANDERSON,Men,Clothing,Tshirts and polo shirts,,재고 없음
156129,A.EMERY,Women,Shoes,Flat Shoes,India,재고 없음
154203,CHARO RUIZ,Women,Clothing,Dresses,Portugal,재고 없음
160043,TAGLIATORE,Men,Clothing,Tshirts and polo shirts,Italy,재고 없음
29006409,,Man,Bags,Bags..,VN,브랜드 실패(사유: None) / 카테고리 성공 / 원산지 성공
29006409,,Man,Bags,Bags..,VN,브랜드 실패(사유: None) / 카테고리 성공 / 원산지 성공
29006409,,Man,Bags,Bags..,VN,브랜드 실패(사유: None) / 카테고리 성공 / 원산지 성공
29006409,,Man,Bags,Bags..,VN,브랜드 실패(사유: None) / 카테고리 성공 / 원산지 성공
29006409,,Man,Bags,Bags..,VN,브랜드 실패(사유: None) / 카테고리 성공 / 원산지 성공
29006409,,Man,Bags,Bags..,VN,브랜드 실패(사유: None) / 카테고리 성공 / 원산지 성공
29006172,,Man,Bags,Bags..,VN,브랜드 실패(사유: None) / 카테고리 성공 / 원산지 성공
29006172,,Man,Bags,Bags..,VN,브랜드 실패(사유: None) / 카테고리 성공 / 원산지 성공
29006172,,Man,Bags,Bags..,VN,브랜드 실패(사유: None) / 카테고리 성공 / 원산지 성공
29006172,,Man,Bags,Bags..,VN,브랜드 실패(사유: None) / 카테고리 성공 / 원산지 성공
29006172,,Man,Bags,Bags..,VN,브랜드 실패(사유: None) / 카테고리 성공 / 원산지 성공
29006172,,Man,Bags,Bags..,VN,브랜드 실패(사유: None) / 카테고리 성공 / 원산지 성공
30313966,MC2 Saint Barth,Man,Clothing,Sea clothing,China,원가 없음 또는 0원
30313966,MC2 Saint Barth,Man,Clothing,Sea clothing,China,원가 없음 또는 0원
30313966,MC2 Saint Barth,Man,Clothing,Sea clothing,China,원가 없음 또는 0원
30313966,MC2 Saint Barth,Man,Clothing,Sea clothing,China,원가 없음 또는 0원
30313966,MC2 Saint Barth,Man,Clothing,Sea clothing,China,원가 없음 또는 0원
30313966,MC2 Saint Barth,Man,Clothing,Sea clothing,China,원가 없음 또는 0원
30356521,Hugo Boss,Man,Clothing,Shirts,India,원가 없음 또는 0원
30356521,Hugo Boss,Man,Clothing,Shirts,India,원가 없음 또는 0원
30356521,Hugo Boss,Man,Clothing,Shirts,India,원가 없음 또는 0원
30356521,Hugo Boss,Man,Clothing,Shirts,India,원가 없음 또는 0원
30356521,Hugo Boss,Man,Clothing,Shirts,India,원가 없음 또는 0원
30356521,Hugo Boss,Man,Clothing,Shirts,India,원가 없음 또는 0원
29006573,Carven,Woman,Accessories,Sunglasses,France,원가 없음 또는 0원
29006573,Carven,Woman,Accessories,Sunglasses,France,원가 없음 또는 0원
29006573,Carven,Woman,Accessories,Sunglasses,France,원가 없음 또는 0원
29006573,Carven,Woman,Accessories,Sunglasses,France,원가 없음 또는 0원
29006573,Carven,Woman,Accessories,Sunglasses,France,원가 없음 또는 0원
29006573,Carven,Woman,Accessories,Sunglasses,France,원가 없음 또는 0원
29347136,Puma,Unisex,Shoes,Sneakers,Cambogia,원가 없음 또는 0원
29347136,Puma,Unisex,Shoes,Sneakers,Cambogia,원가 없음 또는 0원
29347136,Puma,Unisex,Shoes,Sneakers,Cambogia,원가 없음 또는 0원
29347136,Puma,Unisex,Shoes,Sneakers,Cambogia,원가 없음 또는 0원
29347136,Puma,Unisex,Shoes,Sneakers,Cambogia,원가 없음 또는 0원
29347136,Puma,Unisex,Shoes,Sneakers,Cambogia,원가 없음 또는 0원
29347224,Berwich,Woman,Clothing,Trousers,ITALIA,원가 없음 또는 0원
29347224,Berwich,Woman,Clothing,Trousers,ITALIA,원가 없음 또는 0원
29347224,Berwich,Woman,Clothing,Trousers,ITALIA,원가 없음 또는 0원
29347224,Berwich,Woman,Clothing,Trousers,ITALIA,원가 없음 또는 0원
29347224,Berwich,Woman,Clothing,Trousers,ITALIA,원가 없음 또는 0원
29347224,Berwich,Woman,Clothing,Trousers,ITALIA,원가 없음 또는 0원
29504116,MC2 Saint Barth,Man,Clothing,T-shirts and Polos,Portogallo,원가 없음 또는 0원
29504116,MC2 Saint Barth,Man,Clothing,T-shirts and Polos,Portogallo,원가 없음 또는 0원
29504116,MC2 Saint Barth,Man,Clothing,T-shirts and Polos,Portogallo,원가 없음 또는 0원
29504116,MC2 Saint Barth,Man,Clothing,T-shirts and Polos,Portogallo,원가 없음 또는 0원
29504116,MC2 Saint Barth,Man,Clothing,T-shirts and Polos,Portogallo,원가 없음 또는 0원
29504116,MC2 Saint Barth,Man,Clothing,T-shirts and Polos,Portogallo,원가 없음 또는 0원
29504123,MC2 Saint Barth,Man,Clothing,T-shirts and Polos,China,원가 없음 또는 0원
29504123,MC2 Saint Barth,Man,Clothing,T-shirts and Polos,China,원가 없음 또는 0원
29504123,MC2 Saint Barth,Man,Clothing,T-shirts and Polos,China,원가 없음 또는 0원
29504123,MC2 Saint Barth,Man,Clothing,T-shirts and Polos,China,원가 없음 또는 0원
29504123,MC2 Saint Barth,Man,Clothing,T-shirts and Polos,China,원가 없음 또는 0원
29504123,MC2 Saint Barth,Man,Clothing,T-shirts and Polos,China,원가 없음 또는 0원
29504124,MC2 Saint Barth,Man,Clothing,Sea clothing,Cina,원가 없음 또는 0원
29504124,MC2 Saint Barth,Man,Clothing,Sea clothing,Cina,원가 없음 또는 0원
29504124,MC2 Saint Barth,Man,Clothing,Sea clothing,Cina,원가 없음 또는 0원
29504124,MC2 Saint Barth,Man,Clothing,Sea clothing,Cina,원가 없음 또는 0원
29504124,MC2 Saint Barth,Man,Clothing,Sea clothing,Cina,원가 없음 또는 0원
29504124,MC2 Saint Barth,Man,Clothing,Sea clothing,Cina,원가 없음 또는 0원
29504133,MC2 Saint Barth,Man,Clothing,Sea clothing,Cina,원가 없음 또는 0원
29504133,MC2 Saint Barth,Man,Clothing,Sea clothing,Cina,원가 없음 또는 0원
29504133,MC2 Saint Barth,Man,Clothing,Sea clothing,Cina,원가 없음 또는 0원
29504133,MC2 Saint Barth,Man,Clothing,Sea clothing,Cina,원가 없음 또는 0원
29504133,MC2 Saint Barth,Man,Clothing,Sea clothing,Cina,원가 없음 또는 0원
29504133,MC2 Saint Barth,Man,Clothing,Sea clothing,Cina,원가 없음 또는 0원
29504139,SORBET ISLAND,Woman,Accessories,Bijoux,,원가 없음 또는 0원
29504139,SORBET ISLAND,Woman,Accessories,Bijoux,,원가 없음 또는 0원
29504139,SORBET ISLAND,Woman,Accessories,Bijoux,,원가 없음 또는 0원
29504139,SORBET ISLAND,Woman,Accessories,Bijoux,,원가 없음 또는 0원
29504139,SORBET ISLAND,Woman,Accessories,Bijoux,,원가 없음 또는 0원
29504139,SORBET ISLAND,Woman,Accessories,Bijoux,,원가 없음 또는 0원
29504140,SORBET ISLAND,Woman,Accessories,Bijoux,Grecia,원가 없음 또는 0원
29504140,SORBET ISLAND,Woman,Accessories,Bijoux,Grecia,원가 없음 또는 0원
29504140,SORBET ISLAND,Woman,Accessories,Bijoux,Grecia,원가 없음 또는 0원
29504140,SORBET ISLAND,Woman,Accessories,Bijoux,Grecia,원가 없음 또는 0원
29504140,SORBET ISLAND,Woman,Accessories,Bijoux,Grecia,원가 없음 또는 0원
29504140,SORBET ISLAND,Woman,Accessories,Bijoux,Grecia,원가 없음 또는 0원
29504184,SORBET ISLAND,Woman,Accessories,Bijoux,Grecia,원가 없음 또는 0원
29504184,SORBET ISLAND,Woman,Accessories,Bijoux,Grecia,원가 없음 또는 0원
29504184,SORBET ISLAND,Woman,Accessories,Bijoux,Grecia,원가 없음 또는 0원
29504184,SORBET ISLAND,Woman,Accessories,Bijoux,Grecia,원가 없음 또는 0원
29504184,SORBET ISLAND,Woman,Accessories,Bijoux,Grecia,원가 없음 또는 0원
29504184,SORBET ISLAND,Woman,Accessories,Bijoux,Grecia,원가 없음 또는 0원
29504119,MC2 Saint Barth,Woman,Bags,Bags..,Cina,원가 없음 또는 0원
29504119,MC2 Saint Barth,Woman,Bags,Bags..,Cina,원가 없음 또는 0원
29504119,MC2 Saint Barth,Woman,Bags,Bags..,Cina,원가 없음 또는 0원
29504119,MC2 Saint Barth,Woman,Bags,Bags..,Cina,원가 없음 또는 0원
29504119,MC2 Saint Barth,Woman,Bags,Bags..,Cina,원가 없음 또는 0원
29504119,MC2 Saint Barth,Woman,Bags,Bags..,Cina,원가 없음 또는 0원
29504251,MC2 Saint Barth,Man,Clothing,T-shirts and Polos,Portogallo,원가 없음 또는 0원
29504251,MC2 Saint Barth,Man,Clothing,T-shirts and Polos,Portogallo,원가 없음 또는 0원
29504251,MC2 Saint Barth,Man,Clothing,T-shirts and Polos,Portogallo,원가 없음 또는 0원
29504251,MC2 Saint Barth,Man,Clothing,T-shirts and Polos,Portogallo,원가 없음 또는 0원
29504251,MC2 Saint Barth,Man,Clothing,T-shirts and Polos,Portogallo,원가 없음 또는 0원
29504251,MC2 Saint Barth,Man,Clothing,T-shirts and Polos,Portogallo,원가 없음 또는 0원
29924738,Hugo Boss,Man,Clothing,T-shirts and Polos,Peru,원가 없음 또는 0원
29924738,Hugo Boss,Man,Clothing,T-shirts and Polos,Peru,원가 없음 또는 0원
29924738,Hugo Boss,Man,Clothing,T-shirts and Polos,Peru,원가 없음 또는 0원
29924738,Hugo Boss,Man,Clothing,T-shirts and Polos,Peru,원가 없음 또는 0원
29924738,Hugo Boss,Man,Clothing,T-shirts and Polos,Peru,원가 없음 또는 0원
29924738,Hugo Boss,Man,Clothing,T-shirts and Polos,Peru,원가 없음 또는 0원
29924787,SORBET ISLAND,Woman,Clothing,Sea clothing,Europa,원가 없음 또는 0원
29924787,SORBET ISLAND,Woman,Clothing,Sea clothing,Europa,원가 없음 또는 0원
29924787,SORBET ISLAND,Woman,Clothing,Sea clothing,Europa,원가 없음 또는 0원
29924787,SORBET ISLAND,Woman,Clothing,Sea clothing,Europa,원가 없음 또는 0원
29924787,SORBET ISLAND,Woman,Clothing,Sea clothing,Europa,원가 없음 또는 0원
29924787,SORBET ISLAND,Woman,Clothing,Sea clothing,Europa,원가 없음 또는 0원
29924802,SORBET ISLAND,Woman,Clothing,Sea clothing,Europa,원가 없음 또는 0원
29924802,SORBET ISLAND,Woman,Clothing,Sea clothing,Europa,원가 없음 또는 0원
29924802,SORBET ISLAND,Woman,Clothing,Sea clothing,Europa,원가 없음 또는 0원
29924802,SORBET ISLAND,Woman,Clothing,Sea clothing,Europa,원가 없음 또는 0원
29924802,SORBET ISLAND,Woman,Clothing,Sea clothing,Europa,원가 없음 또는 0원
29924802,SORBET ISLAND,Woman,Clothing,Sea clothing,Europa,원가 없음 또는 0원
29924902,CUBA LAB,Woman,Bags,Bags..,ITALIA,원가 없음 또는 0원
29924902,CUBA LAB,Woman,Bags,Bags..,ITALIA,원가 없음 또는 0원
29924902,CUBA LAB,Woman,Bags,Bags..,ITALIA,원가 없음 또는 0원
29924902,CUBA LAB,Woman,Bags,Bags..,ITALIA,원가 없음 또는 0원
29924902,CUBA LAB,Woman,Bags,Bags..,ITALIA,원가 없음 또는 0원
29924902,CUBA LAB,Woman,Bags,Bags..,ITALIA,원가 없음 또는 0원
29924913,cultura,Man,Clothing,T-shirts and Polos,Italy,원가 없음 또는 0원
29924913,cultura,Man,Clothing,T-shirts and Polos,Italy,원가 없음 또는 0원
29924913,cultura,Man,Clothing,T-shirts and Polos,Italy,원가 없음 또는 0원
29924913,cultura,Man,Clothing,T-shirts and Polos,Italy,원가 없음 또는 0원
29924913,cultura,Man,Clothing,T-shirts and Polos,Italy,원가 없음 또는 0원
29924913,cultura,Man,Clothing,T-shirts and Polos,Italy,원가 없음 또는 0원
29924917,Hugo Boss,Man,Clothing,Jackets,ITALIA,원가 없음 또는 0원
29924917,Hugo Boss,Man,Clothing,Jackets,ITALIA,원가 없음 또는 0원
29924917,Hugo Boss,Man,Clothing,Jackets,ITALIA,원가 없음 또는 0원
29924917,Hugo Boss,Man,Clothing,Jackets,ITALIA,원가 없음 또는 0원
29924917,Hugo Boss,Man,Clothing,Jackets,ITALIA,원가 없음 또는 0원
29924917,Hugo Boss,Man,Clothing,Jackets,ITALIA,원가 없음 또는 0원
30030338,cultura,Man,Clothing,Shorts,ITALIA,원가 없음 또는 0원
30030338,cultura,Man,Clothing,Shorts,ITALIA,원가 없음 또는 0원
30030338,cultura,Man,Clothing,Shorts,ITALIA,원가 없음 또는 0원
30030338,cultura,Man,Clothing,Shorts,ITALIA,원가 없음 또는 0원
30030338,cultura,Man,Clothing,Shorts,ITALIA,원가 없음 또는 0원
30030338,cultura,Man,Clothing,Shorts,ITALIA,원가 없음 또는 0원
30030396,SELF PORTRAIT,Woman,Clothing,Dresses,China,원가 없음 또는 0원
30030396,SELF PORTRAIT,Woman,Clothing,Dresses,China,원가 없음 또는 0원
30030396,SELF PORTRAIT,Woman,Clothing,Dresses,China,원가 없음 또는 0원
30030396,SELF PORTRAIT,Woman,Clothing,Dresses,China,원가 없음 또는 0원
30030396,SELF PORTRAIT,Woman,Clothing,Dresses,China,원가 없음 또는 0원
30030396,SELF PORTRAIT,Woman,Clothing,Dresses,China,원가 없음 또는 0원
30030490,VANESSA BARONI,Woman,Accessories,Bijoux,ITALIA,원가 없음 또는 0원
30030490,VANESSA BARONI,Woman,Accessories,Bijoux,ITALIA,원가 없음 또는 0원
30030490,VANESSA BARONI,Woman,Accessories,Bijoux,ITALIA,원가 없음 또는 0원
30030490,VANESSA BARONI,Woman,Accessories,Bijoux,ITALIA,원가 없음 또는 0원
30030490,VANESSA BARONI,Woman,Accessories,Bijoux,ITALIA,원가 없음 또는 0원
30030490,VANESSA BARONI,Woman,Accessories,Bijoux,ITALIA,원가 없음 또는 0원
30030511,VANESSA BARONI,Woman,Accessories,Bijoux,ITALIA,원가 없음 또는 0원
30030511,VANESSA BARONI,Woman,Accessories,Bijoux,ITALIA,원가 없음 또는 0원
30030511,VANESSA BARONI,Woman,Accessories,Bijoux,ITALIA,원가 없음 또는 0원
30030511,VANESSA BARONI,Woman,Accessories,Bijoux,ITALIA,원가 없음 또는 0원
30030511,VANESSA BARONI,Woman,Accessories,Bijoux,ITALIA,원가 없음 또는 0원
30030511,VANESSA BARONI,Woman,Accessories,Bijoux,ITALIA,원가 없음 또는 0원
30313881,MC2 Saint Barth,Man,Clothing,Sea clothing,China,원가 없음 또는 0원
30313881,MC2 Saint Barth,Man,Clothing,Sea clothing,China,원가 없음 또는 0원
30313881,MC2 Saint Barth,Man,Clothing,Sea clothing,China,원가 없음 또는 0원
30313881,MC2 Saint Barth,Man,Clothing,Sea clothing,China,원가 없음 또는 0원
30313881,MC2 Saint Barth,Man,Clothing,Sea clothing,China,원가 없음 또는 0원
30313881,MC2 Saint Barth,Man,Clothing,Sea clothing,China,원가 없음 또는 0원
30313903,MC2 Saint Barth,Man,Clothing,Sea clothing,China,원가 없음 또는 0원
30313903,MC2 Saint Barth,Man,Clothing,Sea clothing,China,원가 없음 또는 0원
30313903,MC2 Saint Barth,Man,Clothing,Sea clothing,China,원가 없음 또는 0원
30313903,MC2 Saint Barth,Man,Clothing,Sea clothing,China,원가 없음 또는 0원
30313903,MC2 Saint Barth,Man,Clothing,Sea clothing,China,원가 없음 또는 0원
30313903,MC2 Saint Barth,Man,Clothing,Sea clothing,China,원가 없음 또는 0원
30313909,Pinko,Woman,Bags,Bags..,Cina,원가 없음 또는 0원
30313909,Pinko,Woman,Bags,Bags..,Cina,원가 없음 또는 0원
30313909,Pinko,Woman,Bags,Bags..,Cina,원가 없음 또는 0원
30313909,Pinko,Woman,Bags,Bags..,Cina,원가 없음 또는 0원
30313909,Pinko,Woman,Bags,Bags..,Cina,원가 없음 또는 0원
30313909,Pinko,Woman,Bags,Bags..,Cina,원가 없음 또는 0원
30313910,Golden Goose,Woman,Clothing,Trousers,ITALIA,원가 없음 또는 0원
30313910,Golden Goose,Woman,Clothing,Trousers,ITALIA,원가 없음 또는 0원
30313910,Golden Goose,Woman,Clothing,Trousers,ITALIA,원가 없음 또는 0원
30313910,Golden Goose,Woman,Clothing,Trousers,ITALIA,원가 없음 또는 0원
30313910,Golden Goose,Woman,Clothing,Trousers,ITALIA,원가 없음 또는 0원
30313910,Golden Goose,Woman,Clothing,Trousers,ITALIA,원가 없음 또는 0원
30313982,MC2 Saint Barth,Man,Clothing,Sweaters,Portogallo,원가 없음 또는 0원
30313982,MC2 Saint Barth,Man,Clothing,Sweaters,Portogallo,원가 없음 또는 0원
30313982,MC2 Saint Barth,Man,Clothing,Sweaters,Portogallo,원가 없음 또는 0원
30313982,MC2 Saint Barth,Man,Clothing,Sweaters,Portogallo,원가 없음 또는 0원
30313982,MC2 Saint Barth,Man,Clothing,Sweaters,Portogallo,원가 없음 또는 0원
30313982,MC2 Saint Barth,Man,Clothing,Sweaters,Portogallo,원가 없음 또는 0원
30313983,MC2 Saint Barth,Man,Clothing,T-shirts and Polos,Portogallo,원가 없음 또는 0원
30313983,MC2 Saint Barth,Man,Clothing,T-shirts and Polos,Portogallo,원가 없음 또는 0원
30313983,MC2 Saint Barth,Man,Clothing,T-shirts and Polos,Portogallo,원가 없음 또는 0원
30313983,MC2 Saint Barth,Man,Clothing,T-shirts and Polos,Portogallo,원가 없음 또는 0원
30313983,MC2 Saint Barth,Man,Clothing,T-shirts and Polos,Portogallo,원가 없음 또는 0원
30313983,MC2 Saint Barth,Man,Clothing,T-shirts and Polos,Portogallo,원가 없음 또는 0원
30356471,,Woman,Clothing,Sea clothing,ITALIA,브랜드 실패(사유: None) / 카테고리 성공 / 원산지 성공
30356471,,Woman,Clothing,Sea clothing,ITALIA,브랜드 실패(사유: None) / 카테고리 성공 / 원산지 성공
30356471,,Woman,Clothing,Sea clothing,ITALIA,브랜드 실패(사유: None) / 카테고리 성공 / 원산지 성공
30356471,,Woman,Clothing,Sea clothing,ITALIA,브랜드 실패(사유: None) / 카테고리 성공 / 원산지 성공
30356471,,Woman,Clothing,Sea clothing,ITALIA,브랜드 실패(사유: None) / 카테고리 성공 / 원산지 성공
30356471,,Woman,Clothing,Sea clothing,ITALIA,브랜드 실패(사유: None) / 카테고리 성공 / 원산지 성공
30730390,CUBA LAB,Woman,Bags,Bags..,IT,원가 없음 또는 0원
30730390,CUBA LAB,Woman,Bags,Bags..,IT,원가 없음 또는 0원
30730390,CUBA LAB,Woman,Bags,Bags..,IT,원가 없음 또는 0원
30730390,CUBA LAB,Woman,Bags,Bags..,IT,원가 없음 또는 0원
30730390,CUBA LAB,Woman,Bags,Bags..,IT,원가 없음 또는 0원
30730390,CUBA LAB,Woman,Bags,Bags..,IT,원가 없음 또는 0원
30730603,Bottega Veneta,Woman,Bags,Bags..,ITALIA,원가 없음 또는 0원
30730603,Bottega Veneta,Woman,Bags,Bags..,ITALIA,원가 없음 또는 0원
30730603,Bottega Veneta,Woman,Bags,Bags..,ITALIA,원가 없음 또는 0원
30730603,Bottega Veneta,Woman,Bags,Bags..,ITALIA,원가 없음 또는 0원
30730603,Bottega Veneta,Woman,Bags,Bags..,ITALIA,원가 없음 또는 0원
30730603,Bottega Veneta,Woman,Bags,Bags..,ITALIA,원가 없음 또는 0원
30875850,HODAKOVA,Woman,Clothing,Sweaters,Svezia,원가 없음 또는 0원
30875850,HODAKOVA,Woman,Clothing,Sweaters,Svezia,원가 없음 또는 0원
30875850,HODAKOVA,Woman,Clothing,Sweaters,Svezia,원가 없음 또는 0원
30875850,HODAKOVA,Woman,Clothing,Sweaters,Svezia,원가 없음 또는 0원
30875850,HODAKOVA,Woman,Clothing,Sweaters,Svezia,원가 없음 또는 0원
30875850,HODAKOVA,Woman,Clothing,Sweaters,Svezia,원가 없음 또는 0원
31126414,MC2 Saint Barth,Man,Clothing,Sea clothing,Cina,원가 없음 또는 0원
31126414,MC2 Saint Barth,Man,Clothing,Sea clothing,Cina,원가 없음 또는 0원
31126414,MC2 Saint Barth,Man,Clothing,Sea clothing,Cina,원가 없음 또는 0원
31126414,MC2 Saint Barth,Man,Clothing,Sea clothing,Cina,원가 없음 또는 0원
31126414,MC2 Saint Barth,Man,Clothing,Sea clothing,Cina,원가 없음 또는 0원
31126414,MC2 Saint Barth,Man,Clothing,Sea clothing,Cina,원가 없음 또는 0원
31126404,Amiri,Boy,Clothing,T-shirts and Polos,IT,브랜드 실패(사유: None) / 카테고리 성공 / 원산지 성공
31126404,Amiri,Boy,Clothing,T-shirts and Polos,IT,브랜드 실패(사유: None) / 카테고리 성공 / 원산지 성공
31126404,Amiri,Boy,Clothing,T-shirts and Polos,IT,브랜드 실패(사유: None) / 카테고리 성공 / 원산지 성공
31126404,Amiri,Boy,Clothing,T-shirts and Polos,IT,브랜드 실패(사유: None) / 카테고리 성공 / 원산지 성공
31126404,Amiri,Boy,Clothing,T-shirts and Polos,IT,브랜드 실패(사유: None) / 카테고리 성공 / 원산지 성공
26877816,,Woman,Shoes,Sneakers,Italia,브랜드 실패(사유: None) / 카테고리 성공 / 원산지 성공
26877816,,Woman,Shoes,Sneakers,Italia,브랜드 실패(사유: None) / 카테고리 성공 / 원산지 성공
26877816,,Woman,Shoes,Sneakers,Italia,브랜드 실패(사유: None) / 카테고리 성공 / 원산지 성공
26877816,,Woman,Shoes,Sneakers,Italia,브랜드 실패(사유: None) / 카테고리 성공 / 원산지 성공
26877816,,Woman,Shoes,Sneakers,Italia,브랜드 실패(사유: None) / 카테고리 성공 / 원산지 성공
26877816,,Woman,Shoes,Sneakers,Italia,브랜드 실패(사유: None) / 카테고리 성공 / 원산지 성공
26885293,,Unisex,Homeware,Living,Italia,브랜드 실패(사유: None) / 카테고리 성공 / 원산지 성공
26885293,,Unisex,Homeware,Living,Italia,브랜드 실패(사유: None) / 카테고리 성공 / 원산지 성공
26885293,,Unisex,Homeware,Living,Italia,브랜드 실패(사유: None) / 카테고리 성공 / 원산지 성공
26885293,,Unisex,Homeware,Living,Italia,브랜드 실패(사유: None) / 카테고리 성공 / 원산지 성공
26885293,,Unisex,Homeware,Living,Italia,브랜드 실패(사유: None) / 카테고리 성공 / 원산지 성공
26885293,,Unisex,Homeware,Living,Italia,브랜드 실패(사유: None) / 카테고리 성공 / 원산지 성공
27140081,,Unisex,Clothing,T-shirts and Polos,,브랜드 실패(사유: None) / 카테고리 성공 / 원산지 성공
27140081,,Unisex,Clothing,T-shirts and Polos,,브랜드 실패(사유: None) / 카테고리 성공 / 원산지 성공
27140081,,Unisex,Clothing,T-shirts and Polos,,브랜드 실패(사유: None) / 카테고리 성공 / 원산지 성공
27140081,,Unisex,Clothing,T-shirts and Polos,,브랜드 실패(사유: None) / 카테고리 성공 / 원산지 성공
27140081,,Unisex,Clothing,T-shirts and Polos,,브랜드 실패(사유: None) / 카테고리 성공 / 원산지 성공
27140081,,Unisex,Clothing,T-shirts and Polos,,브랜드 실패(사유: None) / 카테고리 성공 / 원산지 성공
29493294,,Man,Shoes,Flat shoes,ITALY,브랜드 실패(사유: None) / 카테고리 성공 / 원산지 성공
29493294,,Man,Shoes,Flat shoes,ITALY,브랜드 실패(사유: None) / 카테고리 성공 / 원산지 성공
29493294,,Man,Shoes,Flat shoes,ITALY,브랜드 실패(사유: None) / 카테고리 성공 / 원산지 성공
29493294,,Man,Shoes,Flat shoes,ITALY,브랜드 실패(사유: None) / 카테고리 성공 / 원산지 성공
29493294,,Man,Shoes,Flat shoes,ITALY,브랜드 실패(사유: None) / 카테고리 성공 / 원산지 성공
29493294,,Man,Shoes,Flat shoes,ITALY,브랜드 실패(사유: None) / 카테고리 성공 / 원산지 성공
31121899,,Man,Clothing,Shorts,,브랜드 실패(사유: None) / 카테고리 성공 / 원산지 성공
31121899,,Man,Clothing,Shorts,,브랜드 실패(사유: None) / 카테고리 성공 / 원산지 성공
31121899,,Man,Clothing,Shorts,,브랜드 실패(사유: None) / 카테고리 성공 / 원산지 성공
31121899,,Man,Clothing,Shorts,,브랜드 실패(사유: None) / 카테고리 성공 / 원산지 성공
31121899,,Man,Clothing,Shorts,,브랜드 실패(사유: None) / 카테고리 성공 / 원산지 성공
31121899,,Man,Clothing,Shorts,,브랜드 실패(사유: None) / 카테고리 성공 / 원산지 성공
29494096,UNDER ARMOUR,Man,Clothing,Sweaters,MALAISIA,브랜드 성공 / 카테고리 성공 / 원산지 실패(사유: MALAISIA)
29494096,UNDER ARMOUR,Man,Clothing,Sweaters,MALAISIA,브랜드 성공 / 카테고리 성공 / 원산지 실패(사유: MALAISIA)
29494096,UNDER ARMOUR,Man,Clothing,Sweaters,MALAISIA,브랜드 성공 / 카테고리 성공 / 원산지 실패(사유: MALAISIA)
29494096,UNDER ARMOUR,Man,Clothing,Sweaters,MALAISIA,브랜드 성공 / 카테고리 성공 / 원산지 실패(사유: MALAISIA)
29006152,CALLING JUNE,Woman,Clothing,Dresses,India,원가 없음 또는 0원
29006152,CALLING JUNE,Woman,Clothing,Dresses,India,원가 없음 또는 0원
29006152,CALLING JUNE,Woman,Clothing,Dresses,India,원가 없음 또는 0원
29006152,CALLING JUNE,Woman,Clothing,Dresses,India,원가 없음 또는 0원
29006152,CALLING JUNE,Woman,Clothing,Dresses,India,원가 없음 또는 0원
29006152,CALLING JUNE,Woman,Clothing,Dresses,India,원가 없음 또는 0원
29006393,KHAITE,Woman,Clothing,Jeans,USA,원가 없음 또는 0원
29006393,KHAITE,Woman,Clothing,Jeans,USA,원가 없음 또는 0원
29006393,KHAITE,Woman,Clothing,Jeans,USA,원가 없음 또는 0원
29006393,KHAITE,Woman,Clothing,Jeans,USA,원가 없음 또는 0원
29006393,KHAITE,Woman,Clothing,Jeans,USA,원가 없음 또는 0원
29006393,KHAITE,Woman,Clothing,Jeans,USA,원가 없음 또는 0원
29006488,,Man,Bags,Bags..,VN,브랜드 실패(사유: None) / 카테고리 성공 / 원산지 성공
29006488,,Man,Bags,Bags..,VN,브랜드 실패(사유: None) / 카테고리 성공 / 원산지 성공
29006488,,Man,Bags,Bags..,VN,브랜드 실패(사유: None) / 카테고리 성공 / 원산지 성공
29006488,,Man,Bags,Bags..,VN,브랜드 실패(사유: None) / 카테고리 성공 / 원산지 성공
29006488,,Man,Bags,Bags..,VN,브랜드 실패(사유: None) / 카테고리 성공 / 원산지 성공
29006488,,Man,Bags,Bags..,VN,브랜드 실패(사유: None) / 카테고리 성공 / 원산지 성공
29504189,MC2 Saint Barth,Man,Clothing,Sea clothing,Moldova,원가 없음 또는 0원
29504189,MC2 Saint Barth,Man,Clothing,Sea clothing,Moldova,원가 없음 또는 0원
29504189,MC2 Saint Barth,Man,Clothing,Sea clothing,Moldova,원가 없음 또는 0원
29504189,MC2 Saint Barth,Man,Clothing,Sea clothing,Moldova,원가 없음 또는 0원
29504189,MC2 Saint Barth,Man,Clothing,Sea clothing,Moldova,원가 없음 또는 0원
29504189,MC2 Saint Barth,Man,Clothing,Sea clothing,Moldova,원가 없음 또는 0원
29924898,SORBET ISLAND,Woman,Clothing,Sea clothing,BEige,원가 없음 또는 0원
31126366,MC2 Saint Barth,Woman,Bags,Bags..,Cina,원가 없음 또는 0원
31126366,MC2 Saint Barth,Woman,Bags,Bags..,Cina,원가 없음 또는 0원
31126366,MC2 Saint Barth,Woman,Bags,Bags..,Cina,원가 없음 또는 0원
31126366,MC2 Saint Barth,Woman,Bags,Bags..,Cina,원가 없음 또는 0원
31126366,MC2 Saint Barth,Woman,Bags,Bags..,Cina,원가 없음 또는 0원
31126366,MC2 Saint Barth,Woman,Bags,Bags..,Cina,원가 없음 또는 0원
31717581,,Girl,Accessories,Accessories,China,브랜드 실패(사유: None) / 카테고리 성공 / 원산지 성공
31717581,,Girl,Accessories,Accessories,China,브랜드 실패(사유: None) / 카테고리 성공 / 원산지 성공
31717581,,Girl,Accessories,Accessories,China,브랜드 실패(사유: None) / 카테고리 성공 / 원산지 성공
31717581,,Girl,Accessories,Accessories,China,브랜드 실패(사유: None) / 카테고리 성공 / 원산지 성공
31717581,,Girl,Accessories,Accessories,China,브랜드 실패(사유: None) / 카테고리 성공 / 원산지 성공
31717581,,Girl,Accessories,Accessories,China,브랜드 실패(사유: None) / 카테고리 성공 / 원산지 성공
26882664,Casablanca,Woman,Clothing,Shirts,"CHINA, PEOPLE'S REPUBLIC OF","브랜드 성공 / 카테고리 성공 / 원산지 실패(사유: CHINA, PEOPLE'S REPUBLIC OF)"
26882664,Casablanca,Woman,Clothing,Shirts,"CHINA, PEOPLE'S REPUBLIC OF","브랜드 성공 / 카테고리 성공 / 원산지 실패(사유: CHINA, PEOPLE'S REPUBLIC OF)"
26882664,Casablanca,Woman,Clothing,Shirts,"CHINA, PEOPLE'S REPUBLIC OF","브랜드 성공 / 카테고리 성공 / 원산지 실패(사유: CHINA, PEOPLE'S REPUBLIC OF)"
26882664,Casablanca,Woman,Clothing,Shirts,"CHINA, PEOPLE'S REPUBLIC OF","브랜드 성공 / 카테고리 성공 / 원산지 실패(사유: CHINA, PEOPLE'S REPUBLIC OF)"
26882664,Casablanca,Woman,Clothing,Shirts,"CHINA, PEOPLE'S REPUBLIC OF","브랜드 성공 / 카테고리 성공 / 원산지 실패(사유: CHINA, PEOPLE'S REPUBLIC OF)"
26882664,Casablanca,Woman,Clothing,Shirts,"CHINA, PEOPLE'S REPUBLIC OF","브랜드 성공 / 카테고리 성공 / 원산지 실패(사유: CHINA, PEOPLE'S REPUBLIC OF)"
29492847,,Kids,Accessories,Sunglasses,CHINA,브랜드 실패(사유: None) / 카테고리 성공 / 원산지 성공
29492847,,Kids,Accessories,Sunglasses,CHINA,브랜드 실패(사유: None) / 카테고리 성공 / 원산지 성공
29492847,,Kids,Accessories,Sunglasses,CHINA,브랜드 실패(사유: None) / 카테고리 성공 / 원산지 성공
29492847,,Kids,Accessories,Sunglasses,CHINA,브랜드 실패(사유: None) / 카테고리 성공 / 원산지 성공
29492847,,Kids,Accessories,Sunglasses,CHINA,브랜드 실패(사유: None) / 카테고리 성공 / 원산지 성공
29492847,,Kids,Accessories,Sunglasses,CHINA,브랜드 실패(사유: None) / 카테고리 성공 / 원산지 성공
29492663,PROTOTYPES,Unisex,Clothing,Shorts,,브랜드 실패(사유: None) / 카테고리 성공 / 원산지 성공
29492663,PROTOTYPES,Unisex,Clothing,Shorts,,브랜드 실패(사유: None) / 카테고리 성공 / 원산지 성공
29492663,PROTOTYPES,Unisex,Clothing,Shorts,,브랜드 실패(사유: PROTOTYPES) / 카테고리 성공 / 원산지 성공
29492663,PROTOTYPES,Unisex,Clothing,Shorts,,브랜드 실패(사유: None) / 카테고리 성공 / 원산지 성공
29492663,PROTOTYPES,Unisex,Clothing,Shorts,,브랜드 실패(사유: None) / 카테고리 성공 / 원산지 성공
29492663,PROTOTYPES,Unisex,Clothing,Shorts,,브랜드 실패(사유: None) / 카테고리 성공 / 원산지 성공
148411,EMPORIO ARMANI KIDS,Baby boy,Bags,Crossbody Bags,China,재고 없음
148434,UGG,Men,Shoes,Flat Shoes,Cambodia,재고 없음
AB01XWRHA012001,ETRO,D,AB,DRESS,,재고 없음
AB01XWRHA012001,ETRO,D,AB,DRESS,,재고 없음
AB11CM00993X001,MARNI,K,AB,KNITWEAR Colore unico,MADE IN ALBANIA,재고 없음
29494090,TOOCO,Woman,Clothing,Sweaters,,브랜드 실패(사유: TOOCO) / 카테고리 성공 / 원산지 성공
29494090,TOOCO,Woman,Clothing,Sweaters,,브랜드 실패(사유: TOOCO) / 카테고리 성공 / 원산지 성공
29494090,TOOCO,Woman,Clothing,Sweaters,,브랜드 실패(사유: TOOCO) / 카테고리 성공 / 원산지 성공
29494090,TOOCO,Woman,Clothing,Sweaters,,브랜드 실패(사유: TOOCO) / 카테고리 성공 / 원산지 성공
AB11XPU0663F002,ISABEL MARANT ETOILE,D,AB,KNITWEAR,,재고 없음
AB02XCAPRESE006,SAINT BARTH,U,AB,BEACHWEAR,MADE IN CHINA,재고 없음
AB02XCAPRESE006,SAINT BARTH,U,AB,BEACHWEAR,MADE IN CHINA,재고 없음
AB02XLIGHTIN096,SAINT BARTH,U,AB,BEACHWEAR,MADE IN CHINA,재고 없음
AB02XLIGHTIN096,SAINT BARTH,U,AB,BEACHWEAR,MADE IN CHINA,재고 없음
AB13XPA0574F001,ISABEL MARANT,D,AB,TROUSERS,,재고 없음
AB08CK19541A004,MONCLER,K,AB,VEST Colore unico,MADE IN ARMENIA,재고 없음
AB08CK19541A004,MONCLER,K,AB,VEST Colore unico,MADE IN ARMENIA,재고 없음
29495138,UNDER ARMOUR,Man,Clothing,Sweaters,MALAISIA,브랜드 성공 / 카테고리 성공 / 원산지 실패(사유: MALAISIA)
29495138,UNDER ARMOUR,Man,Clothing,Sweaters,MALAISIA,브랜드 성공 / 카테고리 성공 / 원산지 실패(사유: MALAISIA)
29495138,UNDER ARMOUR,Man,Clothing,Sweaters,MALAISIA,브랜드 성공 / 카테고리 성공 / 원산지 실패(사유: MALAISIA)
29495138,UNDER ARMOUR,Man,Clothing,Sweaters,MALAISIA,브랜드 성공 / 카테고리 성공 / 원산지 실패(사유: MALAISIA)
AB08C9511A00001,MONCLER,K,AB,VEST Colore unico,MADE IN ITALY,재고 없음
AB08C9511A00001,MONCLER,K,AB,VEST Colore unico,MADE IN ITALY,재고 없음
AB23X255JS30001,JACQUEMUS,U,AB,SWEATSHIRT,,재고 없음
AB23X255JS30001,JACQUEMUS,U,AB,SWEATSHIRT,,재고 없음
AB29X255KN54001,JACQUEMUS,U,AB,POLO,,재고 없음
AB29X255KN54001,JACQUEMUS,U,AB,POLO,,재고 없음
30896426,Timberland,Man,Shoes,Flat shoes,,브랜드 실패(사유: Timberland) / 카테고리 성공 / 원산지 성공
30896426,Timberland,Man,Shoes,Flat shoes,,브랜드 실패(사유: Timberland) / 카테고리 성공 / 원산지 성공
30896426,Timberland,Man,Shoes,Flat shoes,,브랜드 실패(사유: Timberland) / 카테고리 성공 / 원산지 성공
30896426,Timberland,Man,Shoes,Flat shoes,,브랜드 실패(사유: Timberland) / 카테고리 성공 / 원산지 성공
AB02XCAPRESE008,SAINT BARTH,U,AB,BEACHWEAR,MADE IN CHINA,재고 없음
AB02XCAPRESE008,SAINT BARTH,U,AB,BEACHWEAR,MADE IN CHINA,재고 없음
30896465,Timberland,Man,Shoes,Flat shoes,,브랜드 실패(사유: Timberland) / 카테고리 성공 / 원산지 성공
30896465,Timberland,Man,Shoes,Flat shoes,,브랜드 실패(사유: Timberland) / 카테고리 성공 / 원산지 성공
30896465,Timberland,Man,Shoes,Flat shoes,,브랜드 실패(사유: Timberland) / 카테고리 성공 / 원산지 성공
30896465,Timberland,Man,Shoes,Flat shoes,,브랜드 실패(사유: Timberland) / 카테고리 성공 / 원산지 성공
AB13XA15795X001,DIESEL,U,AB,TROUSERS,,재고 없음
29924901,SORBET ISLAND,Woman,Clothing,Sea clothing,Europa,원가 없음 또는 0원
29924901,SORBET ISLAND,Woman,Clothing,Sea clothing,Europa,원가 없음 또는 0원
29924901,SORBET ISLAND,Woman,Clothing,Sea clothing,Europa,원가 없음 또는 0원
29924901,SORBET ISLAND,Woman,Clothing,Sea clothing,Europa,원가 없음 또는 0원
29924901,SORBET ISLAND,Woman,Clothing,Sea clothing,Europa,원가 없음 또는 0원
29924901,SORBET ISLAND,Woman,Clothing,Sea clothing,Europa,원가 없음 또는 0원
AB07X6B3CE3Y002,VALENTINO,D,AB,JACKET,MADE IN ITALY,재고 없음
AB07X6B3CE3Y002,VALENTINO,D,AB,JACKET,MADE IN ITALY,재고 없음
31121871,ADIDAS X AVAVAV,Unisex,Shoes,Sneakers,China,브랜드 실패(사유: ADIDAS X AVAVAV) / 카테고리 성공 / 원산지 성공
31121871,ADIDAS X AVAVAV,Unisex,Shoes,Sneakers,China,브랜드 실패(사유: ADIDAS X AVAVAV) / 카테고리 성공 / 원산지 성공
31121871,ADIDAS X AVAVAV,Unisex,Shoes,Sneakers,China,브랜드 실패(사유: ADIDAS X AVAVAV) / 카테고리 성공 / 원산지 성공
31121871,ADIDAS X AVAVAV,Unisex,Shoes,Sneakers,China,브랜드 실패(사유: ADIDAS X AVAVAV) / 카테고리 성공 / 원산지 성공
31121925,ADIDAS X AVAVAV,Unisex,Shoes,Sneakers,ITALIA,브랜드 실패(사유: ADIDAS X AVAVAV) / 카테고리 성공 / 원산지 성공
31121925,ADIDAS X AVAVAV,Unisex,Shoes,Sneakers,ITALIA,브랜드 실패(사유: ADIDAS X AVAVAV) / 카테고리 성공 / 원산지 성공
31121925,ADIDAS X AVAVAV,Unisex,Shoes,Sneakers,ITALIA,브랜드 실패(사유: ADIDAS X AVAVAV) / 카테고리 성공 / 원산지 성공
31121925,ADIDAS X AVAVAV,Unisex,Shoes,Sneakers,ITALIA,브랜드 실패(사유: ADIDAS X AVAVAV) / 카테고리 성공 / 원산지 성공
31122428,Timberland,Man,Shoes,Flat shoes,,브랜드 실패(사유: Timberland) / 카테고리 성공 / 원산지 성공
31122428,Timberland,Man,Shoes,Flat shoes,,브랜드 실패(사유: Timberland) / 카테고리 성공 / 원산지 성공
31122428,Timberland,Man,Shoes,Flat shoes,,브랜드 실패(사유: Timberland) / 카테고리 성공 / 원산지 성공
31122428,Timberland,Man,Shoes,Flat shoes,,브랜드 실패(사유: Timberland) / 카테고리 성공 / 원산지 성공
AB22XT4237XX001,GANNI,D,AB,T-SHIRT,MADE IN PORTUGAL,재고 없음
AB02XLIGHTIN085,SAINT BARTH,U,AB,BEACHWEAR,MADE IN CHINA,재고 없음
AB02XLIGHTIN085,SAINT BARTH,U,AB,BEACHWEAR,MADE IN CHINA,재고 없음
AB21CEM00048001,EMPORIO ARMANI,U,AB,SUIT Colore unico,,재고 없음
AB21CEM00048001,EMPORIO ARMANI,U,AB,SUIT Colore unico,,재고 없음
AB22C547559X004,GUCCI,K,AB,T-SHIRT Colore unico,MADE IN ITALY,재고 없음
AB22C547559X004,GUCCI,K,AB,T-SHIRT Colore unico,MADE IN ITALY,재고 없음
AB31CK19541A011,MONCLER,K,AB,DOWNJACKET Colore unico,MADE IN ARMENIA,재고 없음
AB31CK19541A011,MONCLER,K,AB,DOWNJACKET Colore unico,MADE IN ARMENIA,재고 없음
AB22CS05YTSK001,BONPOINT,K,AB,T-SHIRT Colore unico,MADE IN PORTUGAL,재고 없음
AB22CS05YTSK001,BONPOINT,K,AB,T-SHIRT Colore unico,MADE IN PORTUGAL,재고 없음
31314109,SOFT GOAT,Woman,Accessories,Bijoux,China,브랜드 실패(사유: SOFT GOAT) / 카테고리 성공 / 원산지 성공
31314109,SOFT GOAT,Woman,Accessories,Bijoux,China,브랜드 실패(사유: SOFT GOAT) / 카테고리 성공 / 원산지 성공
31314109,SOFT GOAT,Woman,Accessories,Bijoux,China,브랜드 실패(사유: SOFT GOAT) / 카테고리 성공 / 원산지 성공
31314109,SOFT GOAT,Woman,Accessories,Bijoux,China,브랜드 실패(사유: SOFT GOAT) / 카테고리 성공 / 원산지 성공
AB02XLIGHTIN088,SAINT BARTH,U,AB,BEACHWEAR,MADE IN CHINA,재고 없음
AB02XLIGHTIN088,SAINT BARTH,U,AB,BEACHWEAR,MADE IN CHINA,재고 없음
31314138,SOFT GOAT,Woman,Clothing,Sweaters,China,브랜드 실패(사유: SOFT GOAT) / 카테고리 성공 / 원산지 성공
31314138,SOFT GOAT,Woman,Clothing,Sweaters,China,브랜드 실패(사유: SOFT GOAT) / 카테고리 성공 / 원산지 성공
31314138,SOFT GOAT,Woman,Clothing,Sweaters,China,브랜드 실패(사유: SOFT GOAT) / 카테고리 성공 / 원산지 성공
31314138,SOFT GOAT,Woman,Clothing,Sweaters,China,브랜드 실패(사유: SOFT GOAT) / 카테고리 성공 / 원산지 성공
AB22XAMJYTE1023,AMIRI,U,AB,T-SHIRT,MADE IN ITALY,재고 없음
AB22XAMJYTE1023,AMIRI,U,AB,T-SHIRT,MADE IN ITALY,재고 없음
31314151,SOFT GOAT,Woman,Accessories,Bijoux,China,브랜드 실패(사유: SOFT GOAT) / 카테고리 성공 / 원산지 성공
31314151,SOFT GOAT,Woman,Accessories,Bijoux,China,브랜드 실패(사유: SOFT GOAT) / 카테고리 성공 / 원산지 성공
31314151,SOFT GOAT,Woman,Accessories,Bijoux,China,브랜드 실패(사유: SOFT GOAT) / 카테고리 성공 / 원산지 성공
31314151,SOFT GOAT,Woman,Accessories,Bijoux,China,브랜드 실패(사유: SOFT GOAT) / 카테고리 성공 / 원산지 성공
AB22XA18904X001,DIESEL,D,AB,T-SHIRT,,재고 없음
AB02XLIGHTIN086,SAINT BARTH,U,AB,BEACHWEAR,MADE IN CHINA,재고 없음
AB02XLIGHTIN086,SAINT BARTH,U,AB,BEACHWEAR,MADE IN CHINA,재고 없음
159845,MAX MARA,Women,Clothing,Jersey,,재고 없음
AB08C9511A00003,MONCLER,K,AB,VEST Colore unico,MADE IN ITALY,재고 없음
AB08C9511A00003,MONCLER,K,AB,VEST Colore unico,MADE IN ITALY,재고 없음
1\4\4\182985\663218\0,DR MARTENS,UNISEX,SHOES,BOOTS,"Taiwan, Republic of China","브랜드 성공 / 카테고리 성공 / 원산지 실패(사유: Taiwan, Republic of China)"
1\4\4\182985\663218\0,DR MARTENS,UNISEX,SHOES,BOOTS,"Taiwan, Republic of China","브랜드 성공 / 카테고리 성공 / 원산지 실패(사유: Taiwan, Republic of China)"
1\4\4\182985\663218\0,DR MARTENS,UNISEX,SHOES,BOOTS,"Taiwan, Republic of China","브랜드 성공 / 카테고리 성공 / 원산지 실패(사유: Taiwan, Republic of China)"
1\4\4\182985\663218\0,DR MARTENS,UNISEX,SHOES,BOOTS,"Taiwan, Republic of China","브랜드 성공 / 카테고리 성공 / 원산지 실패(사유: Taiwan, Republic of China)"
1\4\4\182985\663218\0,DR MARTENS,UNISEX,SHOES,BOOTS,"Taiwan, Republic of China","브랜드 성공 / 카테고리 성공 / 원산지 실패(사유: Taiwan, Republic of China)"
BO01X213BA00111,JACQUEMUS,D,BO,LEATHER BAG,MADE IN ITALY,재고 없음
BO01X213BA00111,JACQUEMUS,D,BO,LEATHER BAG,MADE IN ITALY,재고 없음
AB22CS05GTSK001,BONPOINT,K,AB,T-SHIRT Colore unico,MADE IN PORTUGAL,재고 없음
AB22CS05GTSK001,BONPOINT,K,AB,T-SHIRT Colore unico,MADE IN PORTUGAL,재고 없음
AB22CS05GTSK006,BONPOINT,K,AB,T-SHIRT Colore unico,MADE IN INDIA,재고 없음
AB22CS05GTSK006,BONPOINT,K,AB,T-SHIRT Colore unico,MADE IN INDIA,재고 없음
AB22C9548A00001,MONCLER,K,AB,T-SHIRT Colore unico,MADE IN PORTUGAL,재고 없음
AB22C9548A00001,MONCLER,K,AB,T-SHIRT Colore unico,MADE IN PORTUGAL,재고 없음
AB22C9548C00002,MONCLER,K,AB,T-SHIRT Colore unico,MADE IN PORTUGAL,재고 없음
AB22C9548C00002,MONCLER,K,AB,T-SHIRT Colore unico,MADE IN PORTUGAL,재고 없음
29006541,,Unisex,Accessories,Accessories,,원가 없음 또는 0원
29006541,,Unisex,Accessories,Accessories,,원가 없음 또는 0원
29006541,,Unisex,Accessories,Accessories,,원가 없음 또는 0원
29006541,,Unisex,Accessories,Accessories,,원가 없음 또는 0원
29006541,,Unisex,Accessories,Accessories,,원가 없음 또는 0원
29006541,,Unisex,Accessories,Accessories,,원가 없음 또는 0원
AB01X224CRO3001,COURREGES,D,AB,DRESS,MADE IN SERBIA,재고 없음
AB01X224CRO3001,COURREGES,D,AB,DRESS,MADE IN SERBIA,재고 없음
AB22X245JS20006,JACQUEMUS,U,AB,T-SHIRT,MADE IN PORTUGAL,재고 없음
AB22X245JS20006,JACQUEMUS,U,AB,T-SHIRT,MADE IN PORTUGAL,재고 없음
AB22C9518C00007,MONCLER,K,AB,T-SHIRT Colore unico,MADE IN TURKEY,재고 없음
AB22C9518C00007,MONCLER,K,AB,T-SHIRT Colore unico,MADE IN TURKEY,재고 없음
159855,MAX MARA,Women,Clothing,Jersey,,재고 없음
159874,MAX MARA,Women,Clothing,Jersey,,재고 없음
AB22XBW70AS3001,GIVENCHY,D,AB,T-SHIRT,MADE IN PORTUGAL,재고 없음
AB22XBW70AS3001,GIVENCHY,D,AB,T-SHIRT,MADE IN PORTUGAL,재고 없음
31712358,STRATHBERRY,Woman,Bags,Bags..,SPAIN,브랜드 실패(사유: STRATHBERRY) / 카테고리 성공 / 원산지 성공
31712358,STRATHBERRY,Woman,Bags,Bags..,SPAIN,브랜드 실패(사유: STRATHBERRY) / 카테고리 성공 / 원산지 성공
31712358,STRATHBERRY,Woman,Bags,Bags..,SPAIN,브랜드 실패(사유: STRATHBERRY) / 카테고리 성공 / 원산지 성공
31712358,STRATHBERRY,Woman,Bags,Bags..,SPAIN,브랜드 실패(사유: STRATHBERRY) / 카테고리 성공 / 원산지 성공
31712378,STRATHBERRY,Woman,Accessories,Wallets,SPAIN,브랜드 실패(사유: STRATHBERRY) / 카테고리 성공 / 원산지 성공
31712378,STRATHBERRY,Woman,Accessories,Wallets,SPAIN,브랜드 실패(사유: STRATHBERRY) / 카테고리 성공 / 원산지 성공
31712378,STRATHBERRY,Woman,Accessories,Wallets,SPAIN,브랜드 실패(사유: STRATHBERRY) / 카테고리 성공 / 원산지 성공
31712378,STRATHBERRY,Woman,Accessories,Wallets,SPAIN,브랜드 실패(사유: STRATHBERRY) / 카테고리 성공 / 원산지 성공
AB22XF8N08ZX004,DOLCE&GABBANA,D,AB,T-SHIRT,,재고 없음
31712414,STRATHBERRY,Woman,Bags,Bags..,SPAIN,브랜드 실패(사유: STRATHBERRY) / 카테고리 성공 / 원산지 성공
31712414,STRATHBERRY,Woman,Bags,Bags..,SPAIN,브랜드 실패(사유: STRATHBERRY) / 카테고리 성공 / 원산지 성공
31712414,STRATHBERRY,Woman,Bags,Bags..,SPAIN,브랜드 실패(사유: STRATHBERRY) / 카테고리 성공 / 원산지 성공
31712414,STRATHBERRY,Woman,Bags,Bags..,SPAIN,브랜드 실패(사유: STRATHBERRY) / 카테고리 성공 / 원산지 성공
31712424,STRATHBERRY,Woman,Bags,Bags..,SPAIN,브랜드 실패(사유: STRATHBERRY) / 카테고리 성공 / 원산지 성공
31712424,STRATHBERRY,Woman,Bags,Bags..,SPAIN,브랜드 실패(사유: STRATHBERRY) / 카테고리 성공 / 원산지 성공
31712424,STRATHBERRY,Woman,Bags,Bags..,SPAIN,브랜드 실패(사유: STRATHBERRY) / 카테고리 성공 / 원산지 성공
31712424,STRATHBERRY,Woman,Bags,Bags..,SPAIN,브랜드 실패(사유: STRATHBERRY) / 카테고리 성공 / 원산지 성공
AB22CS05BTSK002,BONPOINT,K,AB,T-SHIRT Colore unico,MADE IN PORTUGAL,재고 없음
AB22CS05BTSK002,BONPOINT,K,AB,T-SHIRT Colore unico,MADE IN PORTUGAL,재고 없음
AB28C9518I00001,MONCLER,K,AB,BABY DRESS Colore unico,MADE IN TURKEY,재고 없음
AB28C9518I00001,MONCLER,K,AB,BABY DRESS Colore unico,MADE IN TURKEY,재고 없음
AB22XAMJYTE1031,AMIRI,U,AB,T-SHIRT,,재고 없음
AB31CJ29541A034,MONCLER,K,AB,DOWNJACKET Colore unico,MADE IN SERBIA,재고 없음
AB31CJ29541A034,MONCLER,K,AB,DOWNJACKET Colore unico,MADE IN SERBIA,재고 없음
31713696,SOFT GOAT,Woman,Clothing,Sweaters,China,브랜드 실패(사유: SOFT GOAT) / 카테고리 성공 / 원산지 성공
31713696,SOFT GOAT,Woman,Clothing,Sweaters,China,브랜드 실패(사유: SOFT GOAT) / 카테고리 성공 / 원산지 성공
31713696,SOFT GOAT,Woman,Clothing,Sweaters,China,브랜드 실패(사유: SOFT GOAT) / 카테고리 성공 / 원산지 성공
31713696,SOFT GOAT,Woman,Clothing,Sweaters,China,브랜드 실패(사유: SOFT GOAT) / 카테고리 성공 / 원산지 성공
AB01XVT115XX001,MAYGEL CORONEL,D,AB,DRESS,MADE IN COLOMBIA,재고 없음
AB03XMPS25-J003,CASABLANCA,U,AB,SHORT,MADE IN PORTUGAL,재고 없음
AB03XMPS25-J003,CASABLANCA,U,AB,SHORT,MADE IN PORTUGAL,재고 없음
31713722,SOFT GOAT,Woman,Clothing,Sweaters,China,브랜드 실패(사유: SOFT GOAT) / 카테고리 성공 / 원산지 성공
31713722,SOFT GOAT,Woman,Clothing,Sweaters,China,브랜드 실패(사유: SOFT GOAT) / 카테고리 성공 / 원산지 성공
31713722,SOFT GOAT,Woman,Clothing,Sweaters,China,브랜드 실패(사유: SOFT GOAT) / 카테고리 성공 / 원산지 성공
31713722,SOFT GOAT,Woman,Clothing,Sweaters,China,브랜드 실패(사유: SOFT GOAT) / 카테고리 성공 / 원산지 성공
AB27C9518L00002,MONCLER,K,AB,BABY TRACKSUIT Colore unico,MADE IN TURKEY,재고 없음
AB27C9518L00002,MONCLER,K,AB,BABY TRACKSUIT Colore unico,MADE IN TURKEY,재고 없음
AB31CK3113ZW002,K-WAY,K,AB,DOWNJACKET Colore unico,MADE IN CHINA,재고 없음
AB31CK3113ZW002,K-WAY,K,AB,DOWNJACKET Colore unico,MADE IN CHINA,재고 없음
AB08C9511A00004,MONCLER,K,AB,VEST Colore unico,MADE IN ITALY,재고 없음
AB08C9511A00004,MONCLER,K,AB,VEST Colore unico,MADE IN ITALY,재고 없음
AB01X328622X001,FARM RIO,D,AB,DRESS,MADE IN CHINA,재고 없음
AB01X328622X001,FARM RIO,D,AB,DRESS,MADE IN CHINA,재고 없음
AB22C9548A00003,MONCLER,K,AB,T-SHIRT Colore unico,MADE IN PORTUGAL,재고 없음
AB22C9548A00003,MONCLER,K,AB,T-SHIRT Colore unico,MADE IN PORTUGAL,재고 없음
AB31CK7141GW003,K-WAY,K,AB,DOWNJACKET,MADE IN VIETNAM,재고 없음
AB31CK7141GW003,K-WAY,K,AB,DOWNJACKET,MADE IN VIETNAM,재고 없음
AB07X6V3CEG9001,VALENTINO,U,AB,JACKET,MADE IN ITALY,재고 없음
AB07X6V3CEG9001,VALENTINO,U,AB,JACKET,MADE IN ITALY,재고 없음
AL04XK14013B002,MONCLER X MERCEDES-BENZ BY NIGO,U,AL,HAT,MADE IN CHINA,재고 없음
AL04XK14013B002,MONCLER X MERCEDES-BENZ BY NIGO,U,AL,HAT,MADE IN CHINA,재고 없음
AB27CJ29518L001,MONCLER,K,AB,BABY TRACKSUIT Colore unico,MADE IN TURKEY,재고 없음
AB27CJ29518L001,MONCLER,K,AB,BABY TRACKSUIT Colore unico,MADE IN TURKEY,재고 없음
AB28C9518I00003,MONCLER,K,AB,BABY DRESS Colore unico,MADE IN TURKEY,재고 없음
AB28C9518I00003,MONCLER,K,AB,BABY DRESS Colore unico,MADE IN TURKEY,재고 없음
AB31CJ29541A036,MONCLER,K,AB,DOWNJACKET Colore unico,MADE IN MOLDOVA,재고 없음
AB31CJ29541A036,MONCLER,K,AB,DOWNJACKET Colore unico,MADE IN MOLDOVA,재고 없음
AB03XA18145X001,DIESEL,D,AB,SHORT,,재고 없음
AB03XA18145X001,DIESEL,D,AB,SHORT,,재고 없음
CA07XH30N0X001,MANEBI,D,CA,FLAT SHOES,MADE IN SPAIN,재고 없음
CA07XH30N0X001,MANEBI,D,CA,FLAT SHOES,MADE IN SPAIN,재고 없음
AB24XFKC207A024,THOM BROWNE,D,AB,CARDIGAN,MADE IN ITALY,재고 없음
AB24XFKC207A024,THOM BROWNE,D,AB,CARDIGAN,MADE IN ITALY,재고 없음
AB03C322-958001,RALPH LAUREN,K,AB,SHORT Colore unico,MADE IN INDIA,재고 없음
AB03C322-958001,RALPH LAUREN,K,AB,SHORT Colore unico,MADE IN INDIA,재고 없음
CA03COBIA003006,OFF WHITE,K,CA,SNEAKERS Colore unico,MADE IN INDONESIA,재고 없음
CA03COBIA003006,OFF WHITE,K,CA,SNEAKERS Colore unico,MADE IN INDONESIA,재고 없음
AB23XK14018G001,MONCLER X MERCEDES-BENZ BY NIGO,U,AB,SWEATSHIRT,MADE IN TURKEY,재고 없음
AB23XK14018G001,MONCLER X MERCEDES-BENZ BY NIGO,U,AB,SWEATSHIRT,MADE IN TURKEY,재고 없음
AB07X780529X001,ALEXANDER MCQUEEN,D,AB,JACKET,MADE IN ITALY,재고 없음
AB07X780529X001,ALEXANDER MCQUEEN,D,AB,JACKET,MADE IN ITALY,재고 없음
AB31C9541A00001,MONCLER,K,AB,DOWNJACKET Colore unico,MADE IN MOLDOVA,재고 없음
AB31C9541A00001,MONCLER,K,AB,DOWNJACKET Colore unico,MADE IN MOLDOVA,재고 없음
AB31CC20265X001,CHLOE',K,AB,DOWNJACKET Colore unico,MADE IN CHINA,재고 없음
AB31CC20265X001,CHLOE',K,AB,DOWNJACKET Colore unico,MADE IN CHINA,재고 없음
AB22XK14018C003,MONCLER X MERCEDES-BENZ BY NIGO,U,AB,T-SHIRT,MADE IN TURKEY,재고 없음
AB22XK14018C003,MONCLER X MERCEDES-BENZ BY NIGO,U,AB,T-SHIRT,MADE IN TURKEY,재고 없음
AB07XFXV41TX001,DOLCE&GABBANA,D,AB,JACKET,,재고 없음
AB07XFXV41TX001,DOLCE&GABBANA,D,AB,JACKET,,재고 없음
AB22XS74GD14002,DSQUARED2,U,AB,T-SHIRT,,재고 없음
AB31CJ29541A033,MONCLER,K,AB,DOWNJACKET Colore unico,,재고 없음
AB31CJ29541A033,MONCLER,K,AB,DOWNJACKET Colore unico,,재고 없음
AB04XWRIA004003,ETRO,D,AB,SHIRT,MADE IN ITALY,재고 없음
AB04XWRIA004003,ETRO,D,AB,SHIRT,MADE IN ITALY,재고 없음
AB31XPI1304D007,HERNO,D,AB,DOWNJACKET,,재고 없음
BO01CM01481X001,MARNI,K,BO,LEATHER BAG Colore unico,MADE IN EXTRA UE,재고 없음
BO01CM01481X001,MARNI,K,BO,LEATHER BAG Colore unico,MADE IN EXTRA UE,재고 없음
AB31C9511A00004,MONCLER,K,AB,DOWNJACKET Colore unico,MADE IN ITALY,재고 없음
AB31C9511A00004,MONCLER,K,AB,DOWNJACKET Colore unico,MADE IN ITALY,재고 없음
AB31C9541A00044,MONCLER,K,AB,DOWNJACKET Colore unico,MADE IN MOLDOVA,재고 없음
AB31C9541A00044,MONCLER,K,AB,DOWNJACKET Colore unico,MADE IN MOLDOVA,재고 없음
AB31C9541A00026,MONCLER,K,AB,DOWNJACKET Colore unico,MADE IN ARMENIA,재고 없음
AB31C9541A00026,MONCLER,K,AB,DOWNJACKET Colore unico,MADE IN ARMENIA,재고 없음
AB28C9548I00001,MONCLER,K,AB,BABY DRESS Colore unico,MADE IN TURKEY,재고 없음
AB28C9548I00001,MONCLER,K,AB,BABY DRESS Colore unico,MADE IN TURKEY,재고 없음
AB08XK10981A001,MONCLER GRENOBLE,D,AB,VEST,MADE IN ROMANIA,재고 없음
AB08XK10981A001,MONCLER GRENOBLE,D,AB,VEST,MADE IN ROMANIA,재고 없음
AB03CP25PB19005,IL GUFO,K,AB,SHORT Colore unico,MADE IN ITALY,재고 없음
AB03CP25PB19005,IL GUFO,K,AB,SHORT Colore unico,MADE IN ITALY,재고 없음
AB11X2511081002,MAX MARA,D,AB,KNITWEAR,MADE IN ITALY,재고 없음
AB11X2511081002,MAX MARA,D,AB,KNITWEAR,MADE IN ITALY,재고 없음
AB03XWARPEDD001,BUTTER GOODS,U,AB,SHORT,MADE IN CHINA,재고 없음
AB03XWARPEDD001,BUTTER GOODS,U,AB,SHORT,MADE IN CHINA,재고 없음
AB04X546MLXX003,XACUS,U,AB,SHIRT,MADE IN ALBANIA,재고 없음
AB04X546MLXX003,XACUS,U,AB,SHIRT,MADE IN ALBANIA,재고 없음
CA01XDU1003X020,DOUCAL'S,U,CA,LEATHER SOLE,MADE IN ITALY,재고 없음
CA01XDU1003X020,DOUCAL'S,U,CA,LEATHER SOLE,MADE IN ITALY,재고 없음
AB21X803567X001,GUCCI,U,AB,SUIT,MADE IN ITALY,재고 없음
AB21X803567X001,GUCCI,U,AB,SUIT,MADE IN ITALY,재고 없음
AB01XF6HAGTX001,DOLCE&GABBANA,D,AB,DRESS,MADE IN ITALY,재고 없음
AB01XF6HAGTX001,DOLCE&GABBANA,D,AB,DRESS,MADE IN ITALY,재고 없음
AB31C9511A00014,MONCLER,K,AB,DOWNJACKET Colore unico,MADE IN ARMENIA,재고 없음
AB31C9511A00014,MONCLER,K,AB,DOWNJACKET Colore unico,MADE IN ARMENIA,재고 없음
CA05X1029353001,BIRKENSTOCK,D,CA,SANDALS,,재고 없음
CA05X1029353001,BIRKENSTOCK,D,CA,SANDALS,,재고 없음
CA05X1029710001,BIRKENSTOCK,U,CA,SANDALS,,재고 없음
CA05X1029710001,BIRKENSTOCK,U,CA,SANDALS,,재고 없음
BO01CM01256X001,MARNI,K,BO,LEATHER BAG Colore unico,MADE IN CHINA,재고 없음
BO01CM01256X001,MARNI,K,BO,LEATHER BAG Colore unico,MADE IN CHINA,재고 없음
AB02X816081X001,GUCCI,D,AB,BEACHWEAR,,재고 없음
AB02X816081X001,GUCCI,D,AB,BEACHWEAR,,재고 없음
CA07CA24SS11001,IL GUFO,K,CA,FLAT SHOES Colore unico,MADE IN ITALY,재고 없음
CA07CA24SS11001,IL GUFO,K,CA,FLAT SHOES Colore unico,MADE IN ITALY,재고 없음
28463191,,Man,Clothing,Shorts,Giappone,브랜드 실패(사유: None) / 카테고리 성공 / 원산지 성공
28463191,,Man,Clothing,Shorts,Giappone,브랜드 실패(사유: None) / 카테고리 성공 / 원산지 성공
28463191,,Man,Clothing,Shorts,Giappone,브랜드 실패(사유: None) / 카테고리 성공 / 원산지 성공
28463191,,Man,Clothing,Shorts,Giappone,브랜드 실패(사유: None) / 카테고리 성공 / 원산지 성공
28463191,,Man,Clothing,Shorts,Giappone,브랜드 실패(사유: None) / 카테고리 성공 / 원산지 성공
28463191,,Man,Clothing,Shorts,Giappone,브랜드 실패(사유: None) / 카테고리 성공 / 원산지 성공
28463202,,Man,Clothing,Trousers,Giappone,브랜드 실패(사유: None) / 카테고리 성공 / 원산지 성공
28463202,,Man,Clothing,Trousers,Giappone,브랜드 실패(사유: None) / 카테고리 성공 / 원산지 성공
28463202,,Man,Clothing,Trousers,Giappone,브랜드 실패(사유: None) / 카테고리 성공 / 원산지 성공
28463202,,Man,Clothing,Trousers,Giappone,브랜드 실패(사유: None) / 카테고리 성공 / 원산지 성공
28463202,,Man,Clothing,Trousers,Giappone,브랜드 실패(사유: None) / 카테고리 성공 / 원산지 성공
28463202,,Man,Clothing,Trousers,Giappone,브랜드 실패(사유: None) / 카테고리 성공 / 원산지 성공
28463204,,Man,Clothing,T-shirts and Polos,JAPAN,브랜드 실패(사유: None) / 카테고리 성공 / 원산지 성공
28463204,,Man,Clothing,T-shirts and Polos,JAPAN,브랜드 실패(사유: None) / 카테고리 성공 / 원산지 성공
28463204,,Man,Clothing,T-shirts and Polos,JAPAN,브랜드 실패(사유: None) / 카테고리 성공 / 원산지 성공
28463204,,Man,Clothing,T-shirts and Polos,JAPAN,브랜드 실패(사유: None) / 카테고리 성공 / 원산지 성공
28463204,,Man,Clothing,T-shirts and Polos,JAPAN,브랜드 실패(사유: None) / 카테고리 성공 / 원산지 성공
28463204,,Man,Clothing,T-shirts and Polos,JAPAN,브랜드 실패(사유: None) / 카테고리 성공 / 원산지 성공
BO01XA6349XX001,GANNI,D,BO,LEATHER BAG,MADE IN CHINA,재고 없음
BO01XA6349XX001,GANNI,D,BO,LEATHER BAG,MADE IN CHINA,재고 없음
BO01X2P5HSH0001,MARC JACOBS,D,BO,LEATHER BAG,,재고 없음
AB23XM294001001,BRUNELLO CUCINELLI,U,AB,SWEATSHIRT,,재고 없음
AB13X255PA13002,JACQUEMUS,U,AB,TROUSERS,,재고 없음
AB13X255PA13002,JACQUEMUS,U,AB,TROUSERS,,재고 없음
AB28C9518I00002,MONCLER,K,AB,BABY DRESS Colore unico,MADE IN TURKEY,재고 없음
AB28C9518I00002,MONCLER,K,AB,BABY DRESS Colore unico,MADE IN TURKEY,재고 없음
AB28CJ29518I001,MONCLER,K,AB,BABY DRESS Colore unico,MADE IN TURKEY,재고 없음
AB28CJ29518I001,MONCLER,K,AB,BABY DRESS Colore unico,MADE IN TURKEY,재고 없음
AB31CK6121EW002,K-WAY,K,AB,DOWNJACKET Colore unico,MADE IN VIETNAM,재고 없음
AB31CK6121EW002,K-WAY,K,AB,DOWNJACKET Colore unico,MADE IN VIETNAM,재고 없음
AB01XDRE0432001,LA DOUBLE J,D,AB,DRESS,MADE IN ITALY,재고 없음
AB01XDRE0432001,LA DOUBLE J,D,AB,DRESS,MADE IN ITALY,재고 없음
AB13XPMYA049002,PALM ANGELS,U,AB,TROUSERS,MADE IN ROMANIA,재고 없음
AB31C9511A00003,MONCLER,K,AB,DOWNJACKET Colore unico,MADE IN ITALY,재고 없음
AB31C9511A00003,MONCLER,K,AB,DOWNJACKET Colore unico,MADE IN ITALY,재고 없음
AB31C9541A00007,MONCLER,K,AB,DOWNJACKET Colore unico,MADE IN MOLDOVA,재고 없음
AB31C9541A00007,MONCLER,K,AB,DOWNJACKET Colore unico,MADE IN MOLDOVA,재고 없음
29006083,,Man,Clothing,T-shirts and Polos,Giappone,브랜드 실패(사유: None) / 카테고리 성공 / 원산지 성공
29006083,,Man,Clothing,T-shirts and Polos,Giappone,브랜드 실패(사유: None) / 카테고리 성공 / 원산지 성공
29006083,,Man,Clothing,T-shirts and Polos,Giappone,브랜드 실패(사유: None) / 카테고리 성공 / 원산지 성공
29006083,,Man,Clothing,T-shirts and Polos,Giappone,브랜드 실패(사유: None) / 카테고리 성공 / 원산지 성공
29006083,,Man,Clothing,T-shirts and Polos,Giappone,브랜드 실패(사유: None) / 카테고리 성공 / 원산지 성공
29006083,,Man,Clothing,T-shirts and Polos,Giappone,브랜드 실패(사유: None) / 카테고리 성공 / 원산지 성공
AB01X174732X001,TORY BURCH,D,AB,DRESS,,재고 없음
AB01CEW00083002,EMPORIO ARMANI,D,AB,DRESS Colore unico,MADE IN CHINA,재고 없음
AB01CEW00083002,EMPORIO ARMANI,D,AB,DRESS Colore unico,MADE IN CHINA,재고 없음
AB01X1225JDR001,VICTORIA BECKHAM,D,AB,DRESS,MADE IN PORTUGAL,재고 없음
AB01X1225JDR001,VICTORIA BECKHAM,D,AB,DRESS,MADE IN PORTUGAL,재고 없음
AB01XFDD311X001,FENDI,D,AB,DRESS,MADE IN ITALY,재고 없음
AB01XFDD311X001,FENDI,D,AB,DRESS,MADE IN ITALY,재고 없음
AB01XA14188X003,DIESEL,D,AB,DRESS,,재고 없음
AB01XA0450XX008,PHILOSOPHY,D,AB,DRESS,MADE IN ITALY,재고 없음
AB01XA0450XX008,PHILOSOPHY,D,AB,DRESS,MADE IN ITALY,재고 없음
AB01X329008X001,FARM RIO,D,AB,DRESS,MADE IN CHINA,재고 없음
AB01X329008X001,FARM RIO,D,AB,DRESS,MADE IN CHINA,재고 없음
AB01XA0453XX003,ALBERTA FERRETTI,D,AB,DRESS,MADE IN ITALY,재고 없음
AB01XA0453XX003,ALBERTA FERRETTI,D,AB,DRESS,MADE IN ITALY,재고 없음
CA04XAD0683X002,ACNE,D,CA,BOOTS,MADE IN ITALY,재고 없음
CA04XAD0683X002,ACNE,D,CA,BOOTS,MADE IN ITALY,재고 없음
AB01XCOPR148001,COPERNI,D,AB,DRESS,MADE IN BULGARIA,재고 없음
AB01XCOPR148001,COPERNI,D,AB,DRESS,MADE IN BULGARIA,재고 없음
AB02XDOMINOX001,HUNZA G,D,AB,BEACHWEAR,MADE IN MAROCCO,재고 없음
AB02XDOMINOX001,HUNZA G,D,AB,BEACHWEAR,MADE IN MAROCCO,재고 없음
AB03CK1S1662009,STONE ISLAND,K,AB,SHORT Colore unico,MADE IN ROMANIA,재고 없음
AB03CK1S1662009,STONE ISLAND,K,AB,SHORT Colore unico,MADE IN ROMANIA,재고 없음
AB03X2218XXX003,C.9.3,U,AB,SHORT,MADE IN ITALY,재고 없음
AB03X2218XXX003,C.9.3,U,AB,SHORT,MADE IN ITALY,재고 없음
AB03XA14051X001,DIESEL,D,AB,SHORT,MADE IN MAURITIUS,재고 없음
AB03XA14051X001,DIESEL,D,AB,SHORT,MADE IN MAURITIUS,재고 없음
AB04CS05BSHW001,BONPOINT,K,AB,SHIRT Colore unico,MADE IN ALBANIA,재고 없음
AB04CS05BSHW001,BONPOINT,K,AB,SHIRT Colore unico,MADE IN ALBANIA,재고 없음
AB04X255DE06001,JACQUEMUS,U,AB,SHIRT,MADE IN ITALY,재고 없음
AB04X255DE06001,JACQUEMUS,U,AB,SHIRT,MADE IN ITALY,재고 없음
AB18X254100X001,CHARO RUIZ,D,AB,TOP,MADE IN PORTUGAL,재고 없음
AB18X254100X001,CHARO RUIZ,D,AB,TOP,MADE IN PORTUGAL,재고 없음
AB04XK1S1512002,STONE ISLAND,U,AB,SHIRT,MADE IN TUNISIA,재고 없음
AB04XK1S1512002,STONE ISLAND,U,AB,SHIRT,MADE IN TUNISIA,재고 없음
AB04XLEGNOXX001,MAX MARA,D,AB,SHIRT,MADE IN ITALY,재고 없음
AB04XLEGNOXX001,MAX MARA,D,AB,SHIRT,MADE IN ITALY,재고 없음
AB04XNUKAXXX001,LOULOU STUDIO,D,AB,SHIRT,MADE IN CHINA,재고 없음
AB04XNUKAXXX001,LOULOU STUDIO,D,AB,SHIRT,MADE IN CHINA,재고 없음
AB07XMA4797B001,BRUNELLO CUCINELLI,U,AB,JACKET,,재고 없음
AB07X1125WJK001,VICTORIA BECKHAM,D,AB,JACKET,MADE IN PORTUGAL,재고 없음
AB07X1125WJK001,VICTORIA BECKHAM,D,AB,JACKET,MADE IN PORTUGAL,재고 없음
AB04XAWKSP25001,AWAKE NY,U,AB,SHIRT,MADE IN CHINA,재고 없음
AB04XAWKSP25001,AWAKE NY,U,AB,SHIRT,MADE IN CHINA,재고 없음
AB05XREBUSXX004,MAX MARA,D,AB,COAT,MADE IN ITALY,재고 없음
AB05XREBUSXX004,MAX MARA,D,AB,COAT,MADE IN ITALY,재고 없음
AB04XF4824XX001,FORET,U,AB,SHIRT,MADE IN PORTUGAL,재고 없음
AB04XF4824XX001,FORET,U,AB,SHIRT,MADE IN PORTUGAL,재고 없음
AB09X773003X001,GUCCI,D,AB,SKIRT,MADE IN ITALY,재고 없음
AB09X773003X001,GUCCI,D,AB,SKIRT,MADE IN ITALY,재고 없음
AB09X813474X001,ALEXANDER MCQUEEN,D,AB,SKIRT,MADE IN ITALY,재고 없음
AB09X813474X001,ALEXANDER MCQUEEN,D,AB,SKIRT,MADE IN ITALY,재고 없음
AB11X8112148001,BURBERRY,U,AB,KNITWEAR,,재고 없음
AB05XMADAMEX021,MAX MARA,D,AB,COAT,MADE IN ITALY,재고 없음
AB05XMADAMEX021,MAX MARA,D,AB,COAT,MADE IN ITALY,재고 없음
AB31XPI00193007,HERNO,D,AB,DOWNJACKET,,재고 없음
AB09X1745SRS001,ZIMMERMANN,D,AB,SKIRT,MADE IN CHINA,재고 없음
AB09X1745SRS001,ZIMMERMANN,D,AB,SKIRT,MADE IN CHINA,재고 없음
AB12XPMED057002,PALM ANGELS,U,AB,OUTERWEAR,,재고 없음
AB11XK2516XX001,GANNI,D,AB,KNITWEAR,,재고 없음
AL02X6W0J0Z8001,VALENTINO GARAVANI,D,AL,JEWELLERY,MADE IN ITALY,재고 없음
AL02X6W0J0Z8001,VALENTINO GARAVANI,D,AL,JEWELLERY,MADE IN ITALY,재고 없음
AB11X8103045001,BURBERRY,D,AB,KNITWEAR,MADE IN ITALY,재고 없음
AB11X8103045001,BURBERRY,D,AB,KNITWEAR,MADE IN ITALY,재고 없음
AB13X243PA11001,JACQUEMUS,D,AB,TROUSERS,MADE IN BULGARIA,재고 없음
AB13X243PA11001,JACQUEMUS,D,AB,TROUSERS,MADE IN BULGARIA,재고 없음
AB11XMKA202A005,THOM BROWNE,U,AB,KNITWEAR,MADE IN ITALY,재고 없음
AB11XMKA202A005,THOM BROWNE,U,AB,KNITWEAR,MADE IN ITALY,재고 없음
AB09XFQ7634X001,FENDI,D,AB,SKIRT,MADE IN ITALY,재고 없음
AB09XFQ7634X001,FENDI,D,AB,SKIRT,MADE IN ITALY,재고 없음
AB11X168784X001,TORY BURCH,D,AB,KNITWEAR,,재고 없음
AB13CEW00087001,EMPORIO ARMANI,D,AB,TROUSERS Colore unico,MADE IN CHINA,재고 없음
AB13CEW00087001,EMPORIO ARMANI,D,AB,TROUSERS Colore unico,MADE IN CHINA,재고 없음
AB13XALOES-P004,PIERRE LOUIS MASCIA,D,AB,TROUSERS,MADE IN ITALY,재고 없음
AB13XALOES-P004,PIERRE LOUIS MASCIA,D,AB,TROUSERS,MADE IN ITALY,재고 없음
AB31XMP00012002,HERNO,U,AB,DOWNJACKET,MADE IN TURKEY,재고 없음
AB31XMP00012002,HERNO,U,AB,DOWNJACKET,MADE IN TURKEY,재고 없음
AB11XPU0231F001,ISABEL MARANT,D,AB,KNITWEAR,,재고 없음
AL02XUKR907X001,AMI,D,AL,JEWELLERY,MADE IN CHINA,재고 없음
AL02XUKR907X001,AMI,D,AL,JEWELLERY,MADE IN CHINA,재고 없음
29006196,,Man,Accessories,Accessories,China,원가 없음 또는 0원
29006196,,Man,Accessories,Accessories,China,원가 없음 또는 0원
29006196,,Man,Accessories,Accessories,China,원가 없음 또는 0원
29006196,,Man,Accessories,Accessories,China,원가 없음 또는 0원
29006196,,Man,Accessories,Accessories,China,원가 없음 또는 0원
29006196,,Man,Accessories,Accessories,China,원가 없음 또는 0원
AB18CEW00060001,EMPORIO ARMANI,D,AB,TOP Colore unico,MADE IN TURKEY,재고 없음
AB18CEW00060001,EMPORIO ARMANI,D,AB,TOP Colore unico,MADE IN TURKEY,재고 없음
29006198,,Unisex,Accessories,Accessories,,원가 없음 또는 0원
29006198,,Unisex,Accessories,Accessories,,원가 없음 또는 0원
29006198,,Unisex,Accessories,Accessories,,원가 없음 또는 0원
29006198,,Unisex,Accessories,Accessories,,원가 없음 또는 0원
29006198,,Unisex,Accessories,Accessories,,원가 없음 또는 0원
29006198,,Unisex,Accessories,Accessories,,원가 없음 또는 0원
AB18X2368386001,KHAITE,D,AB,TOP,MADE IN ITALY,재고 없음
AB18X2368386001,KHAITE,D,AB,TOP,MADE IN ITALY,재고 없음
AB18X329699X001,FARM RIO,D,AB,TOP,,재고 없음
AB18X329699X001,FARM RIO,D,AB,TOP,,재고 없음
AB13CS05BPAW001,BONPOINT,K,AB,TROUSERS Colore unico,MADE IN ALBANIA,재고 없음
AB13CS05BPAW001,BONPOINT,K,AB,TROUSERS Colore unico,MADE IN ALBANIA,재고 없음
AB18X100807X004,PINKO,D,AB,TOP,MADE IN TUNISIA,재고 없음
AB18X100807X004,PINKO,D,AB,TOP,MADE IN TUNISIA,재고 없음
AB22XBM716GX004,GIVENCHY,U,AB,T-SHIRT,MADE IN ITALY,재고 없음
AB22XBM716GX004,GIVENCHY,U,AB,T-SHIRT,MADE IN ITALY,재고 없음
AB22XCIPRIAX001,MAX MARA,D,AB,T-SHIRT,MADE IN EXTRA UE,재고 없음
AB22XCIPRIAX001,MAX MARA,D,AB,T-SHIRT,MADE IN EXTRA UE,재고 없음
AB22X100535X005,PINKO,D,AB,T-SHIRT,MADE IN CHINA,재고 없음
AB22X100535X005,PINKO,D,AB,T-SHIRT,MADE IN CHINA,재고 없음
AB22XMJS010A001,THOM BROWNE,U,AB,T-SHIRT,MADE IN ITALY,재고 없음
AB22XMJS010A001,THOM BROWNE,U,AB,T-SHIRT,MADE IN ITALY,재고 없음
AB22XG8ST3ZX001,DOLCE&GABBANA,U,AB,T-SHIRT,,재고 없음
AB18X104478X001,PINKO,D,AB,TOP,MADE IN ITALY,재고 없음
AB18X104478X001,PINKO,D,AB,TOP,MADE IN ITALY,재고 없음
AB22XMJS067A001,THOM BROWNE,U,AB,T-SHIRT,MADE IN JAPAN,재고 없음
AB22XMJS067A001,THOM BROWNE,U,AB,T-SHIRT,MADE IN JAPAN,재고 없음
AB22XS74GD14003,DSQUARED2,U,AB,T-SHIRT,,재고 없음
AB22XPMAA10B001,PALM ANGELS,U,AB,T-SHIRT,MADE IN PORTUGAL,재고 없음
AB22XF4853XX001,FORET,U,AB,T-SHIRT,MADE IN PORTUGAL,재고 없음
AB22XF4853XX001,FORET,U,AB,T-SHIRT,MADE IN PORTUGAL,재고 없음
AB22XSS25-10002,ARTE,U,AB,T-SHIRT,MADE IN PORTUGAL,재고 없음
AB22XSS25-10002,ARTE,U,AB,T-SHIRT,MADE IN PORTUGAL,재고 없음
AB22XSS25-11004,ARTE,U,AB,T-SHIRT,MADE IN PORTUGAL,재고 없음
AB22XSS25-11004,ARTE,U,AB,T-SHIRT,MADE IN PORTUGAL,재고 없음
29006249,,Man,Bags,Bags..,VN,브랜드 실패(사유: None) / 카테고리 성공 / 원산지 성공
29006249,,Man,Bags,Bags..,VN,브랜드 실패(사유: None) / 카테고리 성공 / 원산지 성공
29006249,,Man,Bags,Bags..,VN,브랜드 실패(사유: None) / 카테고리 성공 / 원산지 성공
29006249,,Man,Bags,Bags..,VN,브랜드 실패(사유: None) / 카테고리 성공 / 원산지 성공
29006249,,Man,Bags,Bags..,VN,브랜드 실패(사유: None) / 카테고리 성공 / 원산지 성공
29006249,,Man,Bags,Bags..,VN,브랜드 실패(사유: None) / 카테고리 성공 / 원산지 성공
AB22CK1S1622007,STONE ISLAND,K,AB,T-SHIRT Colore unico,MADE IN TURKEY,재고 없음
AB22CK1S1622007,STONE ISLAND,K,AB,T-SHIRT Colore unico,MADE IN TURKEY,재고 없음
AB22CK19518C006,MONCLER,K,AB,T-SHIRT Colore unico,MADE IN TURKEY,재고 없음
AB22CK19518C006,MONCLER,K,AB,T-SHIRT Colore unico,MADE IN TURKEY,재고 없음
AB22X796395X005,GUCCI,U,AB,T-SHIRT,MADE IN ITALY,재고 없음
AB22X796395X005,GUCCI,U,AB,T-SHIRT,MADE IN ITALY,재고 없음
AB22X8102436001,BURBERRY,U,AB,T-SHIRT,MADE IN PORTUGAL,재고 없음
AB22X8102436001,BURBERRY,U,AB,T-SHIRT,MADE IN PORTUGAL,재고 없음
AB22X103320X002,PINKO,D,AB,T-SHIRT,MADE IN CHINA,재고 없음
AB22X103320X002,PINKO,D,AB,T-SHIRT,MADE IN CHINA,재고 없음
AB22X818431X002,BALENCIAGA,D,AB,T-SHIRT,MADE IN PORTUGAL,재고 없음
AB22X818431X002,BALENCIAGA,D,AB,T-SHIRT,MADE IN PORTUGAL,재고 없음
AB22XA19674X001,DIESEL,D,AB,T-SHIRT,,재고 없음
AB24X8110629001,BURBERRY,U,AB,CARDIGAN,,재고 없음
AB22X1125JTS001,VICTORIA BECKHAM,D,AB,T-SHIRT,MADE IN PORTUGAL,재고 없음
AB22X1125JTS001,VICTORIA BECKHAM,D,AB,T-SHIRT,MADE IN PORTUGAL,재고 없음
AB22X225JTS1001,COURREGES,D,AB,T-SHIRT,MADE IN PORTUGAL,재고 없음
AB22X225JTS1001,COURREGES,D,AB,T-SHIRT,MADE IN PORTUGAL,재고 없음
AB22XD9SP100001,DRUMOHR,U,AB,T-SHIRT,MADE IN ITALY,재고 없음
AB22XD9SP100001,DRUMOHR,U,AB,T-SHIRT,MADE IN ITALY,재고 없음
AB13XSS25-24001,ARTE,U,AB,TROUSERS,MADE IN PORTUGAL,재고 없음
AB13XSS25-24001,ARTE,U,AB,TROUSERS,MADE IN PORTUGAL,재고 없음
AB22XBM71JBX001,GIVENCHY,U,AB,T-SHIRT,MADE IN PORTUGAL,재고 없음
AB22XBM71JBX001,GIVENCHY,U,AB,T-SHIRT,MADE IN PORTUGAL,재고 없음
AB22X37534XX003,PATAGONIA,U,AB,T-SHIRT,MADE IN MEXICO,재고 없음
AB22X37534XX003,PATAGONIA,U,AB,T-SHIRT,MADE IN MEXICO,재고 없음
AB22XHTS055X002,AMI,U,AB,T-SHIRT,MADE IN PORTUGAL,재고 없음
AB22XHTS055X002,AMI,U,AB,T-SHIRT,MADE IN PORTUGAL,재고 없음
AB22X8104018001,BURBERRY,U,AB,T-SHIRT,MADE IN PORTUGAL,재고 없음
AB22X8104018001,BURBERRY,U,AB,T-SHIRT,MADE IN PORTUGAL,재고 없음
AB22XG8PV0TX001,DOLCE&GABBANA,U,AB,T-SHIRT,,재고 없음
AB22XK10938C008,MONCLER,D,AB,T-SHIRT,MADE IN TURKEY,재고 없음
AB22XK10938C008,MONCLER,D,AB,T-SHIRT,MADE IN TURKEY,재고 없음
AB22XMJS056A001,THOM BROWNE,U,AB,T-SHIRT,MADE IN ITALY,재고 없음
AB22XMJS056A001,THOM BROWNE,U,AB,T-SHIRT,MADE IN ITALY,재고 없음
AB28CS05XDRW001,BONPOINT,K,AB,BABY DRESS Colore unico,MADE IN INDIA,재고 없음
AB22XMJS246A004,THOM BROWNE,U,AB,T-SHIRT,MADE IN JAPAN,재고 없음
AB22XMJS246A004,THOM BROWNE,U,AB,T-SHIRT,MADE IN JAPAN,재고 없음
AB22XROSSOXX001,MAX MARA,D,AB,T-SHIRT,MADE IN EXTRA UE,재고 없음
AB22XROSSOXX001,MAX MARA,D,AB,T-SHIRT,MADE IN EXTRA UE,재고 없음
AB31CJ30650B002,SAVE THE DUCK,K,AB,DOWNJACKET Colore unico,MADE IN CHINA,재고 없음
AB31CJ30650B002,SAVE THE DUCK,K,AB,DOWNJACKET Colore unico,MADE IN CHINA,재고 없음
AB31X814000X001,GUCCI,U,AB,DOWNJACKET,MADE IN ITALY,재고 없음
AB31X814000X001,GUCCI,U,AB,DOWNJACKET,MADE IN ITALY,재고 없음
AB23COGBB00A002,OFF WHITE,K,AB,SWEATSHIRT Colore unico,MADE IN PORTUGAL,재고 없음
AB23COGBB00A002,OFF WHITE,K,AB,SWEATSHIRT Colore unico,MADE IN PORTUGAL,재고 없음
AB23X8110938001,BURBERRY,U,AB,SWEATSHIRT,,재고 없음
AB22XSH1154X001,LEMAIRE,D,AB,T-SHIRT,MADE IN ROMANIA,재고 없음
AB22XSH1154X001,LEMAIRE,D,AB,T-SHIRT,MADE IN ROMANIA,재고 없음
29006289,,Man,Bags,Bags..,VN,브랜드 실패(사유: None) / 카테고리 성공 / 원산지 성공
29006289,,Man,Bags,Bags..,VN,브랜드 실패(사유: None) / 카테고리 성공 / 원산지 성공
29006289,,Man,Bags,Bags..,VN,브랜드 실패(사유: None) / 카테고리 성공 / 원산지 성공
29006289,,Man,Bags,Bags..,VN,브랜드 실패(사유: None) / 카테고리 성공 / 원산지 성공
29006289,,Man,Bags,Bags..,VN,브랜드 실패(사유: None) / 카테고리 성공 / 원산지 성공
29006289,,Man,Bags,Bags..,VN,브랜드 실패(사유: None) / 카테고리 성공 / 원산지 성공
AB22XSS25-09001,ARTE,U,AB,T-SHIRT,MADE IN PORTUGAL,재고 없음
AB22XSS25-09001,ARTE,U,AB,T-SHIRT,MADE IN PORTUGAL,재고 없음
29006295,,Man,Bags,Bags..,VN,브랜드 실패(사유: None) / 카테고리 성공 / 원산지 성공
29006295,,Man,Bags,Bags..,VN,브랜드 실패(사유: None) / 카테고리 성공 / 원산지 성공
29006295,,Man,Bags,Bags..,VN,브랜드 실패(사유: None) / 카테고리 성공 / 원산지 성공
29006295,,Man,Bags,Bags..,VN,브랜드 실패(사유: None) / 카테고리 성공 / 원산지 성공
29006295,,Man,Bags,Bags..,VN,브랜드 실패(사유: None) / 카테고리 성공 / 원산지 성공
29006295,,Man,Bags,Bags..,VN,브랜드 실패(사유: None) / 카테고리 성공 / 원산지 성공
AB29C8N1F98X006,EMPORIO ARMANI,U,AB,POLO Colore unico,MADE IN VIETNAM,재고 없음
AB29C8N1F98X006,EMPORIO ARMANI,U,AB,POLO Colore unico,MADE IN VIETNAM,재고 없음
AB31XFI00012001,HERNO,U,AB,DOWNJACKET,MADE IN ITALY,재고 없음
AB31XFI00012001,HERNO,U,AB,DOWNJACKET,MADE IN ITALY,재고 없음
AB23XMJT021H005,THOM BROWNE,U,AB,SWEATSHIRT,MADE IN JAPAN,재고 없음
AB23XMJT021H005,THOM BROWNE,U,AB,SWEATSHIRT,MADE IN JAPAN,재고 없음
AB22XDH1EG01002,BALMAIN,U,AB,T-SHIRT,MADE IN BULGARIA,재고 없음
AB22XDH1EG01002,BALMAIN,U,AB,T-SHIRT,MADE IN BULGARIA,재고 없음
AB23XA18947X001,DIESEL,U,AB,SWEATSHIRT,,재고 없음
AB31CK81253W002,K-WAY,K,AB,DOWNJACKET Colore unico,MADE IN VIETNAM,재고 없음
AB31CK81253W002,K-WAY,K,AB,DOWNJACKET Colore unico,MADE IN VIETNAM,재고 없음
AB22X8110116001,BURBERRY,U,AB,T-SHIRT,MADE IN PORTUGAL,재고 없음
AB23XNF0A8C2001,THE NORTH FACE,U,AB,SWEATSHIRT,MADE IN TURKEY,재고 없음
AB23XNF0A8C2001,THE NORTH FACE,U,AB,SWEATSHIRT,MADE IN TURKEY,재고 없음
AB31XK1S1512001,STONE ISLAND,U,AB,DOWNJACKET,MADE IN ITALY,재고 없음
AB31XK1S1512001,STONE ISLAND,U,AB,DOWNJACKET,MADE IN ITALY,재고 없음
AB24XCA0004F009,ISABEL MARANT ETOILE,D,AB,CARDIGAN,,재고 없음
29006324,CALLING JUNE,Woman,Clothing,Dresses,India,원가 없음 또는 0원
29006324,CALLING JUNE,Woman,Clothing,Dresses,India,원가 없음 또는 0원
29006324,CALLING JUNE,Woman,Clothing,Dresses,India,원가 없음 또는 0원
29006324,CALLING JUNE,Woman,Clothing,Dresses,India,원가 없음 또는 0원
29006324,CALLING JUNE,Woman,Clothing,Dresses,India,원가 없음 또는 0원
29006324,CALLING JUNE,Woman,Clothing,Dresses,India,원가 없음 또는 0원
29006331,,Man,Bags,Bags..,VN,브랜드 실패(사유: None) / 카테고리 성공 / 원산지 성공
29006331,,Man,Bags,Bags..,VN,브랜드 실패(사유: None) / 카테고리 성공 / 원산지 성공
29006331,,Man,Bags,Bags..,VN,브랜드 실패(사유: None) / 카테고리 성공 / 원산지 성공
29006331,,Man,Bags,Bags..,VN,브랜드 실패(사유: None) / 카테고리 성공 / 원산지 성공
29006331,,Man,Bags,Bags..,VN,브랜드 실패(사유: None) / 카테고리 성공 / 원산지 성공
29006331,,Man,Bags,Bags..,VN,브랜드 실패(사유: None) / 카테고리 성공 / 원산지 성공
AB31XFI00012002,HERNO,U,AB,DOWNJACKET,,재고 없음
AB31XRU02E17001,RICK OWENS,U,AB,DOWNJACKET,,재고 없음
AB24XR13WY26001,R13,D,AB,CARDIGAN,MADE IN CHINA,재고 없음
AB24XR13WY26001,R13,D,AB,CARDIGAN,MADE IN CHINA,재고 없음
BO01X102790X007,PINKO,D,BO,LEATHER BAG,MADE IN CHINA,재고 없음
BO01X102790X007,PINKO,D,BO,LEATHER BAG,MADE IN CHINA,재고 없음
AB29X788024X002,GUCCI,U,AB,POLO,MADE IN ITALY,재고 없음
AB29X788024X002,GUCCI,U,AB,POLO,MADE IN ITALY,재고 없음
AB29XK10938A003,MONCLER,D,AB,POLO,MADE IN TURKEY,재고 없음
AB29XK10938A003,MONCLER,D,AB,POLO,MADE IN TURKEY,재고 없음
AB23XG9BSGZX001,DOLCE&GABBANA,U,AB,SWEATSHIRT,,재고 없음
AB22XIY2046X001,ADIDAS X WALES BONNER,U,AB,T-SHIRT,MADE IN CHINA,재고 없음
AB22XIY2046X001,ADIDAS X WALES BONNER,U,AB,T-SHIRT,MADE IN CHINA,재고 없음
AB29X8071620003,BURBERRY,U,AB,POLO,MADE IN PORTUGAL,재고 없음
AB29X8071620003,BURBERRY,U,AB,POLO,MADE IN PORTUGAL,재고 없음
AB29X8103865001,BURBERRY,U,AB,POLO,MADE IN PORTUGAL,재고 없음
AB29X8103865001,BURBERRY,U,AB,POLO,MADE IN PORTUGAL,재고 없음
AB13XA4298XX001,LEVI'S,U,AB,TROUSERS,MADE IN BANGLADESH,재고 없음
AB13XA4298XX001,LEVI'S,U,AB,TROUSERS,MADE IN BANGLADESH,재고 없음
AB31XPI00193006,HERNO,D,AB,DOWNJACKET,,재고 없음
BO01X000148X003,WANDLER,D,BO,LEATHER BAG,MADE IN ITALY,재고 없음
BO01X000148X003,WANDLER,D,BO,LEATHER BAG,MADE IN ITALY,재고 없음
BO01X100039X028,PINKO,D,BO,LEATHER BAG,MADE IN CHINA,재고 없음
BO01X100039X028,PINKO,D,BO,LEATHER BAG,MADE IN CHINA,재고 없음
BO01X161946X001,TORY BURCH,D,BO,LEATHER BAG,MADE IN CHINA,재고 없음
BO01X161946X001,TORY BURCH,D,BO,LEATHER BAG,MADE IN CHINA,재고 없음
AL02X696432X005,FERRAGAMO,D,AL,JEWELLERY,MADE IN ITALY,재고 없음
AL02X696432X005,FERRAGAMO,D,AL,JEWELLERY,MADE IN ITALY,재고 없음
AB31XPI00193008,HERNO,D,AB,DOWNJACKET,,재고 없음
AB31XPI00206001,HERNO,D,AB,DOWNJACKET,,재고 없음
BO01X5A01000003,VIVIENNE WESTWOOD,D,BO,LEATHER BAG,MADE IN CHINA,재고 없음
BO01X5A01000003,VIVIENNE WESTWOOD,D,BO,LEATHER BAG,MADE IN CHINA,재고 없음
BO01X6W2P0AK001,VALENTINO GARAVANI,D,BO,LEATHER BAG,MADE IN ITALY,재고 없음
BO01X6W2P0AK001,VALENTINO GARAVANI,D,BO,LEATHER BAG,MADE IN ITALY,재고 없음
AB31X8105098001,BURBERRY,D,AB,DOWNJACKET,MADE IN THAILANDIA,재고 없음
AB31X8105098001,BURBERRY,D,AB,DOWNJACKET,MADE IN THAILANDIA,재고 없음
AL04CK19513B001,MONCLER,K,AL,HAT Colore unico,MADE IN ITALY,재고 없음
AL04CK19513B001,MONCLER,K,AL,HAT Colore unico,MADE IN ITALY,재고 없음
AB23XAMJYHD1007,AMIRI,U,AB,SWEATSHIRT,MADE IN ITALY,재고 없음
AB23XAMJYHD1007,AMIRI,U,AB,SWEATSHIRT,MADE IN ITALY,재고 없음
AL04XBASB000001,SAINT BARTH,U,AL,HAT,MADE IN CHINA,재고 없음
AL04XBASB000001,SAINT BARTH,U,AL,HAT,MADE IN CHINA,재고 없음
AB13X2069XXX001,CITIZENS OF HUMANITY,D,AB,TROUSERS,MADE IN U.S.A.,재고 없음
AB13X2069XXX001,CITIZENS OF HUMANITY,D,AB,TROUSERS,MADE IN U.S.A.,재고 없음
AL04XSS25-21003,ARTE,U,AL,HAT,MADE IN CHINA,재고 없음
AL04XSS25-21003,ARTE,U,AL,HAT,MADE IN CHINA,재고 없음
BO01XH004L01018,MARC JACOBS,D,BO,LEATHER BAG,,재고 없음
AB23XNF0A89F003,THE NORTH FACE,U,AB,SWEATSHIRT,MADE IN BANGLADESH,재고 없음
AB23XNF0A89F003,THE NORTH FACE,U,AB,SWEATSHIRT,MADE IN BANGLADESH,재고 없음
AL11X133483X074,GUCCI,D,AL,SCARF,MADE IN ITALY,재고 없음
AL11X133483X074,GUCCI,D,AL,SCARF,MADE IN ITALY,재고 없음
AL03XNF0A882003,THE NORTH FACE,U,AL,SOCKS,MADE IN TURKEY,재고 없음
AL03XNF0A882003,THE NORTH FACE,U,AL,SOCKS,MADE IN TURKEY,재고 없음
BO01X7VA655X001,FENDI,U,BO,LEATHER BAG,MADE IN ITALY,재고 없음
BO01X7VA655X001,FENDI,U,BO,LEATHER BAG,MADE IN ITALY,재고 없음
BO01XPP0003F012,ISABEL MARANT,D,BO,LEATHER BAG,,재고 없음
BO01XTMSR25T002,THEMOIRE,D,BO,LEATHER BAG,MADE IN ITALY,재고 없음
BO01XTMSR25T002,THEMOIRE,D,BO,LEATHER BAG,MADE IN ITALY,재고 없음
AB31XK1S1541005,STONE ISLAND,U,AB,DOWNJACKET,MADE IN VIETNAM,재고 없음
AB31XK1S1541005,STONE ISLAND,U,AB,DOWNJACKET,MADE IN VIETNAM,재고 없음
AL02XS25-EA0004,PANCONESI,D,AL,JEWELLERY,MADE IN ITALY,재고 없음
AL02XS25-EA0004,PANCONESI,D,AL,JEWELLERY,MADE IN ITALY,재고 없음
AL03XNF0A882004,THE NORTH FACE,U,AL,SOCKS,MADE IN TURKEY,재고 없음
AL03XNF0A882004,THE NORTH FACE,U,AL,SOCKS,MADE IN TURKEY,재고 없음
BO01X8BR600X051,FENDI,D,BO,LEATHER BAG,MADE IN ITALY,재고 없음
BO01X8BR600X051,FENDI,D,BO,LEATHER BAG,MADE IN ITALY,재고 없음
BO01X100039X021,PINKO,D,BO,LEATHER BAG,MADE IN CHINA,재고 없음
BO01X100039X021,PINKO,D,BO,LEATHER BAG,MADE IN CHINA,재고 없음
AL04XAWKSP25009,AWAKE NY,U,AL,HAT,MADE IN VIETNAM,재고 없음
AL04XAWKSP25009,AWAKE NY,U,AL,HAT,MADE IN VIETNAM,재고 없음
BO01XM001615012,MARC JACOBS,D,BO,LEATHER BAG,MADE IN VIETNAM,재고 없음
BO01XM001615012,MARC JACOBS,D,BO,LEATHER BAG,MADE IN VIETNAM,재고 없음
BO01X103335X001,PINKO,D,BO,LEATHER BAG,MADE IN CHINA,재고 없음
BO01X103335X001,PINKO,D,BO,LEATHER BAG,MADE IN CHINA,재고 없음
BO01X8BH424X003,FENDI,D,BO,LEATHER BAG,MADE IN ITALY,재고 없음
BO01X8BH424X003,FENDI,D,BO,LEATHER BAG,MADE IN ITALY,재고 없음
CA03XAULWLL1020,AUTRY,D,CA,SNEAKERS,MADE IN INDONESIA,재고 없음
CA03XAULWLL1020,AUTRY,D,CA,SNEAKERS,MADE IN INDONESIA,재고 없음
BO01X25US901002,CHLOE',D,BO,LEATHER BAG,MADE IN MADAGASCAR,재고 없음
BO01X25US901002,CHLOE',D,BO,LEATHER BAG,MADE IN MADAGASCAR,재고 없음
BO01X2F4HTT0003,MARC JACOBS,D,BO,LEATHER BAG,MADE IN VIETNAM,재고 없음
BO01X2F4HTT0003,MARC JACOBS,D,BO,LEATHER BAG,MADE IN VIETNAM,재고 없음
AL19C340118X003,EMPORIO ARMANI,U,AL,TIE Colore unico,MADE IN ITALY,재고 없음
AL19C340118X003,EMPORIO ARMANI,U,AL,TIE Colore unico,MADE IN ITALY,재고 없음
BO01CC20045X001,CHLOE',K,BO,LEATHER BAG Colore unico,MADE IN TUNISIA,재고 없음
BO01CC20045X001,CHLOE',K,BO,LEATHER BAG Colore unico,MADE IN TUNISIA,재고 없음
AL11X8076576004,BURBERRY,D,AL,SCARF,MADE IN SCOTLAND,재고 없음
AL11X8076576004,BURBERRY,D,AL,SCARF,MADE IN SCOTLAND,재고 없음
AB31CK19541A041,MONCLER,K,AB,DOWNJACKET Colore unico,MADE IN ARMENIA,재고 없음
AB31CK19541A041,MONCLER,K,AB,DOWNJACKET Colore unico,MADE IN ARMENIA,재고 없음
BO01X251BA41002,JACQUEMUS,D,BO,LEATHER BAG,MADE IN ITALY,재고 없음
BO01X251BA41002,JACQUEMUS,D,BO,LEATHER BAG,MADE IN ITALY,재고 없음
BO01XJH306A0001,JW PEI,D,BO,LEATHER BAG,MADE IN CHINA,재고 없음
BO01XJH306A0001,JW PEI,D,BO,LEATHER BAG,MADE IN CHINA,재고 없음
BO01X100782X005,PINKO,D,BO,LEATHER BAG,MADE IN CHINA,재고 없음
BO01X100782X005,PINKO,D,BO,LEATHER BAG,MADE IN CHINA,재고 없음
BO01XJH306B0001,JW PEI,D,BO,LEATHER BAG,MADE IN CHINA,재고 없음
BO01XJH306B0001,JW PEI,D,BO,LEATHER BAG,MADE IN CHINA,재고 없음
BO01X1C56XXX003,JW PEI,D,BO,LEATHER BAG,MADE IN CHINA,재고 없음
BO01X1C56XXX003,JW PEI,D,BO,LEATHER BAG,MADE IN CHINA,재고 없음
BO01X8BR833X002,FENDI,D,BO,LEATHER BAG,MADE IN ITALY,재고 없음
BO01X8BR833X002,FENDI,D,BO,LEATHER BAG,MADE IN ITALY,재고 없음
BO01X8BS017X005,FENDI,D,BO,LEATHER BAG,MADE IN ITALY,재고 없음
BO01X8BS017X005,FENDI,D,BO,LEATHER BAG,MADE IN ITALY,재고 없음
CA03XU740XXX003,NEW BALANCE,D,CA,SNEAKERS,MADE IN CHINA,재고 없음
CA03XU740XXX003,NEW BALANCE,D,CA,SNEAKERS,MADE IN CHINA,재고 없음
CA03XK109A4M001,MONCLER,U,CA,SNEAKERS,MADE IN VIETNAM,재고 없음
CA03XK109A4M001,MONCLER,U,CA,SNEAKERS,MADE IN VIETNAM,재고 없음
BO01XJ07WD00004,JIL SANDER,D,BO,LEATHER BAG,MADE IN ITALY,재고 없음
BO01XJ07WD00004,JIL SANDER,D,BO,LEATHER BAG,MADE IN ITALY,재고 없음
CA03XL477374001,SALOMON,U,CA,SNEAKERS,MADE IN CAMBOGIA,재고 없음
CA03XL477374001,SALOMON,U,CA,SNEAKERS,MADE IN CAMBOGIA,재고 없음
BO01XSB5WC00003,MM6,D,BO,LEATHER BAG,MADE IN CHINA,재고 없음
BO01XSB5WC00003,MM6,D,BO,LEATHER BAG,MADE IN CHINA,재고 없음
CA01XEEC300F001,CHURCH,U,CA,LEATHER SOLE,,재고 없음
BO01XOW05124002,MAISON KITSUNE,U,BO,LEATHER BAG,MADE IN CHINA,재고 없음
BO01XOW05124002,MAISON KITSUNE,U,BO,LEATHER BAG,MADE IN CHINA,재고 없음
29006574,,Unisex,Accessories,Accessories,,원가 없음 또는 0원
29006574,,Unisex,Accessories,Accessories,,원가 없음 또는 0원
29006574,,Unisex,Accessories,Accessories,,원가 없음 또는 0원
29006574,,Unisex,Accessories,Accessories,,원가 없음 또는 0원
29006574,,Unisex,Accessories,Accessories,,원가 없음 또는 0원
29006574,,Unisex,Accessories,Accessories,,원가 없음 또는 0원
BO01X804262X001,GUCCI,U,BO,LEATHER BAG,MADE IN ITALY,재고 없음
PP07X2P4SMP0002,MARC JACOBS,D,PP,WALLET,MADE IN VIETNAM,재고 없음
PP07X2P4SMP0002,MARC JACOBS,D,PP,WALLET,MADE IN VIETNAM,재고 없음
PP07X791747X001,GUCCI,U,PP,WALLET,MADE IN ITALY,재고 없음
PP07X791747X001,GUCCI,U,PP,WALLET,MADE IN ITALY,재고 없음
BO01XSA1UI00001,MAISON MARGIELA,U,BO,LEATHER BAG,MADE IN ITALY,재고 없음
BO01XSA1UI00001,MAISON MARGIELA,U,BO,LEATHER BAG,MADE IN ITALY,재고 없음
BO01XSA1UI00004,MAISON MARGIELA,U,BO,LEATHER BAG,MADE IN ITALY,재고 없음
BO01XSA1UI00004,MAISON MARGIELA,U,BO,LEATHER BAG,MADE IN ITALY,재고 없음
BO01XXBWTSBA020,TODS,D,BO,LEATHER BAG,MADE IN ITALY,재고 없음
BO01XXBWTSBA020,TODS,D,BO,LEATHER BAG,MADE IN ITALY,재고 없음
29006589,Carven,Woman,Accessories,Sunglasses,France,원가 없음 또는 0원
29006589,Carven,Woman,Accessories,Sunglasses,France,원가 없음 또는 0원
29006589,Carven,Woman,Accessories,Sunglasses,France,원가 없음 또는 0원
29006589,Carven,Woman,Accessories,Sunglasses,France,원가 없음 또는 0원
29006589,Carven,Woman,Accessories,Sunglasses,France,원가 없음 또는 0원
29006589,Carven,Woman,Accessories,Sunglasses,France,원가 없음 또는 0원
PP07X2P4SMP0001,MARC JACOBS,D,PP,WALLET,MADE IN VIETNAM,재고 없음
PP07X2P4SMP0001,MARC JACOBS,D,PP,WALLET,MADE IN VIETNAM,재고 없음
PP07X2R3SMP0002,MARC JACOBS,D,PP,WALLET,MADE IN VIETNAM,재고 없음
PP07X2R3SMP0002,MARC JACOBS,D,PP,WALLET,MADE IN VIETNAM,재고 없음
PP11X2P4SMP0001,MARC JACOBS,D,PP,CARD HOLDER,MADE IN VIETNAM,재고 없음
PP11X2P4SMP0001,MARC JACOBS,D,PP,CARD HOLDER,MADE IN VIETNAM,재고 없음
CA04XPX662XX002,PARIS TEXAS,D,CA,BOOTS,MADE IN ITALY,재고 없음
CA04XPX662XX002,PARIS TEXAS,D,CA,BOOTS,MADE IN ITALY,재고 없음
AB06X1127908001,KHAITE,D,AB,DENIM,MADE IN U.S.A.,재고 없음
AB06X1127908001,KHAITE,D,AB,DENIM,MADE IN U.S.A.,재고 없음
29006614,Carven,Woman,Accessories,Sunglasses,France,원가 없음 또는 0원
29006614,Carven,Woman,Accessories,Sunglasses,France,원가 없음 또는 0원
29006614,Carven,Woman,Accessories,Sunglasses,France,원가 없음 또는 0원
29006614,Carven,Woman,Accessories,Sunglasses,France,원가 없음 또는 0원
29006614,Carven,Woman,Accessories,Sunglasses,France,원가 없음 또는 0원
29006614,Carven,Woman,Accessories,Sunglasses,France,원가 없음 또는 0원
CA08XC25U09X001,CHLOE',D,CA,HEELED SHOES,MADE IN ITALY,재고 없음
CA08XC25U09X001,CHLOE',D,CA,HEELED SHOES,MADE IN ITALY,재고 없음
BO01X792074X001,GUCCI,U,BO,LEATHER BAG,,재고 없음
BO01X792074X001,GUCCI,U,BO,LEATHER BAG,,재고 없음
BO01X068010_018,ZANELLATO,D,BO,LEATHER BAG,MADE IN ITALY,재고 없음
BO01X068010_018,ZANELLATO,D,BO,LEATHER BAG,MADE IN ITALY,재고 없음
AB29XMM00210003,MAISON KITSUNE,U,AB,POLO,MADE IN PORTUGAL,재고 없음
AB29XMM00210003,MAISON KITSUNE,U,AB,POLO,MADE IN PORTUGAL,재고 없음
PP02C432707X005,GUCCI,K,PP,BELT Colore unico,MADE IN ITALY,재고 없음
PP02C432707X005,GUCCI,K,PP,BELT Colore unico,MADE IN ITALY,재고 없음
PP02X634437X009,SAINT LAURENT,D,PP,BELT,MADE IN ITALY,재고 없음
AB03CP25PB19003,IL GUFO,K,AB,SHORT Colore unico,MADE IN ITALY,재고 없음
AB03CP25PB19003,IL GUFO,K,AB,SHORT Colore unico,MADE IN ITALY,재고 없음
CA08XCD1893X001,DOLCE&GABBANA,D,CA,HEELED SHOES,,재고 없음
PP12X2R4SCP0001,MARC JACOBS,D,PP,POUCH,MADE IN VIETNAM,재고 없음
PP12X2R4SCP0001,MARC JACOBS,D,PP,POUCH,MADE IN VIETNAM,재고 없음
BO01XC24AS75002,CHLOE',D,BO,LEATHER BAG,MADE IN ITALY,재고 없음
BO01XC24AS75002,CHLOE',D,BO,LEATHER BAG,MADE IN ITALY,재고 없음
PP12X2S4SCP0001,MARC JACOBS,D,PP,POUCH,MADE IN VIETNAM,재고 없음
PP12X2S4SCP0001,MARC JACOBS,D,PP,POUCH,MADE IN VIETNAM,재고 없음
BO01XS54WD00027,MM6,D,BO,LEATHER BAG,MADE IN ITALY,재고 없음
BO01XS54WD00027,MM6,D,BO,LEATHER BAG,MADE IN ITALY,재고 없음
CA01XEDC126F001,CHURCH,U,CA,LEATHER SOLE,,재고 없음
AB01XA12396X002,DIESEL,D,AB,DRESS,,재고 없음
CA03XJH5453X001,ADIDAS ORIGINALS,U,CA,SNEAKERS,,재고 없음
CA03XJH5453X001,ADIDAS ORIGINALS,U,CA,SNEAKERS,,재고 없음
AB01XRO0848F001,ISABEL MARANT,D,AB,DRESS,,재고 없음
AB02CEM00069001,EMPORIO ARMANI,U,AB,BEACHWEAR Colore unico,MADE IN TURKEY,재고 없음
AB02CEM00069001,EMPORIO ARMANI,U,AB,BEACHWEAR Colore unico,MADE IN TURKEY,재고 없음
AB02XGUSTAVI023,SAINT BARTH,U,AB,BEACHWEAR,MADE IN CHINA,재고 없음
AB02XGUSTAVI023,SAINT BARTH,U,AB,BEACHWEAR,MADE IN CHINA,재고 없음
CA05XCOPSH09001,COPERNI,D,CA,SANDALS,MADE IN SPAIN,재고 없음
CA05XCOPSH09001,COPERNI,D,CA,SANDALS,MADE IN SPAIN,재고 없음
AB04X20020XX002,BORRIELLO NAPOLI,U,AB,SHIRT,MADE IN ITALY,재고 없음
AB04X20020XX002,BORRIELLO NAPOLI,U,AB,SHIRT,MADE IN ITALY,재고 없음
AB04X22MC000003,OBEY,U,AB,SHIRT,MADE IN INDIA,재고 없음
AB04X22MC000003,OBEY,U,AB,SHIRT,MADE IN INDIA,재고 없음
PP07XJ07UI00010,JIL SANDER,D,PP,WALLET,MADE IN ITALY,재고 없음
PP07XJ07UI00010,JIL SANDER,D,PP,WALLET,MADE IN ITALY,재고 없음
AB04X819356X001,GUCCI,U,AB,2000031946238,MADE IN ITALY,재고 없음
AB04X819356X001,GUCCI,U,AB,2000031946238,MADE IN ITALY,재고 없음
PP07XJ07UI00011,JIL SANDER,D,PP,WALLET,MADE IN ITALY,재고 없음
PP07XJ07UI00011,JIL SANDER,D,PP,WALLET,MADE IN ITALY,재고 없음
PP11X2P4SMP0002,MARC JACOBS,D,PP,CARD HOLDER,MADE IN VIETNAM,재고 없음
PP11X2P4SMP0002,MARC JACOBS,D,PP,CARD HOLDER,MADE IN VIETNAM,재고 없음
AB04XMRIC005002,ETRO,U,AB,SHIRT,,재고 없음
AB05X103824X001,PINKO,D,AB,COAT,MADE IN CHINA,재고 없음
AB05X103824X001,PINKO,D,AB,COAT,MADE IN CHINA,재고 없음
AB07XJOSIEXX004,TAGLIATORE,D,AB,JACKET,,재고 없음
AB07XJOSIEXX004,TAGLIATORE,D,AB,JACKET,,재고 없음
AB11XS74HA15001,DSQUARED2,U,AB,KNITWEAR,,재고 없음
AB12XPMED057001,PALM ANGELS,U,AB,OUTERWEAR,,재고 없음
AB13X814642X001,GUCCI,U,AB,TROUSERS,MADE IN ITALY,재고 없음
AB13X814642X001,GUCCI,U,AB,TROUSERS,MADE IN ITALY,재고 없음
AB18X100822X001,PINKO,D,AB,TOP,MADE IN TUNISIA,재고 없음
AB18X100822X001,PINKO,D,AB,TOP,MADE IN TUNISIA,재고 없음
AB22CP25TS46001,IL GUFO,K,AB,T-SHIRT Colore unico,MADE IN ITALY,재고 없음
AB22CP25TS46001,IL GUFO,K,AB,T-SHIRT Colore unico,MADE IN ITALY,재고 없음
AB23XM227048003,BRUNELLO CUCINELLI,U,AB,SWEATSHIRT,,재고 없음
AB22XJE1199X001,ADIDAS ORIGINALS,D,AB,T-SHIRT,MADE IN PAKISTAN,재고 없음
AB22XJE1199X001,ADIDAS ORIGINALS,D,AB,T-SHIRT,MADE IN PAKISTAN,재고 없음
AB22XR13WK00006,R13,D,AB,T-SHIRT,MADE IN CHINA,재고 없음
AB22XR13WK00006,R13,D,AB,T-SHIRT,MADE IN CHINA,재고 없음
AB23XAMJYHD1009,AMIRI,U,AB,SWEATSHIRT,,재고 없음
AL02X524894X007,FERRAGAMO,D,AL,JEWELLERY,MADE IN ITALY,재고 없음
AL02X524894X007,FERRAGAMO,D,AL,JEWELLERY,MADE IN ITALY,재고 없음
AL10X10010_3001,ETRO,D,AL,SHAWL,MADE IN ITALY,재고 없음
AL10X10010_3001,ETRO,D,AL,SHAWL,MADE IN ITALY,재고 없음
CA08X3240181001,CHRISTIAN LOUBOUTIN,D,CA,HEELED SHOES,,재고 없음
CA08X3240181001,CHRISTIAN LOUBOUTIN,D,CA,HEELED SHOES,,재고 없음
BO01XPP0003F010,ISABEL MARANT,D,BO,LEATHER BAG,,재고 없음
CA03XCS2332_002,DOLCE&GABBANA,U,CA,SNEAKERS,MADE IN ITALY,재고 없음
CA03XCS2332_002,DOLCE&GABBANA,U,CA,SNEAKERS,MADE IN ITALY,재고 없음
CA05XCQ0436X002,DOLCE&GABBANA,D,CA,SANDALS,MADE IN ITALY,재고 없음
CA05XCQ0436X002,DOLCE&GABBANA,D,CA,SANDALS,MADE IN ITALY,재고 없음
PP11X2P4SMP0003,MARC JACOBS,D,PP,CARD HOLDER,MADE IN VIETNAM,재고 없음
PP11X2P4SMP0003,MARC JACOBS,D,PP,CARD HOLDER,MADE IN VIETNAM,재고 없음
AB02XCOMFORT006,SAINT BARTH,U,AB,BEACHWEAR,MADE IN CHINA,재고 없음
AB02XCOMFORT006,SAINT BARTH,U,AB,BEACHWEAR,MADE IN CHINA,재고 없음
AB02XLIGHTIN087,SAINT BARTH,U,AB,BEACHWEAR,MADE IN CHINA,재고 없음
AB02XLIGHTIN087,SAINT BARTH,U,AB,BEACHWEAR,MADE IN CHINA,재고 없음
AB05XBARUFFA001,MAX MARA,D,AB,COAT,MADE IN ITALY,재고 없음
AB05XBARUFFA001,MAX MARA,D,AB,COAT,MADE IN ITALY,재고 없음
AB02XLIGHTIN084,SAINT BARTH,U,AB,BEACHWEAR,MADE IN CHINA,재고 없음
AB02XLIGHTIN084,SAINT BARTH,U,AB,BEACHWEAR,MADE IN CHINA,재고 없음
AB02XLIGHTIN097,SAINT BARTH,U,AB,BEACHWEAR,MADE IN CHINA,재고 없음
AB02XLIGHTIN097,SAINT BARTH,U,AB,BEACHWEAR,MADE IN CHINA,재고 없음
AB02XSK002AX001,VENUJA,D,AB,BEACHWEAR,MADE IN CHINA,재고 없음
AB02XSK002AX001,VENUJA,D,AB,BEACHWEAR,MADE IN CHINA,재고 없음
AB08C9511A00002,MONCLER,K,AB,VEST Colore unico,MADE IN ITALY,재고 없음
AB08C9511A00002,MONCLER,K,AB,VEST Colore unico,MADE IN ITALY,재고 없음
AL10XFXT069X015,FENDI,D,AL,SHAWL,MADE IN ITALY,재고 없음
AL10XFXT069X015,FENDI,D,AL,SHAWL,MADE IN ITALY,재고 없음
AL11XMSC667A003,BRUNELLO CUCINELLI,U,AL,SCARF,,재고 없음
AB02XLIGHTIN100,SAINT BARTH,U,AB,BEACHWEAR,MADE IN CHINA,재고 없음
AB02XLIGHTIN100,SAINT BARTH,U,AB,BEACHWEAR,MADE IN CHINA,재고 없음
AB02XLIGHTIN083,SAINT BARTH,U,AB,BEACHWEAR,MADE IN CHINA,재고 없음
AB02XLIGHTIN083,SAINT BARTH,U,AB,BEACHWEAR,MADE IN CHINA,재고 없음
AB31C9511A00011,MONCLER,K,AB,DOWNJACKET Colore unico,MADE IN MOLDOVA,재고 없음
AB31C9511A00011,MONCLER,K,AB,DOWNJACKET Colore unico,MADE IN MOLDOVA,재고 없음
AB04C323-865001,RALPH LAUREN,K,AB,SHIRT Colore unico,MADE IN VIETNAM,재고 없음
AB04C323-865001,RALPH LAUREN,K,AB,SHIRT Colore unico,MADE IN VIETNAM,재고 없음
AB13X749419X001,SAINT LAURENT,U,AB,TROUSERS,MADE IN ITALY,재고 없음
AB13X749419X001,SAINT LAURENT,U,AB,TROUSERS,MADE IN ITALY,재고 없음
AB22C9548C00001,MONCLER,K,AB,T-SHIRT Colore unico,MADE IN PORTUGAL,재고 없음
AB22C9548C00001,MONCLER,K,AB,T-SHIRT Colore unico,MADE IN PORTUGAL,재고 없음
AB13X774421X001,SAINT LAURENT,U,AB,TROUSERS,MADE IN ITALY,재고 없음
AB13X774421X001,SAINT LAURENT,U,AB,TROUSERS,MADE IN ITALY,재고 없음
AB31XMTE24A4004,TATRAS,U,AB,DOWNJACKET,MADE IN POLAND,재고 없음
AB31XMTE24A4004,TATRAS,U,AB,DOWNJACKET,MADE IN POLAND,재고 없음
AB02XLIGHTIN092,SAINT BARTH,U,AB,BEACHWEAR,MADE IN CHINA,재고 없음
AB02XLIGHTIN092,SAINT BARTH,U,AB,BEACHWEAR,MADE IN CHINA,재고 없음
AB02XCOMFORT005,SAINT BARTH,U,AB,BEACHWEAR,MADE IN CHINA,재고 없음
AB02XCOMFORT005,SAINT BARTH,U,AB,BEACHWEAR,MADE IN CHINA,재고 없음
AB02XGUSTAVI022,SAINT BARTH,U,AB,BEACHWEAR,MADE IN CHINA,재고 없음
AB02XGUSTAVI022,SAINT BARTH,U,AB,BEACHWEAR,MADE IN CHINA,재고 없음
AB02XPATMOSX003,SAINT BARTH,U,AB,BEACHWEAR,,재고 없음
AB02XPATMOSX003,SAINT BARTH,U,AB,BEACHWEAR,,재고 없음
AB02XLIGHTIN095,SAINT BARTH,U,AB,BEACHWEAR,MADE IN CHINA,재고 없음
AB02XLIGHTIN095,SAINT BARTH,U,AB,BEACHWEAR,MADE IN CHINA,재고 없음
AB22CS05XTSK003,BONPOINT,K,AB,T-SHIRT Colore unico,MADE IN PORTUGAL,재고 없음
AB22CS05XTSK003,BONPOINT,K,AB,T-SHIRT Colore unico,MADE IN PORTUGAL,재고 없음
29347068,Pero,Woman,Clothing,Dresses,India,원가 없음 또는 0원
29347068,Pero,Woman,Clothing,Dresses,India,원가 없음 또는 0원
29347068,Pero,Woman,Clothing,Dresses,India,원가 없음 또는 0원
29347068,Pero,Woman,Clothing,Dresses,India,원가 없음 또는 0원
29347068,Pero,Woman,Clothing,Dresses,India,원가 없음 또는 0원
29347068,Pero,Woman,Clothing,Dresses,India,원가 없음 또는 0원
AL19XMR89900001,BRUNELLO CUCINELLI,U,AL,TIE,MADE IN ITALY,재고 없음
AL19XMR89900001,BRUNELLO CUCINELLI,U,AL,TIE,MADE IN ITALY,재고 없음
AB22X245JS21007,JACQUEMUS,U,AB,T-SHIRT,MADE IN PORTUGAL,재고 없음
AB22X245JS21007,JACQUEMUS,U,AB,T-SHIRT,MADE IN PORTUGAL,재고 없음
AB02XLIGHTIN079,SAINT BARTH,U,AB,BEACHWEAR,MADE IN CHINA,재고 없음
AB02XLIGHTIN079,SAINT BARTH,U,AB,BEACHWEAR,MADE IN CHINA,재고 없음
AB22CM60803X001,MM6,K,AB,T-SHIRT Colore unico,MADE IN GREECE,재고 없음
AB22CM60803X001,MM6,K,AB,T-SHIRT Colore unico,MADE IN GREECE,재고 없음
AB26C9548M00003,MONCLER,K,AB,TRACKSUIT Colore unico,MADE IN PORTUGAL,재고 없음
AB26C9548M00003,MONCLER,K,AB,TRACKSUIT Colore unico,MADE IN PORTUGAL,재고 없음
AB31CJ29541A028,MONCLER,K,AB,DOWNJACKET Colore unico,MADE IN MOLDOVA,재고 없음
AB31CJ29541A028,MONCLER,K,AB,DOWNJACKET Colore unico,MADE IN MOLDOVA,재고 없음
AB02XGUSTAVI026,SAINT BARTH,U,AB,BEACHWEAR,MADE IN CHINA,재고 없음
AB02XGUSTAVI026,SAINT BARTH,U,AB,BEACHWEAR,MADE IN CHINA,재고 없음
AB04X8022284010,BURBERRY,D,AB,SHIRT,MADE IN THAILANDIA,재고 없음
AB04X8022284010,BURBERRY,D,AB,SHIRT,MADE IN THAILANDIA,재고 없음
AB31C9511A00019,MONCLER,K,AB,DOWNJACKET Colore unico,MADE IN BULGARIA,재고 없음
AB31C9511A00019,MONCLER,K,AB,DOWNJACKET Colore unico,MADE IN BULGARIA,재고 없음
AB27C9518M00001,MONCLER,K,AB,BABY TRACKSUIT Colore unico,MADE IN TURKEY,재고 없음
AB27C9518M00001,MONCLER,K,AB,BABY TRACKSUIT Colore unico,MADE IN TURKEY,재고 없음
AB31CJ29541A032,MONCLER,K,AB,DOWNJACKET Colore unico,,재고 없음
AB31CJ29541A032,MONCLER,K,AB,DOWNJACKET Colore unico,,재고 없음
AB31CJ29541A035,MONCLER,K,AB,DOWNJACKET Colore unico,,재고 없음
AB31CJ29541A035,MONCLER,K,AB,DOWNJACKET Colore unico,,재고 없음
AB11CA24GF43002,IL GUFO,K,AB,KNITWEAR Colore unico,MADE IN MADAGASCAR,재고 없음
AB11CA24GF43002,IL GUFO,K,AB,KNITWEAR Colore unico,MADE IN MADAGASCAR,재고 없음
BO01X000148X004,WANDLER,D,BO,LEATHER BAG,MADE IN ITALY,재고 없음
BO01X000148X004,WANDLER,D,BO,LEATHER BAG,MADE IN ITALY,재고 없음
AB31C9511A00013,MONCLER,K,AB,DOWNJACKET Colore unico,MADE IN ARMENIA,재고 없음
AB31C9511A00013,MONCLER,K,AB,DOWNJACKET Colore unico,MADE IN ARMENIA,재고 없음
AB31C9511A00025,MONCLER,K,AB,DOWNJACKET Colore unico,MADE IN MOLDOVA,재고 없음
AB31C9511A00025,MONCLER,K,AB,DOWNJACKET Colore unico,MADE IN MOLDOVA,재고 없음
AB22C9518A00002,MONCLER,K,AB,T-SHIRT Colore unico,MADE IN TURKEY,재고 없음
AB22C9518A00002,MONCLER,K,AB,T-SHIRT Colore unico,MADE IN TURKEY,재고 없음
AB31XMTE24A4003,TATRAS,U,AB,2000030158205,MADE IN POLAND,재고 없음
AB31XMTE24A4003,TATRAS,U,AB,2000030158205,MADE IN POLAND,재고 없음
AB22C9518C00006,MONCLER,K,AB,T-SHIRT Colore unico,MADE IN TURKEY,재고 없음
AB22C9518C00006,MONCLER,K,AB,T-SHIRT Colore unico,MADE IN TURKEY,재고 없음
AL04CKS10246001,KONGES SLOJD,K,AL,HAT,MADE IN CHINA,재고 없음
AL04CKS10246001,KONGES SLOJD,K,AL,HAT,MADE IN CHINA,재고 없음
AB27C9518M00006,MONCLER,K,AB,BABY TRACKSUIT Colore unico,MADE IN TURKEY,재고 없음
AB27C9518M00006,MONCLER,K,AB,BABY TRACKSUIT Colore unico,MADE IN TURKEY,재고 없음
AL04C323-552001,RALPH LAUREN,K,AL,HAT Colore unico,MADE IN CAMBOGIA,재고 없음
AL04C323-552001,RALPH LAUREN,K,AL,HAT Colore unico,MADE IN CAMBOGIA,재고 없음
AB04XLDM4010005,LES DEUX,U,AB,SHIRT,MADE IN CHINA,재고 없음
AB04XLDM4010005,LES DEUX,U,AB,SHIRT,MADE IN CHINA,재고 없음
AB31C9511A00024,MONCLER,K,AB,DOWNJACKET Colore unico,MADE IN ARMENIA,재고 없음
AB31C9511A00024,MONCLER,K,AB,DOWNJACKET Colore unico,MADE IN ARMENIA,재고 없음
BO01X24E213B001,JACQUEMUS,D,BO,LEATHER BAG,MADE IN ITALY,재고 없음
BO01X24E213B001,JACQUEMUS,D,BO,LEATHER BAG,MADE IN ITALY,재고 없음
AB31C9511A00006,MONCLER,K,AB,DOWNJACKET Colore unico,MADE IN ITALY,재고 없음
AB31C9511A00006,MONCLER,K,AB,DOWNJACKET Colore unico,MADE IN ITALY,재고 없음
BO01X104528X001,PINKO,D,BO,LEATHER BAG,MADE IN CHINA,재고 없음
BO01X104528X001,PINKO,D,BO,LEATHER BAG,MADE IN CHINA,재고 없음
AB31CK71337W001,K-WAY,K,AB,DOWNJACKET Colore unico,MADE IN CHINA,재고 없음
AB31CK71337W001,K-WAY,K,AB,DOWNJACKET Colore unico,MADE IN CHINA,재고 없음
AB31CJ29541A029,MONCLER,K,AB,DOWNJACKET Colore unico,MADE IN ROMANIA,재고 없음
AB31CJ29541A029,MONCLER,K,AB,DOWNJACKET Colore unico,MADE IN ROMANIA,재고 없음
AB09XD027XGX001,DES PHEMMES,D,AB,SKIRT,,재고 없음
AB09XD027XGX001,DES PHEMMES,D,AB,SKIRT,,재고 없음
AB27C9518M00007,MONCLER,K,AB,BABY TRACKSUIT Colore unico,MADE IN TURKEY,재고 없음
AB27C9518M00007,MONCLER,K,AB,BABY TRACKSUIT Colore unico,MADE IN TURKEY,재고 없음
AL04XOM06110001,MAISON KITSUNE,U,AL,HAT,MADE IN BULGARIA,재고 없음
AL04XOM06110001,MAISON KITSUNE,U,AL,HAT,MADE IN BULGARIA,재고 없음
AB31C9511A00012,MONCLER,K,AB,DOWNJACKET Colore unico,MADE IN ROMANIA,재고 없음
AB31C9511A00012,MONCLER,K,AB,DOWNJACKET Colore unico,MADE IN ROMANIA,재고 없음
AB04XBFUSH13001,AMI,U,AB,SHIRT,MADE IN POLAND,재고 없음
AB04XBFUSH13001,AMI,U,AB,SHIRT,MADE IN POLAND,재고 없음
AB07XEM00169001,EMPORIO ARMANI,U,AB,JACKET,,재고 없음
AB07XEM00169001,EMPORIO ARMANI,U,AB,JACKET,,재고 없음
AL12CEW00191002,EMPORIO ARMANI,D,AL,WOMEN SILK Colore unico,MADE IN ITALY,재고 없음
AL12CEW00191002,EMPORIO ARMANI,D,AL,WOMEN SILK Colore unico,MADE IN ITALY,재고 없음
BO01X818771X002,GUCCI,U,BO,LEATHER BAG,MADE IN ITALY,재고 없음
BO01X818771X002,GUCCI,U,BO,LEATHER BAG,MADE IN ITALY,재고 없음
AB22XLM00110014,MAISON KITSUNE,U,AB,T-SHIRT,MADE IN PORTUGAL,재고 없음
AB22XLM00110014,MAISON KITSUNE,U,AB,T-SHIRT,MADE IN PORTUGAL,재고 없음
AL02X691563X005,SAINT LAURENT,D,AL,JEWELLERY,MADE IN FRANCE,재고 없음
AL02X691563X005,SAINT LAURENT,D,AL,JEWELLERY,MADE IN FRANCE,재고 없음
AB13XP001-BL001,PURPLE BRAND,U,AB,TROUSERS,MADE IN CHINA,재고 없음
AB13XP001-BL001,PURPLE BRAND,U,AB,TROUSERS,MADE IN CHINA,재고 없음
AB13XP001-BR001,PURPLE BRAND,U,AB,TROUSERS,MADE IN CHINA,재고 없음
AB13XP001-BR001,PURPLE BRAND,U,AB,TROUSERS,MADE IN CHINA,재고 없음
AB08X3641MDW001,MSGM,D,AB,VEST,MADE IN ITALY,재고 없음
AB08X3641MDW001,MSGM,D,AB,VEST,MADE IN ITALY,재고 없음
AB03X24-0712001,SACAI,D,AB,SHORT,MADE IN JAPAN,재고 없음
AB03X24-0712001,SACAI,D,AB,SHORT,MADE IN JAPAN,재고 없음
AB05XFCO214X001,AMI,D,AB,COAT,MADE IN ROMANIA,재고 없음
AB05XFCO214X001,AMI,D,AB,COAT,MADE IN ROMANIA,재고 없음
AB22XBFUTS03004,AMI,D,AB,T-SHIRT,MADE IN PORTUGAL,재고 없음
AB22XBFUTS03004,AMI,D,AB,T-SHIRT,MADE IN PORTUGAL,재고 없음
AL04XOMLA049002,OFF WHITE,U,AL,HAT,MADE IN ITALY,재고 없음
AL04XOMLA049002,OFF WHITE,U,AL,HAT,MADE IN ITALY,재고 없음
AB11XBFUKS00005,AMI,U,AB,KNITWEAR,MADE IN PORTUGAL,재고 없음
AB11XBFUKS00005,AMI,U,AB,KNITWEAR,MADE IN PORTUGAL,재고 없음
PP02X473030X008,GUCCI,U,PP,BELT,MADE IN ITALY,재고 없음
PP02X473030X008,GUCCI,U,PP,BELT,MADE IN ITALY,재고 없음
CA07CX3A109X001,EMPORIO ARMANI,D,CA,FLAT SHOES Colore unico,,재고 없음
CA07CX3A109X001,EMPORIO ARMANI,D,CA,FLAT SHOES Colore unico,,재고 없음
AB13XCOASMAZ001,PT TORINO,U,AB,TROUSERS,MADE IN ROMANIA,재고 없음
AB13XCOASMAZ001,PT TORINO,U,AB,TROUSERS,MADE IN ROMANIA,재고 없음
AB22X2511941007,MAX MARA,D,AB,T-SHIRT,MADE IN CHINA,재고 없음
AB22X2511941007,MAX MARA,D,AB,T-SHIRT,MADE IN CHINA,재고 없음
AB22X2511361003,MAX MARA,D,AB,T-SHIRT,MADE IN CHINA,재고 없음
AB22X2511361003,MAX MARA,D,AB,T-SHIRT,MADE IN CHINA,재고 없음
AB23CC20481_001,CHLOE',K,AB,SWEATSHIRT Colore unico,MADE IN TUNISIA,재고 없음
AB23CC20481_001,CHLOE',K,AB,SWEATSHIRT Colore unico,MADE IN TUNISIA,재고 없음
AB23COBBA001014,OFF WHITE,K,AB,SWEATSHIRT Colore unico,MADE IN PORTUGAL,재고 없음
AB23COBBA001014,OFF WHITE,K,AB,SWEATSHIRT Colore unico,MADE IN PORTUGAL,재고 없음
AB11XBFFKS00001,AMI,D,AB,KNITWEAR,MADE IN PORTUGAL,재고 없음
AB11XBFFKS00001,AMI,D,AB,KNITWEAR,MADE IN PORTUGAL,재고 없음
AB18XHT0456F001,ISABEL MARANT ETOILE,D,AB,TOP,MADE IN INDIA,재고 없음
AB18XHT0456F001,ISABEL MARANT ETOILE,D,AB,TOP,MADE IN INDIA,재고 없음
AB11X2511361003,MAX MARA,D,AB,KNITWEAR,MADE IN CHINA,재고 없음
AB11X2511361003,MAX MARA,D,AB,KNITWEAR,MADE IN CHINA,재고 없음
AB31XPI00118001,HERNO,U,AB,DOWNJACKET,,재고 없음
AB31XPI00118001,HERNO,U,AB,DOWNJACKET,,재고 없음
BO01X81932XX001,TORY BURCH,D,BO,LEATHER BAG,MADE IN CAMBOGIA,재고 없음
BO01X81932XX001,TORY BURCH,D,BO,LEATHER BAG,MADE IN CAMBOGIA,재고 없음
AB03CM60747X001,MM6,K,AB,SHORT Colore unico,MADE IN CHINA,재고 없음
AB03CM60747X001,MM6,K,AB,SHORT Colore unico,MADE IN CHINA,재고 없음
BO02X10211XX001,LONGCHAMP,D,BO,FABRIC BAG,MADE IN CHINA,재고 없음
BO02X10211XX001,LONGCHAMP,D,BO,FABRIC BAG,MADE IN CHINA,재고 없음
BO08XBKU040X001,GIVENCHY,U,BO,BELT BAG,MADE IN ITALY,재고 없음
BO08XBKU040X001,GIVENCHY,U,BO,BELT BAG,MADE IN ITALY,재고 없음
AB01X2516631001,MAX MARA STUDIO,D,AB,DRESS,MADE IN CHINA,재고 없음
AB01X2516631001,MAX MARA STUDIO,D,AB,DRESS,MADE IN CHINA,재고 없음
AL02X65156XX004,TORY BURCH,D,AL,JEWELLERY,MADE IN CHINA,재고 없음
AL02X65156XX004,TORY BURCH,D,AL,JEWELLERY,MADE IN CHINA,재고 없음
AB31C9541A00003,MONCLER,K,AB,DOWNJACKET Colore unico,MADE IN ROMANIA,재고 없음
AB31C9541A00003,MONCLER,K,AB,DOWNJACKET Colore unico,MADE IN ROMANIA,재고 없음
BO05XI031468001,CARHARTT WIP,U,BO,BACKPACK,MADE IN VIETNAM,재고 없음
BO05XI031468001,CARHARTT WIP,U,BO,BACKPACK,MADE IN VIETNAM,재고 없음
AL04CEW00162001,EMPORIO ARMANI,D,AL,HAT Colore unico,MADE IN CHINA,재고 없음
AL04CEW00162001,EMPORIO ARMANI,D,AL,HAT Colore unico,MADE IN CHINA,재고 없음
AB09CS05GSKW002,BONPOINT,K,AB,SKIRT Colore unico,MADE IN INDIA,재고 없음
AB09CS05GSKW002,BONPOINT,K,AB,SKIRT Colore unico,MADE IN INDIA,재고 없음
AB31X8096382001,BURBERRY,U,AB,DOWNJACKET,MADE IN THAILANDIA,재고 없음
AB31X8096382001,BURBERRY,U,AB,DOWNJACKET,MADE IN THAILANDIA,재고 없음
AB01XFABX361001,ALESSANDRA RICH,D,AB,DRESS,MADE IN ITALY,재고 없음
AB01XFABX361001,ALESSANDRA RICH,D,AB,DRESS,MADE IN ITALY,재고 없음
CA01XA10597X001,DOLCE&GABBANA,U,CA,LEATHER SOLE,MADE IN ITALY,재고 없음
CA01XA10597X001,DOLCE&GABBANA,U,CA,LEATHER SOLE,MADE IN ITALY,재고 없음
AL02XUJW923X002,AMI,D,AL,JEWELLERY,MADE IN ITALY,재고 없음
AL02XUJW923X002,AMI,D,AL,JEWELLERY,MADE IN ITALY,재고 없음
BO01XS54WD00024,MM6,D,BO,LEATHER BAG,MADE IN CHINA,재고 없음
BO01XS54WD00024,MM6,D,BO,LEATHER BAG,MADE IN CHINA,재고 없음
CA03XOMIA295005,OFF WHITE,U,CA,SNEAKERS,MADE IN CHINA,재고 없음
CA03XOMIA295005,OFF WHITE,U,CA,SNEAKERS,MADE IN CHINA,재고 없음
AB10X18CMTS1005,CP COMPANY,U,AB,JERSEY,MADE IN MOLDOVA,재고 없음
AB10X18CMTS1005,CP COMPANY,U,AB,JERSEY,MADE IN MOLDOVA,재고 없음
CA02XXXM59K0005,TODS,U,CA,RUBBER SOLE,MADE IN ITALY,재고 없음
CA02XXXM59K0005,TODS,U,CA,RUBBER SOLE,MADE IN ITALY,재고 없음
AB23XK1S1561021,STONE ISLAND,U,AB,SWEATSHIRT,MADE IN MOLDOVA,재고 없음
AB23XK1S1561021,STONE ISLAND,U,AB,SWEATSHIRT,MADE IN MOLDOVA,재고 없음
CA03XRVW5062001,ROGER VIVIER,D,CA,SNEAKERS,MADE IN ITALY,재고 없음
CA03XRVW5062001,ROGER VIVIER,D,CA,SNEAKERS,MADE IN ITALY,재고 없음
AB29CKS10241002,KONGES SLOJD,K,AB,POLO,MADE IN BANGLADESH,재고 없음
AB29CKS10241002,KONGES SLOJD,K,AB,POLO,MADE IN BANGLADESH,재고 없음
AB31CK19541A018,MONCLER,K,AB,DOWNJACKET Colore unico,MADE IN MOLDOVA,재고 없음
AB31CK19541A018,MONCLER,K,AB,DOWNJACKET Colore unico,MADE IN MOLDOVA,재고 없음
AB23XBFUSW03001,AMI,U,AB,SWEATSHIRT,MADE IN PORTUGAL,재고 없음
AB23XBFUSW03001,AMI,U,AB,SWEATSHIRT,MADE IN PORTUGAL,재고 없음
AB23COBBE005001,OFF WHITE,K,AB,SWEATSHIRT Colore unico,MADE IN PORTUGAL,재고 없음
AB23COBBE005001,OFF WHITE,K,AB,SWEATSHIRT Colore unico,MADE IN PORTUGAL,재고 없음
AB13X255PA13001,JACQUEMUS,U,AB,TROUSERS,MADE IN BULGARIA,재고 없음
AB13X255PA13001,JACQUEMUS,U,AB,TROUSERS,MADE IN BULGARIA,재고 없음
AB31C9511A00007,MONCLER,K,AB,DOWNJACKET Colore unico,MADE IN BULGARIA,재고 없음
AB31C9511A00007,MONCLER,K,AB,DOWNJACKET Colore unico,MADE IN BULGARIA,재고 없음
AB31CK6121EW003,K-WAY,K,AB,DOWNJACKET Colore unico,MADE IN VIETNAM,재고 없음
AB31CK6121EW003,K-WAY,K,AB,DOWNJACKET Colore unico,MADE IN VIETNAM,재고 없음
PP02XMAURP33001,BRUNELLO CUCINELLI,U,PP,BELT,MADE IN ITALY,재고 없음
PP02XMAURP33001,BRUNELLO CUCINELLI,U,PP,BELT,MADE IN ITALY,재고 없음
AB31XPI00190001,HERNO,D,AB,DOWNJACKET,MADE IN ROMANIA,재고 없음
AB31XPI00190001,HERNO,D,AB,DOWNJACKET,MADE IN ROMANIA,재고 없음
AB03XOMCI013008,OFF WHITE,U,AB,SHORT,MADE IN PORTUGAL,재고 없음
AB03XOMCI013008,OFF WHITE,U,AB,SHORT,MADE IN PORTUGAL,재고 없음
AB04X4V3DB02001,VALENTINO,U,AB,SHIRT,MADE IN ITALY,재고 없음
AB04X4V3DB02001,VALENTINO,U,AB,SHIRT,MADE IN ITALY,재고 없음
AB31CK31268W001,K-WAY,K,AB,DOWNJACKET Colore unico,,재고 없음
AB31CK31268W001,K-WAY,K,AB,DOWNJACKET Colore unico,,재고 없음
AB28C9548I00002,MONCLER,K,AB,BABY DRESS Colore unico,MADE IN TURKEY,재고 없음
AB28C9548I00002,MONCLER,K,AB,BABY DRESS Colore unico,MADE IN TURKEY,재고 없음
AB31CKS10281001,KONGES SLOJD,K,AB,DOWNJACKET,MADE IN CHINA,재고 없음
AB31CKS10281001,KONGES SLOJD,K,AB,DOWNJACKET,MADE IN CHINA,재고 없음
AB07CEM00215001,EMPORIO ARMANI,U,AB,JACKET Colore unico,MADE IN BULGARIA,재고 없음
AB07CEM00215001,EMPORIO ARMANI,U,AB,JACKET Colore unico,MADE IN BULGARIA,재고 없음
AL11X809825X002,GUCCI,U,AL,SCARF,MADE IN ITALY,재고 없음
AL11X809825X002,GUCCI,U,AL,SCARF,MADE IN ITALY,재고 없음
AB31XPI00119001,HERNO,U,AB,DOWNJACKET,MADE IN ROMANIA,재고 없음
AB31XPI00119001,HERNO,U,AB,DOWNJACKET,MADE IN ROMANIA,재고 없음
AB07X775635X001,SAINT LAURENT,D,AB,JACKET,MADE IN ITALY,재고 없음
AB07X775635X001,SAINT LAURENT,D,AB,JACKET,MADE IN ITALY,재고 없음
AB22X2511941022,MAX MARA,D,AB,T-SHIRT,MADE IN CHINA,재고 없음
AB22X2511941022,MAX MARA,D,AB,T-SHIRT,MADE IN CHINA,재고 없음
AL02XUKR906X002,AMI,D,AL,JEWELLERY,MADE IN CHINA,재고 없음
AL02XUKR906X002,AMI,D,AL,JEWELLERY,MADE IN CHINA,재고 없음
AB13XM0Z37D3002,BRUNELLO CUCINELLI,U,AB,TROUSERS,MADE IN ITALY,재고 없음
AB13XM0Z37D3002,BRUNELLO CUCINELLI,U,AB,TROUSERS,MADE IN ITALY,재고 없음
AB01XVT069XX002,MAYGEL CORONEL,D,AB,DRESS,MADE IN EXTRA UE,재고 없음
AB01XVT069XX002,MAYGEL CORONEL,D,AB,DRESS,MADE IN EXTRA UE,재고 없음
AB31C9511A00023,MONCLER,K,AB,DOWNJACKET Colore unico,MADE IN ROMANIA,재고 없음
AB31C9511A00023,MONCLER,K,AB,DOWNJACKET Colore unico,MADE IN ROMANIA,재고 없음
AB31C9541A00023,MONCLER,K,AB,DOWNJACKET Colore unico,MADE IN ROMANIA,재고 없음
AB31C9541A00023,MONCLER,K,AB,DOWNJACKET Colore unico,MADE IN ROMANIA,재고 없음
AB28C9548I00003,MONCLER,K,AB,BABY DRESS Colore unico,MADE IN TURKEY,재고 없음
AB28C9548I00003,MONCLER,K,AB,BABY DRESS Colore unico,MADE IN TURKEY,재고 없음
AB31C9511A00002,MONCLER,K,AB,DOWNJACKET Colore unico,,재고 없음
AB31C9511A00002,MONCLER,K,AB,DOWNJACKET Colore unico,,재고 없음
AB31CJ29541C007,MONCLER,K,AB,DOWNJACKET Colore unico,MADE IN ROMANIA,재고 없음
AB31CJ29541C007,MONCLER,K,AB,DOWNJACKET Colore unico,MADE IN ROMANIA,재고 없음
AB31CK61314W001,K-WAY,K,AB,DOWNJACKET Colore unico,MADE IN VIETNAM,재고 없음
AB31CK61314W001,K-WAY,K,AB,DOWNJACKET Colore unico,MADE IN VIETNAM,재고 없음
AB27C9518M00003,MONCLER,K,AB,BABY TRACKSUIT Colore unico,MADE IN TURKEY,재고 없음
AB27C9518M00003,MONCLER,K,AB,BABY TRACKSUIT Colore unico,MADE IN TURKEY,재고 없음
AB18X832278X001,SAINT LAURENT,D,AB,TOP,MADE IN FRANCE,재고 없음
AB18X832278X001,SAINT LAURENT,D,AB,TOP,MADE IN FRANCE,재고 없음
AB26C9548M00001,MONCLER,K,AB,TRACKSUIT Colore unico,MADE IN PORTUGAL,재고 없음
AB26C9548M00001,MONCLER,K,AB,TRACKSUIT Colore unico,MADE IN PORTUGAL,재고 없음
AB31C9511A00020,MONCLER,K,AB,DOWNJACKET Colore unico,MADE IN ARMENIA,재고 없음
AB31C9511A00020,MONCLER,K,AB,DOWNJACKET Colore unico,MADE IN ARMENIA,재고 없음
AB22XTS0001F020,ISABEL MARANT ETOILE,D,AB,T-SHIRT,MADE IN TUNISIA,재고 없음
AB22XTS0001F020,ISABEL MARANT ETOILE,D,AB,T-SHIRT,MADE IN TUNISIA,재고 없음
AB22XUTS003X004,AMI,U,AB,T-SHIRT,MADE IN PORTUGAL,재고 없음
AB22XUTS003X004,AMI,U,AB,T-SHIRT,MADE IN PORTUGAL,재고 없음
AB18XHT0608F001,ISABEL MARANT,D,AB,TOP,MADE IN INDIA,재고 없음
AB18XHT0608F001,ISABEL MARANT,D,AB,TOP,MADE IN INDIA,재고 없음
AB18XT170937002,THE ANDAMANE,D,AB,TOP,MADE IN ITALY,재고 없음
AB18XT170937002,THE ANDAMANE,D,AB,TOP,MADE IN ITALY,재고 없음
CA03XBH005VH004,GIVENCHY,U,CA,SNEAKERS,MADE IN ITALY,재고 없음
CA03XBH005VH004,GIVENCHY,U,CA,SNEAKERS,MADE IN ITALY,재고 없음
AB23XOMEK003001,OFF WHITE,U,AB,SWEATSHIRT,MADE IN PORTUGAL,재고 없음
AB23XOMEK003001,OFF WHITE,U,AB,SWEATSHIRT,MADE IN PORTUGAL,재고 없음
AB11X6B3KC63001,VALENTINO,D,AB,KNITWEAR,MADE IN ITALY,재고 없음
AB11X6B3KC63001,VALENTINO,D,AB,KNITWEAR,MADE IN ITALY,재고 없음
AB31XD431653001,P.A.R.O.S.H.,D,AB,DOWNJACKET,MADE IN CHINA,재고 없음
AB31XD431653001,P.A.R.O.S.H.,D,AB,DOWNJACKET,MADE IN CHINA,재고 없음
BO01X5801000002,VIVIENNE WESTWOOD,D,BO,LEATHER BAG,MADE IN CHINA,재고 없음
BO01X5801000002,VIVIENNE WESTWOOD,D,BO,LEATHER BAG,MADE IN CHINA,재고 없음
AB31X18CMOW0003,CP COMPANY,U,AB,DOWNJACKET,MADE IN MYANMAR,재고 없음
AB31X18CMOW0003,CP COMPANY,U,AB,DOWNJACKET,MADE IN MYANMAR,재고 없음
BO01CM01489X001,MARNI,K,BO,LEATHER BAG Colore unico,MADE IN EXTRA UE,재고 없음
BO01CM01489X001,MARNI,K,BO,LEATHER BAG Colore unico,MADE IN EXTRA UE,재고 없음
BO01X34180XX002,LONGCHAMP,D,BO,LEATHER BAG,MADE IN CHINA,재고 없음
BO01X34180XX002,LONGCHAMP,D,BO,LEATHER BAG,MADE IN CHINA,재고 없음
BO01X158720X001,TORY BURCH,D,BO,LEATHER BAG,MADE IN CHINA,재고 없음
BO01X158720X001,TORY BURCH,D,BO,LEATHER BAG,MADE IN CHINA,재고 없음
AL19C340049X018,EMPORIO ARMANI,U,AL,TIE Colore unico,MADE IN ITALY,재고 없음
AL19C340049X018,EMPORIO ARMANI,U,AL,TIE Colore unico,MADE IN ITALY,재고 없음
AL19C340049X019,EMPORIO ARMANI,U,AL,TIE Colore unico,,재고 없음
AL19C340049X019,EMPORIO ARMANI,U,AL,TIE Colore unico,,재고 없음
AB13CP25PL37002,IL GUFO,K,AB,TROUSERS Colore unico,MADE IN ITALY,재고 없음
AB13CP25PL37002,IL GUFO,K,AB,TROUSERS Colore unico,MADE IN ITALY,재고 없음
CA01XEDB141F001,CHURCH,U,CA,LEATHER SOLE,MADE IN ITALY,재고 없음
CA01XEDB141F001,CHURCH,U,CA,LEATHER SOLE,MADE IN ITALY,재고 없음
CA06X1138252003,UGG,D,CA,FLIP FLOPS,MADE IN VIETNAM,재고 없음
CA06X1138252003,UGG,D,CA,FLIP FLOPS,MADE IN VIETNAM,재고 없음
CA07XS58WZ01004,MAISON MARGIELA,D,CA,FLAT SHOES,MADE IN ITALY,재고 없음
CA07XS58WZ01004,MAISON MARGIELA,D,CA,FLAT SHOES,MADE IN ITALY,재고 없음
CA08XG95461X001,GIANVITO ROSSI,D,CA,HEELED SHOES,MADE IN ITALY,재고 없음
CA08XG95461X001,GIANVITO ROSSI,D,CA,HEELED SHOES,MADE IN ITALY,재고 없음
CA04XBE702XX001,GIVENCHY,D,CA,BOOTS,MADE IN ITALY,재고 없음
CA04XBE702XX001,GIVENCHY,D,CA,BOOTS,MADE IN ITALY,재고 없음
AB01X1125WDR004,VICTORIA BECKHAM,D,AB,DRESS,MADE IN PORTUGAL,재고 없음
AB01X1125WDR004,VICTORIA BECKHAM,D,AB,DRESS,MADE IN PORTUGAL,재고 없음
AB22XU-MPS25001,CASABLANCA,U,AB,T-SHIRT,MADE IN PORTUGAL,재고 없음
AB22XU-MPS25001,CASABLANCA,U,AB,T-SHIRT,MADE IN PORTUGAL,재고 없음
BO01X5C01000007,VIVIENNE WESTWOOD,D,BO,LEATHER BAG,MADE IN ITALY,재고 없음
BO01X5C01000007,VIVIENNE WESTWOOD,D,BO,LEATHER BAG,MADE IN ITALY,재고 없음
AB13X24-0714001,SACAI,D,AB,TROUSERS,MADE IN JAPAN,재고 없음
AB13X24-0714001,SACAI,D,AB,TROUSERS,MADE IN JAPAN,재고 없음
AB13X1125XXX001,MOTHER,D,AB,TROUSERS,MADE IN U.S.A.,재고 없음
AB13X1125XXX001,MOTHER,D,AB,TROUSERS,MADE IN U.S.A.,재고 없음
AB22XSP24TS0002,AWAKE NY,U,AB,T-SHIRT,MADE IN U.S.A.,재고 없음
AB22XSP24TS0002,AWAKE NY,U,AB,T-SHIRT,MADE IN U.S.A.,재고 없음
CA03XHXW00N0075,HOGAN,D,CA,SNEAKERS,MADE IN ITALY,재고 없음
CA03XHXW00N0075,HOGAN,D,CA,SNEAKERS,MADE IN ITALY,재고 없음
CA03XHXW00N0076,HOGAN,D,CA,SNEAKERS,MADE IN ITALY,재고 없음
CA03XHXW00N0076,HOGAN,D,CA,SNEAKERS,MADE IN ITALY,재고 없음
PP06XUKR907X004,AMI,D,PP,KEY CASE,MADE IN CHINA,재고 없음
PP06XUKR907X004,AMI,D,PP,KEY CASE,MADE IN CHINA,재고 없음
CA03XL477612001,SALOMON,D,CA,SNEAKERS,MADE IN VIETNAM,재고 없음
CA03XL477612001,SALOMON,D,CA,SNEAKERS,MADE IN VIETNAM,재고 없음
AB24XAA9S026001,ALAIA,D,AB,CARDIGAN,MADE IN ITALY,재고 없음
AB24XAA9S026001,ALAIA,D,AB,CARDIGAN,MADE IN ITALY,재고 없음
AB28C809682X001,GUCCI,K,AB,BABY DRESS Colore unico,MADE IN ITALY,재고 없음
AB28C809682X001,GUCCI,K,AB,BABY DRESS Colore unico,MADE IN ITALY,재고 없음
AB25CDW2P77_001,DOUDOU,K,AB,WINDBREAKER Colore unico,MADE IN TURKEY,재고 없음
AB25CDW2P77_001,DOUDOU,K,AB,WINDBREAKER Colore unico,MADE IN TURKEY,재고 없음
29347150,,Woman,Accessories,Bijoux,,원가 없음 또는 0원
29347150,,Woman,Accessories,Bijoux,,원가 없음 또는 0원
29347150,,Woman,Accessories,Bijoux,,원가 없음 또는 0원
29347150,,Woman,Accessories,Bijoux,,원가 없음 또는 0원
29347150,,Woman,Accessories,Bijoux,,원가 없음 또는 0원
29347150,,Woman,Accessories,Bijoux,,원가 없음 또는 0원
AB31X8115407001,STONE ISLAND,U,AB,DOWNJACKET,MADE IN INDONESIA,재고 없음
AB31X8115407001,STONE ISLAND,U,AB,DOWNJACKET,MADE IN INDONESIA,재고 없음
AB29XMM00210005,MAISON KITSUNE,U,AB,POLO,MADE IN PORTUGAL,재고 없음
AB29XMM00210005,MAISON KITSUNE,U,AB,POLO,MADE IN PORTUGAL,재고 없음
AL11X133483X072,GUCCI,D,AL,SCARF,MADE IN ITALY,재고 없음
AL11X133483X072,GUCCI,D,AL,SCARF,MADE IN ITALY,재고 없음
BO01X777522X001,FERRAGAMO,D,BO,LEATHER BAG,MADE IN ITALY,재고 없음
BO01X777522X001,FERRAGAMO,D,BO,LEATHER BAG,MADE IN ITALY,재고 없음
AB31XK109U1A002,MONCLER X FRAGMENT,U,AB,DOWNJACKET,MADE IN ROMANIA,재고 없음
AB31XK109U1A002,MONCLER X FRAGMENT,U,AB,DOWNJACKET,MADE IN ROMANIA,재고 없음
AL12X783189X001,GUCCI,D,AL,WOMEN SILK,MADE IN ITALY,재고 없음
AL12X783189X001,GUCCI,D,AL,WOMEN SILK,MADE IN ITALY,재고 없음
AB22XOMAA027153,OFF WHITE,U,AB,T-SHIRT,MADE IN PORTUGAL,재고 없음
AB22XOMAA027153,OFF WHITE,U,AB,T-SHIRT,MADE IN PORTUGAL,재고 없음
AL04C322-903001,RALPH LAUREN,K,AL,HAT Colore unico,MADE IN ALBANIA,재고 없음
AL04C322-903001,RALPH LAUREN,K,AL,HAT Colore unico,MADE IN ALBANIA,재고 없음
AB09XJU0146F002,ISABEL MARANT ETOILE,D,AB,SKIRT,MADE IN PORTUGAL,재고 없음
AB09XJU0146F002,ISABEL MARANT ETOILE,D,AB,SKIRT,MADE IN PORTUGAL,재고 없음
BO01X18CMAC2003,CP COMPANY,U,BO,LEATHER BAG,MADE IN CHINA,재고 없음
BO01X18CMAC2003,CP COMPANY,U,BO,LEATHER BAG,MADE IN CHINA,재고 없음
AL03XMM06402002,MAISON KITSUNE,U,AL,SOCKS,MADE IN FRANCE,재고 없음
AL03XMM06402002,MAISON KITSUNE,U,AL,SOCKS,MADE IN FRANCE,재고 없음
AB09XCHC24SD001,CHLOE',D,AB,SKIRT,MADE IN ITALY,재고 없음
AB09XCHC24SD001,CHLOE',D,AB,SKIRT,MADE IN ITALY,재고 없음
AB13XS74KB08008,DSQUARED2,U,AB,TROUSERS,MADE IN ROMANIA,재고 없음
AB13XS74KB08008,DSQUARED2,U,AB,TROUSERS,MADE IN ROMANIA,재고 없음
AB31CK19541A002,MONCLER,K,AB,DOWNJACKET Colore unico,MADE IN MOLDOVA,재고 없음
AB31CK19541A002,MONCLER,K,AB,DOWNJACKET Colore unico,MADE IN MOLDOVA,재고 없음
AB22XM298052001,BRUNELLO CUCINELLI,U,AB,T-SHIRT,MADE IN ITALY,재고 없음
AB22XM298052001,BRUNELLO CUCINELLI,U,AB,T-SHIRT,MADE IN ITALY,재고 없음
BO01X8BS081X004,FENDI,D,BO,LEATHER BAG,,재고 없음
BO01X8BS081X004,FENDI,D,BO,LEATHER BAG,,재고 없음
CA01XRVW7402001,ROGER VIVIER,D,CA,LEATHER SOLE,MADE IN ITALY,재고 없음
CA01XRVW7402001,ROGER VIVIER,D,CA,LEATHER SOLE,MADE IN ITALY,재고 없음
CA04X80D3400001,MOON BOOT,K,CA,BOOTS,MADE IN ROMANIA,재고 없음
CA04X80D3400001,MOON BOOT,K,CA,BOOTS,MADE IN ROMANIA,재고 없음
AB22COBAA002047,OFF WHITE,K,AB,T-SHIRT Colore unico,MADE IN PORTUGAL,재고 없음
AB22COBAA002047,OFF WHITE,K,AB,T-SHIRT Colore unico,MADE IN PORTUGAL,재고 없음
29347191,Pero,Woman,Clothing,Trousers,India,원가 없음 또는 0원
29347191,Pero,Woman,Clothing,Trousers,India,원가 없음 또는 0원
29347191,Pero,Woman,Clothing,Trousers,India,원가 없음 또는 0원
29347191,Pero,Woman,Clothing,Trousers,India,원가 없음 또는 0원
29347191,Pero,Woman,Clothing,Trousers,India,원가 없음 또는 0원
29347191,Pero,Woman,Clothing,Trousers,India,원가 없음 또는 0원
AB31XGI00031001,HERNO,U,AB,DOWNJACKET,MADE IN ITALY,재고 없음
AB31XGI00031001,HERNO,U,AB,DOWNJACKET,MADE IN ITALY,재고 없음
AB22CS05YTSK003,BONPOINT,K,AB,T-SHIRT Colore unico,MADE IN PORTUGAL,재고 없음
AB22CS05YTSK003,BONPOINT,K,AB,T-SHIRT Colore unico,MADE IN PORTUGAL,재고 없음
AB01XT170159001,THE ANDAMANE,D,AB,DRESS,MADE IN ITALY,재고 없음
AB01XT170159001,THE ANDAMANE,D,AB,DRESS,MADE IN ITALY,재고 없음
AB01XRO0758F001,ISABEL MARANT,D,AB,DRESS,MADE IN INDIA,재고 없음
AB01XRO0758F001,ISABEL MARANT,D,AB,DRESS,MADE IN INDIA,재고 없음
AB31CK19511A018,MONCLER,K,AB,DOWNJACKET Colore unico,,재고 없음
AB31CK19511A018,MONCLER,K,AB,DOWNJACKET Colore unico,,재고 없음
AB04C322-713001,RALPH LAUREN,K,AB,SHIRT Colore unico,MADE IN VIETNAM,재고 없음
AB04C322-713001,RALPH LAUREN,K,AB,SHIRT Colore unico,MADE IN VIETNAM,재고 없음
AB04XT170941001,THE ANDAMANE,D,AB,SHIRT,MADE IN ITALY,재고 없음
AB04XT170941001,THE ANDAMANE,D,AB,SHIRT,MADE IN ITALY,재고 없음
AB04XNF0A8BK002,THE NORTH FACE,U,AB,SHIRT,MADE IN CAMBOGIA,재고 없음
AB04XNF0A8BK002,THE NORTH FACE,U,AB,SHIRT,MADE IN CAMBOGIA,재고 없음
AB11XR13W306001,R13,D,AB,KNITWEAR,MADE IN CHINA,재고 없음
AB11XR13W306001,R13,D,AB,KNITWEAR,MADE IN CHINA,재고 없음
AB04X255SH11003,JACQUEMUS,U,AB,SHIRT,MADE IN PORTUGAL,재고 없음
AB04X255SH11003,JACQUEMUS,U,AB,SHIRT,MADE IN PORTUGAL,재고 없음
AB28CC20435X001,CHLOE',K,AB,BABY DRESS Colore unico,MADE IN TUNISIA,재고 없음
AB28CC20435X001,CHLOE',K,AB,BABY DRESS Colore unico,MADE IN TUNISIA,재고 없음
AB09XFQ7552X001,FENDI,D,AB,SKIRT,MADE IN ITALY,재고 없음
AB09XFQ7552X001,FENDI,D,AB,SKIRT,MADE IN ITALY,재고 없음
CA08XRVW0060001,ROGER VIVIER,D,CA,HEELED SHOES,MADE IN ITALY,재고 없음
CA08XRVW0060001,ROGER VIVIER,D,CA,HEELED SHOES,MADE IN ITALY,재고 없음
CA03CX4X677X002,EMPORIO ARMANI,U,CA,SNEAKERS Colore unico,MADE IN CAMBOGIA,재고 없음
CA03CX4X677X002,EMPORIO ARMANI,U,CA,SNEAKERS Colore unico,MADE IN CAMBOGIA,재고 없음
AB08XHADFIEL001,JOHN SMEDLEY,U,AB,VEST,MADE IN ENGLAND,재고 없음
AB08XHADFIEL001,JOHN SMEDLEY,U,AB,VEST,MADE IN ENGLAND,재고 없음
AB11XLTAT24A003,TATRAS,D,AB,KNITWEAR,MADE IN CHINA,재고 없음
AB11XLTAT24A003,TATRAS,D,AB,KNITWEAR,MADE IN CHINA,재고 없음
AB13X3841MDP001,MSGM,D,AB,TROUSERS,MADE IN TURKEY,재고 없음
AB13X3841MDP001,MSGM,D,AB,TROUSERS,MADE IN TURKEY,재고 없음
29347218,Pero,Woman,Clothing,Trousers,India,원가 없음 또는 0원
29347218,Pero,Woman,Clothing,Trousers,India,원가 없음 또는 0원
29347218,Pero,Woman,Clothing,Trousers,India,원가 없음 또는 0원
29347218,Pero,Woman,Clothing,Trousers,India,원가 없음 또는 0원
29347218,Pero,Woman,Clothing,Trousers,India,원가 없음 또는 0원
29347218,Pero,Woman,Clothing,Trousers,India,원가 없음 또는 0원
AB22X818787X001,GUCCI,D,AB,T-SHIRT,MADE IN ITALY,재고 없음
AB22X818787X001,GUCCI,D,AB,T-SHIRT,MADE IN ITALY,재고 없음
AB18XA13020X002,DIESEL,D,AB,TOP,MADE IN CHINA,재고 없음
AB18XA13020X002,DIESEL,D,AB,TOP,MADE IN CHINA,재고 없음
AB13CDW6Q11X001,DOUDOU,K,AB,TROUSERS Colore unico,MADE IN ALBANIA,재고 없음
AB13CDW6Q11X001,DOUDOU,K,AB,TROUSERS Colore unico,MADE IN ALBANIA,재고 없음
AB22X819551X001,GUCCI,D,AB,T-SHIRT,MADE IN ITALY,재고 없음
AB22X819551X001,GUCCI,D,AB,T-SHIRT,MADE IN ITALY,재고 없음
AB13XPA0273F001,ISABEL MARANT,D,AB,TROUSERS,MADE IN TUNISIA,재고 없음
AB13XPA0273F001,ISABEL MARANT,D,AB,TROUSERS,MADE IN TUNISIA,재고 없음
AB22CC20489_001,CHLOE',K,AB,T-SHIRT Colore unico,MADE IN TUNISIA,재고 없음
AB22CC20489_001,CHLOE',K,AB,T-SHIRT Colore unico,MADE IN TUNISIA,재고 없음
AL03X6B0KI03001,VALENTINO GARAVANI,D,AL,SOCKS,MADE IN ITALY,재고 없음
AL03X6B0KI03001,VALENTINO GARAVANI,D,AL,SOCKS,MADE IN ITALY,재고 없음
AB22CK61058_002,KENZO,K,AB,T-SHIRT Colore unico,MADE IN TURKEY,재고 없음
AB22CK61058_002,KENZO,K,AB,T-SHIRT Colore unico,MADE IN TURKEY,재고 없음
AB29XJ02GL01001,JIL SANDER,D,AB,POLO,MADE IN ITALY,재고 없음
AB29XJ02GL01001,JIL SANDER,D,AB,POLO,MADE IN ITALY,재고 없음
BO01X391698X053,STELLA MCCARTNEY,D,BO,LEATHER BAG,MADE IN ITALY,재고 없음
BO01X391698X053,STELLA MCCARTNEY,D,BO,LEATHER BAG,MADE IN ITALY,재고 없음
BO01X391698X054,STELLA MCCARTNEY,D,BO,LEATHER BAG,MADE IN ITALY,재고 없음
BO01X391698X054,STELLA MCCARTNEY,D,BO,LEATHER BAG,MADE IN ITALY,재고 없음
BO01X000021X003,WANDLER,D,BO,LEATHER BAG,MADE IN ITALY,재고 없음
BO01X000021X003,WANDLER,D,BO,LEATHER BAG,MADE IN ITALY,재고 없음
BO01X145613X014,TORY BURCH,D,BO,2000029972010,MADE IN CAMBOGIA,재고 없음
BO01X145613X014,TORY BURCH,D,BO,2000029972010,MADE IN CAMBOGIA,재고 없음
CA07XRVW0070001,ROGER VIVIER,D,CA,FLAT SHOES,MADE IN ITALY,재고 없음
CA07XRVW0070001,ROGER VIVIER,D,CA,FLAT SHOES,MADE IN ITALY,재고 없음
AB13X828769X001,GUCCI,D,AB,TROUSERS,MADE IN ITALY,재고 없음
AB13X828769X001,GUCCI,D,AB,TROUSERS,MADE IN ITALY,재고 없음
CA03X3240422001,CHRISTIAN LOUBOUTIN,U,CA,SNEAKERS,MADE IN ITALY,재고 없음
CA03X3240422001,CHRISTIAN LOUBOUTIN,U,CA,SNEAKERS,MADE IN ITALY,재고 없음
BO01X068010_013,ZANELLATO,D,BO,LEATHER BAG,MADE IN ITALY,재고 없음
BO01X068010_013,ZANELLATO,D,BO,LEATHER BAG,MADE IN ITALY,재고 없음
BO01X162451X004,TORY BURCH,D,BO,LEATHER BAG,MADE IN VIETNAM,재고 없음
BO01X162451X004,TORY BURCH,D,BO,LEATHER BAG,MADE IN VIETNAM,재고 없음
AB23XBFUKS00002,AMI,U,AB,SWEATSHIRT,MADE IN ITALY,재고 없음
AB23XBFUKS00002,AMI,U,AB,SWEATSHIRT,MADE IN ITALY,재고 없음
CA03XGMF0068003,GOLDEN GOOSE,U,CA,SNEAKERS,MADE IN ITALY,재고 없음
CA03XGMF0068003,GOLDEN GOOSE,U,CA,SNEAKERS,MADE IN ITALY,재고 없음
BO01CM01489X002,MARNI,K,BO,LEATHER BAG Colore unico,MADE IN EXTRA UE,재고 없음
BO01CM01489X002,MARNI,K,BO,LEATHER BAG Colore unico,MADE IN EXTRA UE,재고 없음
AB29CEM00085013,EMPORIO ARMANI,U,AB,POLO,MADE IN TURKEY,재고 없음
AB29CEM00085013,EMPORIO ARMANI,U,AB,POLO,MADE IN TURKEY,재고 없음
AB29XBFUPL00009,AMI,U,AB,POLO,MADE IN PORTUGAL,재고 없음
AB29XBFUPL00009,AMI,U,AB,POLO,MADE IN PORTUGAL,재고 없음
BO01X162450X001,TORY BURCH,D,BO,LEATHER BAG,MADE IN VIETNAM,재고 없음
BO01X162450X001,TORY BURCH,D,BO,LEATHER BAG,MADE IN VIETNAM,재고 없음
BO01CEM00161001,EMPORIO ARMANI,U,BO,LEATHER BAG Colore unico,MADE IN CHINA,재고 없음
BO01CEM00161001,EMPORIO ARMANI,U,BO,LEATHER BAG Colore unico,MADE IN CHINA,재고 없음
BO01CM01474X001,MARNI,K,BO,LEATHER BAG Colore unico,MADE IN CHINA,재고 없음
BO01CM01474X001,MARNI,K,BO,LEATHER BAG Colore unico,MADE IN CHINA,재고 없음
BO09X8M0365X002,FENDI,D,BO,POUCH BAG,MADE IN ITALY,재고 없음
BO09X8M0365X002,FENDI,D,BO,POUCH BAG,MADE IN ITALY,재고 없음
BO02XL2605XX087,LONGCHAMP,D,BO,tote bag,MADE IN CHINA,재고 없음
BO02XL2605XX087,LONGCHAMP,D,BO,tote bag,MADE IN CHINA,재고 없음
BO01XXBWAPAT011,TODS,D,BO,LEATHER BAG,MADE IN ITALY,재고 없음
BO01XXBWAPAT011,TODS,D,BO,LEATHER BAG,MADE IN ITALY,재고 없음
AB05XW0876XX001,GANNI,D,AB,COAT,,재고 없음
29347268,Herno,Man,Clothing,Trousers,ITALIA,원가 없음 또는 0원
29347268,Herno,Man,Clothing,Trousers,ITALIA,원가 없음 또는 0원
29347268,Herno,Man,Clothing,Trousers,ITALIA,원가 없음 또는 0원
29347268,Herno,Man,Clothing,Trousers,ITALIA,원가 없음 또는 0원
29347268,Herno,Man,Clothing,Trousers,ITALIA,원가 없음 또는 0원
29347268,Herno,Man,Clothing,Trousers,ITALIA,원가 없음 또는 0원
AB05XGC00050001,HERNO,D,AB,COAT,,재고 없음
AL04XLDM9100003,LES DEUX,U,AL,HAT,MADE IN CHINA,재고 없음
AL04XLDM9100003,LES DEUX,U,AL,HAT,MADE IN CHINA,재고 없음
CA03XOMIA189040,OFF WHITE,U,CA,SNEAKERS,MADE IN CHINA,재고 없음
CA03XOMIA189040,OFF WHITE,U,CA,SNEAKERS,MADE IN CHINA,재고 없음
CA08XRVW4481003,ROGER VIVIER,D,CA,HEELED SHOES,MADE IN ITALY,재고 없음
CA08XRVW4481003,ROGER VIVIER,D,CA,HEELED SHOES,MADE IN ITALY,재고 없음
BO01X100038X020,PINKO,D,BO,LEATHER BAG,MADE IN CHINA,재고 없음
BO01X100038X020,PINKO,D,BO,LEATHER BAG,MADE IN CHINA,재고 없음
29347280,Pero,Woman,Clothing,Shirts,India,원가 없음 또는 0원
29347280,Pero,Woman,Clothing,Shirts,India,원가 없음 또는 0원
29347280,Pero,Woman,Clothing,Shirts,India,원가 없음 또는 0원
29347280,Pero,Woman,Clothing,Shirts,India,원가 없음 또는 0원
29347280,Pero,Woman,Clothing,Shirts,India,원가 없음 또는 0원
29347280,Pero,Woman,Clothing,Shirts,India,원가 없음 또는 0원
AB05XW0567XX001,GANNI,D,AB,COAT,,재고 없음
AL04CEW00161001,EMPORIO ARMANI,D,AL,HAT Colore unico,MADE IN ITALY,재고 없음
AL04CEW00161001,EMPORIO ARMANI,D,AL,HAT Colore unico,MADE IN ITALY,재고 없음
BO01X166982X001,TORY BURCH,D,BO,LEATHER BAG,MADE IN PHILIPPINES,재고 없음
BO01X166982X001,TORY BURCH,D,BO,LEATHER BAG,MADE IN PHILIPPINES,재고 없음
BO01XTMSR25B001,THEMOIRE,D,BO,LEATHER BAG,MADE IN ITALY,재고 없음
BO01XTMSR25B001,THEMOIRE,D,BO,LEATHER BAG,MADE IN ITALY,재고 없음
BO09X8BS098X001,FENDI,D,BO,POUCH BAG,MADE IN ITALY,재고 없음
BO09X8BS098X001,FENDI,D,BO,POUCH BAG,MADE IN ITALY,재고 없음
AB01XBORAXXX002,MAX MARA,D,AB,DRESS,MADE IN ITALY,재고 없음
AB01XBORAXXX002,MAX MARA,D,AB,DRESS,MADE IN ITALY,재고 없음
CA03XID0477X001,ADIDAS ORIGINALS,D,CA,SNEAKERS,MADE IN VIETNAM,재고 없음
CA03XID0477X001,ADIDAS ORIGINALS,D,CA,SNEAKERS,MADE IN VIETNAM,재고 없음
AL04CEX00000001,EMPORIO ARMANI,D,AL,HAT Colore unico,MADE IN VIETNAM,재고 없음
AL04CEX00000001,EMPORIO ARMANI,D,AL,HAT Colore unico,MADE IN VIETNAM,재고 없음
BO01XTMSR25T003,THEMOIRE,D,BO,LEATHER BAG,MADE IN ITALY,재고 없음
BO01XTMSR25T003,THEMOIRE,D,BO,LEATHER BAG,MADE IN ITALY,재고 없음
CA03XU992XXX001,NEW BALANCE,U,CA,SNEAKERS,MADE IN U.S.A.,재고 없음
CA03XU992XXX001,NEW BALANCE,U,CA,SNEAKERS,MADE IN U.S.A.,재고 없음
BO01XXBWBUZK001,TODS,D,BO,LEATHER BAG,MADE IN ITALY,재고 없음
BO01XXBWBUZK001,TODS,D,BO,LEATHER BAG,MADE IN ITALY,재고 없음
CA03X553770X101,ALEXANDER MCQUEEN,D,CA,SNEAKERS,MADE IN ITALY,재고 없음
CA03X553770X101,ALEXANDER MCQUEEN,D,CA,SNEAKERS,MADE IN ITALY,재고 없음
CA03X553680X079,ALEXANDER MCQUEEN,U,CA,SNEAKERS,MADE IN ITALY,재고 없음
CA03X553680X079,ALEXANDER MCQUEEN,U,CA,SNEAKERS,MADE IN ITALY,재고 없음
CA03X4M00140001,MONCLER,U,CA,SNEAKERS,MADE IN VIETNAM,재고 없음
CA03X4M00140001,MONCLER,U,CA,SNEAKERS,MADE IN VIETNAM,재고 없음
BO01CEW00192002,EMPORIO ARMANI,D,BO,LEATHER BAG Colore unico,MADE IN CHINA,재고 없음
BO01CEW00192002,EMPORIO ARMANI,D,BO,LEATHER BAG Colore unico,MADE IN CHINA,재고 없음
BO01X152313X007,TORY BURCH,D,BO,LEATHER BAG,MADE IN CAMBOGIA,재고 없음
BO01X152313X007,TORY BURCH,D,BO,LEATHER BAG,MADE IN CAMBOGIA,재고 없음
BO01XTMSR25B008,THEMOIRE,D,BO,LEATHER BAG,MADE IN ITALY,재고 없음
BO01XTMSR25B008,THEMOIRE,D,BO,LEATHER BAG,MADE IN ITALY,재고 없음
AB11COBAB001001,OFF WHITE,K,AB,KNITWEAR Colore unico,MADE IN PORTUGAL,재고 없음
AB11COBAB001001,OFF WHITE,K,AB,KNITWEAR Colore unico,MADE IN PORTUGAL,재고 없음
AB09X4B0RABC001,VALENTINO,D,AB,SKIRT,MADE IN ITALY,재고 없음
AB09X4B0RABC001,VALENTINO,D,AB,SKIRT,MADE IN ITALY,재고 없음
AB04C323-964002,RALPH LAUREN,K,AB,SHIRT Colore unico,MADE IN VIETNAM,재고 없음
AB04C323-964002,RALPH LAUREN,K,AB,SHIRT Colore unico,MADE IN VIETNAM,재고 없음
CA08XRVW0062001,ROGER VIVIER,D,CA,HEELED SHOES,MADE IN ITALY,재고 없음
CA08XRVW0062001,ROGER VIVIER,D,CA,HEELED SHOES,MADE IN ITALY,재고 없음
AB07XA0504XX002,PHILOSOPHY,D,AB,JACKET,MADE IN HUNGARY,재고 없음
AB07XA0504XX002,PHILOSOPHY,D,AB,JACKET,MADE IN HUNGARY,재고 없음
CA03X1201A25001,ASICS,D,CA,SNEAKERS,MADE IN VIETNAM,재고 없음
CA03X1201A25001,ASICS,D,CA,SNEAKERS,MADE IN VIETNAM,재고 없음
AL02X737930X001,SAINT LAURENT,D,AL,JEWELLERY,MADE IN ITALY,재고 없음
AL02X737930X001,SAINT LAURENT,D,AL,JEWELLERY,MADE IN ITALY,재고 없음
PP02XMAUFB34002,BRUNELLO CUCINELLI,U,PP,BELT,MADE IN ITALY,재고 없음
PP02XMAUFB34002,BRUNELLO CUCINELLI,U,PP,BELT,MADE IN ITALY,재고 없음
PP06X671722X001,GUCCI,D,PP,KEY CASE,MADE IN ITALY,재고 없음
PP06X671722X001,GUCCI,D,PP,KEY CASE,MADE IN ITALY,재고 없음
AB03XK109U8H001,MONCLER X FRAGMENT,U,AB,SHORT,MADE IN ALBANIA,재고 없음
AB03XK109U8H001,MONCLER X FRAGMENT,U,AB,SHORT,MADE IN ALBANIA,재고 없음
BO05X18CMAC1003,CP COMPANY,U,BO,BACKPACK,MADE IN CHINA,재고 없음
BO05X18CMAC1003,CP COMPANY,U,BO,BACKPACK,MADE IN CHINA,재고 없음
AB11C8100428001,BURBERRY,K,AB,KNITWEAR Colore unico,MADE IN ITALY,재고 없음
AB11C8100428001,BURBERRY,K,AB,KNITWEAR Colore unico,MADE IN ITALY,재고 없음
AB13XLCMBRF7001,FRAME DENIM,D,AB,TROUSERS,MADE IN TURKEY,재고 없음
AB13XLCMBRF7001,FRAME DENIM,D,AB,TROUSERS,MADE IN TURKEY,재고 없음
29364926,Valentino,Woman,Clothing,Dresses,Italy,원가 없음 또는 0원
29364926,Valentino,Woman,Clothing,Dresses,Italy,원가 없음 또는 0원
29364926,Valentino,Woman,Clothing,Dresses,Italy,원가 없음 또는 0원
29364926,Valentino,Woman,Clothing,Dresses,Italy,원가 없음 또는 0원
29364926,Valentino,Woman,Clothing,Dresses,Italy,원가 없음 또는 0원
29364926,Valentino,Woman,Clothing,Dresses,Italy,원가 없음 또는 0원
AB12XNF0A8B5001,THE NORTH FACE,U,AB,OUTERWEAR,MADE IN VIETNAM,재고 없음
AB12XNF0A8B5001,THE NORTH FACE,U,AB,OUTERWEAR,MADE IN VIETNAM,재고 없음
CA03XGWF0068001,GOLDEN GOOSE,D,CA,SNEAKERS,MADE IN ITALY,재고 없음
CA03XGWF0068001,GOLDEN GOOSE,D,CA,SNEAKERS,MADE IN ITALY,재고 없음
AB13XCOASX0Z003,PT TORINO,U,AB,TROUSERS,,재고 없음
AB13XCOASX0Z003,PT TORINO,U,AB,TROUSERS,,재고 없음
AB31XPI00194005,HERNO,D,AB,DOWNJACKET,MADE IN ARMENIA,재고 없음
AB31XPI00194005,HERNO,D,AB,DOWNJACKET,MADE IN ARMENIA,재고 없음
AL04XK1S1591001,STONE ISLAND,U,AL,HAT,MADE IN CHINA,재고 없음
AL04XK1S1591001,STONE ISLAND,U,AL,HAT,MADE IN CHINA,재고 없음
AB13XS74LB16004,DSQUARED2,U,AB,TROUSERS,MADE IN ITALY,재고 없음
AB13XS74LB16004,DSQUARED2,U,AB,TROUSERS,MADE IN ITALY,재고 없음
AB22C610190X002,GUCCI,K,AB,T-SHIRT Colore unico,MADE IN ITALY,재고 없음
AB22C610190X002,GUCCI,K,AB,T-SHIRT Colore unico,MADE IN ITALY,재고 없음
AB22XNF0A8C3004,THE NORTH FACE,U,AB,T-SHIRT,MADE IN TURKEY,재고 없음
AB22XNF0A8C3004,THE NORTH FACE,U,AB,T-SHIRT,MADE IN TURKEY,재고 없음
AB22X245JS20004,JACQUEMUS,U,AB,T-SHIRT,MADE IN PORTUGAL,재고 없음
AB22X245JS20004,JACQUEMUS,U,AB,T-SHIRT,MADE IN PORTUGAL,재고 없음
AB22X245JS20007,JACQUEMUS,U,AB,T-SHIRT,MADE IN PORTUGAL,재고 없음
AB22X245JS20007,JACQUEMUS,U,AB,T-SHIRT,MADE IN PORTUGAL,재고 없음
AB28CP25VM67001,IL GUFO,K,AB,BABY DRESS Colore unico,MADE IN ROMANIA,재고 없음
AB28CP25VM67001,IL GUFO,K,AB,BABY DRESS Colore unico,MADE IN ROMANIA,재고 없음
BO01X6W2B0R2001,VALENTINO GARAVANI,D,BO,LEATHER BAG,MADE IN ITALY,재고 없음
BO01X6W2B0R2001,VALENTINO GARAVANI,D,BO,LEATHER BAG,MADE IN ITALY,재고 없음
AB23XSW0003F022,ISABEL MARANT ETOILE,D,AB,SWEATSHIRT,MADE IN PORTUGAL,재고 없음
AB23XSW0003F022,ISABEL MARANT ETOILE,D,AB,SWEATSHIRT,MADE IN PORTUGAL,재고 없음
BO01X88578XX014,TORY BURCH,D,BO,LEATHER BAG,MADE IN CAMBOGIA,재고 없음
BO01X88578XX014,TORY BURCH,D,BO,LEATHER BAG,MADE IN CAMBOGIA,재고 없음
CA03X576223X005,GUCCI,U,CA,SNEAKERS,MADE IN ITALY,재고 없음
CA03X576223X005,GUCCI,U,CA,SNEAKERS,MADE IN ITALY,재고 없음
PP02XMAUGP31002,BRUNELLO CUCINELLI,U,PP,BELT,MADE IN ITALY,재고 없음
PP02XMAUGP31002,BRUNELLO CUCINELLI,U,PP,BELT,MADE IN ITALY,재고 없음
PP07XPM0002F002,ISABEL MARANT,D,PP,WALLET,MADE IN INDIA,재고 없음
PP07XPM0002F002,ISABEL MARANT,D,PP,WALLET,MADE IN INDIA,재고 없음
AB22CK19548C012,MONCLER,K,AB,T-SHIRT Colore unico,MADE IN PORTUGAL,재고 없음
AB22CK19548C012,MONCLER,K,AB,T-SHIRT Colore unico,MADE IN PORTUGAL,재고 없음
AB13CEM00111001,EMPORIO ARMANI,U,AB,TROUSERS,MADE IN CAMBOGIA,재고 없음
AB13CEM00111001,EMPORIO ARMANI,U,AB,TROUSERS,MADE IN CAMBOGIA,재고 없음
AB23X18CMSS0006,CP COMPANY,U,AB,SWEATSHIRT,MADE IN MYANMAR,재고 없음
AB23X18CMSS0006,CP COMPANY,U,AB,SWEATSHIRT,MADE IN MYANMAR,재고 없음
AB22COBAA002039,OFF WHITE,K,AB,T-SHIRT Colore unico,MADE IN PORTUGAL,재고 없음
AB22COBAA002039,OFF WHITE,K,AB,T-SHIRT Colore unico,MADE IN PORTUGAL,재고 없음
BO01XXBWTSBA022,TODS,D,BO,LEATHER BAG,MADE IN ITALY,재고 없음
BO01XXBWTSBA022,TODS,D,BO,LEATHER BAG,MADE IN ITALY,재고 없음
AB32CKS10315003,KONGES SLOJD,K,AB,SET TOP PANTALONE,MADE IN ALBANIA,재고 없음
AB32CKS10315003,KONGES SLOJD,K,AB,SET TOP PANTALONE,MADE IN ALBANIA,재고 없음
CA03XGWF0068002,GOLDEN GOOSE,D,CA,SNEAKERS,MADE IN ITALY,재고 없음
CA03XGWF0068002,GOLDEN GOOSE,D,CA,SNEAKERS,MADE IN ITALY,재고 없음
PP12X5W2P0W3001,VALENTINO GARAVANI,D,PP,POUCH,MADE IN ITALY,재고 없음
PP12X5W2P0W3001,VALENTINO GARAVANI,D,PP,POUCH,MADE IN ITALY,재고 없음
PP07X8M0395X049,FENDI,D,PP,WALLET,MADE IN ITALY,재고 없음
PP07X8M0395X049,FENDI,D,PP,WALLET,MADE IN ITALY,재고 없음
AB13XA11598X002,DIESEL,U,AB,TROUSERS,,재고 없음
AB31XPI00118002,HERNO,U,AB,DOWNJACKET,MADE IN ROMANIA,재고 없음
AB31XPI00118002,HERNO,U,AB,DOWNJACKET,MADE IN ROMANIA,재고 없음
29504120,WOOLRICH BLACK LABEL,Man,Clothing,Coats,Moldavia,원가 없음 또는 0원
29504120,WOOLRICH BLACK LABEL,Man,Clothing,Coats,Moldavia,원가 없음 또는 0원
29504120,WOOLRICH BLACK LABEL,Man,Clothing,Coats,Moldavia,원가 없음 또는 0원
29504120,WOOLRICH BLACK LABEL,Man,Clothing,Coats,Moldavia,원가 없음 또는 0원
29504120,WOOLRICH BLACK LABEL,Man,Clothing,Coats,Moldavia,원가 없음 또는 0원
29504120,WOOLRICH BLACK LABEL,Man,Clothing,Coats,Moldavia,원가 없음 또는 0원
29504126,MC2 Saint Barth,Man,Clothing,T-shirts and Polos,China,원가 없음 또는 0원
29504126,MC2 Saint Barth,Man,Clothing,T-shirts and Polos,China,원가 없음 또는 0원
29504126,MC2 Saint Barth,Man,Clothing,T-shirts and Polos,China,원가 없음 또는 0원
29504126,MC2 Saint Barth,Man,Clothing,T-shirts and Polos,China,원가 없음 또는 0원
29504126,MC2 Saint Barth,Man,Clothing,T-shirts and Polos,China,원가 없음 또는 0원
29504126,MC2 Saint Barth,Man,Clothing,T-shirts and Polos,China,원가 없음 또는 0원
29504132,MC2 Saint Barth,Man,Clothing,T-shirts and Polos,Portogallo,원가 없음 또는 0원
29504132,MC2 Saint Barth,Man,Clothing,T-shirts and Polos,Portogallo,원가 없음 또는 0원
29504132,MC2 Saint Barth,Man,Clothing,T-shirts and Polos,Portogallo,원가 없음 또는 0원
29504132,MC2 Saint Barth,Man,Clothing,T-shirts and Polos,Portogallo,원가 없음 또는 0원
29504132,MC2 Saint Barth,Man,Clothing,T-shirts and Polos,Portogallo,원가 없음 또는 0원
29504132,MC2 Saint Barth,Man,Clothing,T-shirts and Polos,Portogallo,원가 없음 또는 0원
29504156,SORBET ISLAND,Woman,Accessories,Bijoux,Grecia,원가 없음 또는 0원
29504156,SORBET ISLAND,Woman,Accessories,Bijoux,Grecia,원가 없음 또는 0원
29504156,SORBET ISLAND,Woman,Accessories,Bijoux,Grecia,원가 없음 또는 0원
29504156,SORBET ISLAND,Woman,Accessories,Bijoux,Grecia,원가 없음 또는 0원
29504156,SORBET ISLAND,Woman,Accessories,Bijoux,Grecia,원가 없음 또는 0원
29504156,SORBET ISLAND,Woman,Accessories,Bijoux,Grecia,원가 없음 또는 0원
AB22XOMAA120037,OFF WHITE,U,AB,T-SHIRT,MADE IN PORTUGAL,재고 없음
AB22XOMAA120037,OFF WHITE,U,AB,T-SHIRT,MADE IN PORTUGAL,재고 없음
29504180,SORBET ISLAND,Woman,Accessories,Bijoux,Grecia,원가 없음 또는 0원
29504180,SORBET ISLAND,Woman,Accessories,Bijoux,Grecia,원가 없음 또는 0원
29504180,SORBET ISLAND,Woman,Accessories,Bijoux,Grecia,원가 없음 또는 0원
29504180,SORBET ISLAND,Woman,Accessories,Bijoux,Grecia,원가 없음 또는 0원
29504180,SORBET ISLAND,Woman,Accessories,Bijoux,Grecia,원가 없음 또는 0원
29504180,SORBET ISLAND,Woman,Accessories,Bijoux,Grecia,원가 없음 또는 0원
29504185,SORBET ISLAND,Woman,Accessories,Bijoux,Grecia,원가 없음 또는 0원
29504185,SORBET ISLAND,Woman,Accessories,Bijoux,Grecia,원가 없음 또는 0원
29504185,SORBET ISLAND,Woman,Accessories,Bijoux,Grecia,원가 없음 또는 0원
29504185,SORBET ISLAND,Woman,Accessories,Bijoux,Grecia,원가 없음 또는 0원
29504185,SORBET ISLAND,Woman,Accessories,Bijoux,Grecia,원가 없음 또는 0원
29504185,SORBET ISLAND,Woman,Accessories,Bijoux,Grecia,원가 없음 또는 0원
29504193,MC2 Saint Barth,Man,Clothing,Sweaters,Portogallo,원가 없음 또는 0원
29504193,MC2 Saint Barth,Man,Clothing,Sweaters,Portogallo,원가 없음 또는 0원
29504193,MC2 Saint Barth,Man,Clothing,Sweaters,Portogallo,원가 없음 또는 0원
29504193,MC2 Saint Barth,Man,Clothing,Sweaters,Portogallo,원가 없음 또는 0원
29504193,MC2 Saint Barth,Man,Clothing,Sweaters,Portogallo,원가 없음 또는 0원
29504193,MC2 Saint Barth,Man,Clothing,Sweaters,Portogallo,원가 없음 또는 0원
29504198,MC2 Saint Barth,Man,Clothing,Sea clothing,Cina,원가 없음 또는 0원
29504198,MC2 Saint Barth,Man,Clothing,Sea clothing,Cina,원가 없음 또는 0원
29504198,MC2 Saint Barth,Man,Clothing,Sea clothing,Cina,원가 없음 또는 0원
29504198,MC2 Saint Barth,Man,Clothing,Sea clothing,Cina,원가 없음 또는 0원
29504198,MC2 Saint Barth,Man,Clothing,Sea clothing,Cina,원가 없음 또는 0원
29504198,MC2 Saint Barth,Man,Clothing,Sea clothing,Cina,원가 없음 또는 0원
AB31X828395X001,GUCCI,D,AB,DOWNJACKET,MADE IN ITALY,재고 없음
AB31X828395X001,GUCCI,D,AB,DOWNJACKET,MADE IN ITALY,재고 없음
AB18XF7AL6TX001,DOLCE&GABBANA,D,AB,TOP,MADE IN ITALY,재고 없음
AB18XF7AL6TX001,DOLCE&GABBANA,D,AB,TOP,MADE IN ITALY,재고 없음
AB18X250WCN0002,THE ATTICO,D,AB,TOP,MADE IN PORTUGAL,재고 없음
AB18X250WCN0002,THE ATTICO,D,AB,TOP,MADE IN PORTUGAL,재고 없음
29504218,SORBET ISLAND,Woman,Accessories,Bijoux,Grecia,원가 없음 또는 0원
29504218,SORBET ISLAND,Woman,Accessories,Bijoux,Grecia,원가 없음 또는 0원
29504218,SORBET ISLAND,Woman,Accessories,Bijoux,Grecia,원가 없음 또는 0원
29504218,SORBET ISLAND,Woman,Accessories,Bijoux,Grecia,원가 없음 또는 0원
29504218,SORBET ISLAND,Woman,Accessories,Bijoux,Grecia,원가 없음 또는 0원
29504218,SORBET ISLAND,Woman,Accessories,Bijoux,Grecia,원가 없음 또는 0원
29504219,Hogan,Man,Shoes,Flat shoes,ITALIA,원가 없음 또는 0원
29504219,Hogan,Man,Shoes,Flat shoes,ITALIA,원가 없음 또는 0원
29504219,Hogan,Man,Shoes,Flat shoes,ITALIA,원가 없음 또는 0원
29504219,Hogan,Man,Shoes,Flat shoes,ITALIA,원가 없음 또는 0원
29504219,Hogan,Man,Shoes,Flat shoes,ITALIA,원가 없음 또는 0원
29504219,Hogan,Man,Shoes,Flat shoes,ITALIA,원가 없음 또는 0원
29504234,MC2 Saint Barth,Man,Clothing,T-shirts and Polos,Portogallo,원가 없음 또는 0원
29504234,MC2 Saint Barth,Man,Clothing,T-shirts and Polos,Portogallo,원가 없음 또는 0원
29504234,MC2 Saint Barth,Man,Clothing,T-shirts and Polos,Portogallo,원가 없음 또는 0원
29504234,MC2 Saint Barth,Man,Clothing,T-shirts and Polos,Portogallo,원가 없음 또는 0원
29504234,MC2 Saint Barth,Man,Clothing,T-shirts and Polos,Portogallo,원가 없음 또는 0원
29504234,MC2 Saint Barth,Man,Clothing,T-shirts and Polos,Portogallo,원가 없음 또는 0원
AB22X2511941015,MAX MARA,D,AB,T-SHIRT,MADE IN CHINA,재고 없음
BO01X5402000002,VIVIENNE WESTWOOD,D,BO,LEATHER BAG,MADE IN ITALY,재고 없음
BO01X5402000002,VIVIENNE WESTWOOD,D,BO,LEATHER BAG,MADE IN ITALY,재고 없음
AL19C340118X004,EMPORIO ARMANI,U,AL,TIE Colore unico,MADE IN ITALY,재고 없음
AL19C340118X004,EMPORIO ARMANI,U,AL,TIE Colore unico,MADE IN ITALY,재고 없음
29504245,Her Shirt,Woman,Clothing,Shirts,ITALIA,원가 없음 또는 0원
29504245,Her Shirt,Woman,Clothing,Shirts,ITALIA,원가 없음 또는 0원
29504245,Her Shirt,Woman,Clothing,Shirts,ITALIA,원가 없음 또는 0원
29504245,Her Shirt,Woman,Clothing,Shirts,ITALIA,원가 없음 또는 0원
29504245,Her Shirt,Woman,Clothing,Shirts,ITALIA,원가 없음 또는 0원
29504245,Her Shirt,Woman,Clothing,Shirts,ITALIA,원가 없음 또는 0원
AB22X8110112001,BURBERRY,U,AB,T-SHIRT,,재고 없음
AL12CEW00191001,EMPORIO ARMANI,D,AL,WOMEN SILK Colore unico,MADE IN ITALY,재고 없음
AL12CEW00191001,EMPORIO ARMANI,D,AL,WOMEN SILK Colore unico,MADE IN ITALY,재고 없음
AB22XME85481001,BRUNELLO CUCINELLI,U,AB,T-SHIRT,,재고 없음
AB13X2516-10001,WOODBIRD,U,AB,TROUSERS,MADE IN TURKEY,재고 없음
AB13X2516-10001,WOODBIRD,U,AB,TROUSERS,MADE IN TURKEY,재고 없음
29924732,Hugo Boss,Man,Clothing,Trousers,Turchia,원가 없음 또는 0원
29924732,Hugo Boss,Man,Clothing,Trousers,Turchia,원가 없음 또는 0원
29924732,Hugo Boss,Man,Clothing,Trousers,Turchia,원가 없음 또는 0원
29924732,Hugo Boss,Man,Clothing,Trousers,Turchia,원가 없음 또는 0원
29924732,Hugo Boss,Man,Clothing,Trousers,Turchia,원가 없음 또는 0원
29924732,Hugo Boss,Man,Clothing,Trousers,Turchia,원가 없음 또는 0원
AB22XJG00017002,HERNO,U,AB,T-SHIRT,MADE IN ROMANIA,재고 없음
AB22XJG00017002,HERNO,U,AB,T-SHIRT,MADE IN ROMANIA,재고 없음
AL02CEW00158001,EMPORIO ARMANI,D,AL,JEWELLERY Colore unico,MADE IN ITALY,재고 없음
AL02CEW00158001,EMPORIO ARMANI,D,AL,JEWELLERY Colore unico,MADE IN ITALY,재고 없음
29924782,Hugo Boss,Man,Clothing,T-shirts and Polos,Peru,원가 없음 또는 0원
29924782,Hugo Boss,Man,Clothing,T-shirts and Polos,Peru,원가 없음 또는 0원
29924782,Hugo Boss,Man,Clothing,T-shirts and Polos,Peru,원가 없음 또는 0원
29924782,Hugo Boss,Man,Clothing,T-shirts and Polos,Peru,원가 없음 또는 0원
29924782,Hugo Boss,Man,Clothing,T-shirts and Polos,Peru,원가 없음 또는 0원
29924782,Hugo Boss,Man,Clothing,T-shirts and Polos,Peru,원가 없음 또는 0원
29924792,SORBET ISLAND,Woman,Clothing,Sea clothing,Europa,원가 없음 또는 0원
29924792,SORBET ISLAND,Woman,Clothing,Sea clothing,Europa,원가 없음 또는 0원
29924792,SORBET ISLAND,Woman,Clothing,Sea clothing,Europa,원가 없음 또는 0원
29924792,SORBET ISLAND,Woman,Clothing,Sea clothing,Europa,원가 없음 또는 0원
29924792,SORBET ISLAND,Woman,Clothing,Sea clothing,Europa,원가 없음 또는 0원
29924792,SORBET ISLAND,Woman,Clothing,Sea clothing,Europa,원가 없음 또는 0원
AB23XA18613X001,DIESEL,U,AB,SWEATSHIRT,,재고 없음
BO01X742360X005,GUCCI,D,BO,LEATHER BAG,MADE IN ITALY,재고 없음
BO01X742360X005,GUCCI,D,BO,LEATHER BAG,MADE IN ITALY,재고 없음
29924907,Hugo Boss,Man,Clothing,T-shirts and Polos,Portogallo,원가 없음 또는 0원
29924907,Hugo Boss,Man,Clothing,T-shirts and Polos,Portogallo,원가 없음 또는 0원
29924907,Hugo Boss,Man,Clothing,T-shirts and Polos,Portogallo,원가 없음 또는 0원
29924907,Hugo Boss,Man,Clothing,T-shirts and Polos,Portogallo,원가 없음 또는 0원
29924907,Hugo Boss,Man,Clothing,T-shirts and Polos,Portogallo,원가 없음 또는 0원
29924907,Hugo Boss,Man,Clothing,T-shirts and Polos,Portogallo,원가 없음 또는 0원
AB07X1SMC22K022,TAGLIATORE,U,AB,JACKET,MADE IN ITALY,재고 없음
AB07X1SMC22K022,TAGLIATORE,U,AB,JACKET,MADE IN ITALY,재고 없음
29924931,,Woman,Shoes,Sandals,,브랜드 실패(사유: None) / 카테고리 성공 / 원산지 성공
29924931,,Woman,Shoes,Sandals,,브랜드 실패(사유: None) / 카테고리 성공 / 원산지 성공
29924931,,Woman,Shoes,Sandals,,브랜드 실패(사유: None) / 카테고리 성공 / 원산지 성공
29924931,,Woman,Shoes,Sandals,,브랜드 실패(사유: None) / 카테고리 성공 / 원산지 성공
29924931,,Woman,Shoes,Sandals,,브랜드 실패(사유: None) / 카테고리 성공 / 원산지 성공
29924931,,Woman,Shoes,Sandals,,브랜드 실패(사유: None) / 카테고리 성공 / 원산지 성공
29924939,Hugo Boss,Man,Clothing,Shirts,Turchia,원가 없음 또는 0원
29924939,Hugo Boss,Man,Clothing,Shirts,Turchia,원가 없음 또는 0원
29924939,Hugo Boss,Man,Clothing,Shirts,Turchia,원가 없음 또는 0원
29924939,Hugo Boss,Man,Clothing,Shirts,Turchia,원가 없음 또는 0원
29924939,Hugo Boss,Man,Clothing,Shirts,Turchia,원가 없음 또는 0원
29924939,Hugo Boss,Man,Clothing,Shirts,Turchia,원가 없음 또는 0원
29924945,Y-3,Man,Shoes,Sneakers,Cina,원가 없음 또는 0원
29924945,Y-3,Man,Shoes,Sneakers,Cina,원가 없음 또는 0원
29924945,Y-3,Man,Shoes,Sneakers,Cina,원가 없음 또는 0원
29924945,Y-3,Man,Shoes,Sneakers,Cina,원가 없음 또는 0원
29924945,Y-3,Man,Shoes,Sneakers,Cina,원가 없음 또는 0원
29924945,Y-3,Man,Shoes,Sneakers,Cina,원가 없음 또는 0원
29924955,CUBA LAB,Woman,Bags,Bags..,ITALIA,원가 없음 또는 0원
29924955,CUBA LAB,Woman,Bags,Bags..,ITALIA,원가 없음 또는 0원
29924955,CUBA LAB,Woman,Bags,Bags..,ITALIA,원가 없음 또는 0원
29924955,CUBA LAB,Woman,Bags,Bags..,ITALIA,원가 없음 또는 0원
29924955,CUBA LAB,Woman,Bags,Bags..,ITALIA,원가 없음 또는 0원
29924955,CUBA LAB,Woman,Bags,Bags..,ITALIA,원가 없음 또는 0원
29924957,CUBA LAB,Woman,Bags,Bags..,ITALIA,원가 없음 또는 0원
29924957,CUBA LAB,Woman,Bags,Bags..,ITALIA,원가 없음 또는 0원
29924957,CUBA LAB,Woman,Bags,Bags..,ITALIA,원가 없음 또는 0원
29924957,CUBA LAB,Woman,Bags,Bags..,ITALIA,원가 없음 또는 0원
29924957,CUBA LAB,Woman,Bags,Bags..,ITALIA,원가 없음 또는 0원
29924957,CUBA LAB,Woman,Bags,Bags..,ITALIA,원가 없음 또는 0원
AL04X22MA000004,OBEY,U,AL,HAT,MADE IN CHINA,재고 없음
AL04X22MA000004,OBEY,U,AL,HAT,MADE IN CHINA,재고 없음
BO01XC24AS68001,CHLOE',D,BO,mini bag,MADE IN ITALY,재고 없음
BO01XC24AS68001,CHLOE',D,BO,mini bag,MADE IN ITALY,재고 없음
29925046,CUBA LAB,Woman,Bags,Bags..,ITALIA,원가 없음 또는 0원
29925046,CUBA LAB,Woman,Bags,Bags..,ITALIA,원가 없음 또는 0원
29925046,CUBA LAB,Woman,Bags,Bags..,ITALIA,원가 없음 또는 0원
29925046,CUBA LAB,Woman,Bags,Bags..,ITALIA,원가 없음 또는 0원
29925046,CUBA LAB,Woman,Bags,Bags..,ITALIA,원가 없음 또는 0원
29925046,CUBA LAB,Woman,Bags,Bags..,ITALIA,원가 없음 또는 0원
AL02X708285X002,BOTTEGA VENETA,D,AL,JEWELLERY,MADE IN ITALY,재고 없음
AL02X708285X002,BOTTEGA VENETA,D,AL,JEWELLERY,MADE IN ITALY,재고 없음
BO01X1255308001,CHRISTIAN LOUBOUTIN,D,BO,LEATHER BAG,,재고 없음
BO01X1255308001,CHRISTIAN LOUBOUTIN,D,BO,LEATHER BAG,,재고 없음
AB22XPM2B003001,PALM ANGELS,U,AB,T-SHIRT,MADE IN PORTUGAL,재고 없음
29945675,Longchamp,Woman,Bags,Bags..,Cina,원가 없음 또는 0원
29945675,Longchamp,Woman,Bags,Bags..,Cina,원가 없음 또는 0원
29945675,Longchamp,Woman,Bags,Bags..,Cina,원가 없음 또는 0원
29945675,Longchamp,Woman,Bags,Bags..,Cina,원가 없음 또는 0원
29945675,Longchamp,Woman,Bags,Bags..,Cina,원가 없음 또는 0원
29945675,Longchamp,Woman,Bags,Bags..,Cina,원가 없음 또는 0원
AL02CEW00180001,EMPORIO ARMANI,D,AL,JEWELLERY Colore unico,MADE IN ITALY,재고 없음
AL02CEW00180001,EMPORIO ARMANI,D,AL,JEWELLERY Colore unico,MADE IN ITALY,재고 없음
AB07X4SGGG16001,GIORGIO ARMANI,U,AB,JACKET,MADE IN ITALY,재고 없음
AB07X4SGGG16001,GIORGIO ARMANI,U,AB,JACKET,MADE IN ITALY,재고 없음
29945712,Burberry,Man,Clothing,Trousers,ITALIA,원가 없음 또는 0원
29945712,Burberry,Man,Clothing,Trousers,ITALIA,원가 없음 또는 0원
29945712,Burberry,Man,Clothing,Trousers,ITALIA,원가 없음 또는 0원
29945712,Burberry,Man,Clothing,Trousers,ITALIA,원가 없음 또는 0원
29945712,Burberry,Man,Clothing,Trousers,ITALIA,원가 없음 또는 0원
29945712,Burberry,Man,Clothing,Trousers,ITALIA,원가 없음 또는 0원
AB31XMP00012001,HERNO,U,AB,DOWNJACKET,MADE IN TURKEY,재고 없음
AB31XMP00012001,HERNO,U,AB,DOWNJACKET,MADE IN TURKEY,재고 없음
AB31XPI00195001,HERNO,D,AB,DOWNJACKET,,재고 없음
29945722,Longchamp,Woman,Bags,Bags..,Tunisia,원가 없음 또는 0원
29945722,Longchamp,Woman,Bags,Bags..,Tunisia,원가 없음 또는 0원
29945722,Longchamp,Woman,Bags,Bags..,Tunisia,원가 없음 또는 0원
29945722,Longchamp,Woman,Bags,Bags..,Tunisia,원가 없음 또는 0원
29945722,Longchamp,Woman,Bags,Bags..,Tunisia,원가 없음 또는 0원
29945722,Longchamp,Woman,Bags,Bags..,Tunisia,원가 없음 또는 0원
AL05X1B3AC99001,MISSONI,D,AL,HOME,MADE IN PORTUGAL,재고 없음
AL05X1B3AC99001,MISSONI,D,AL,HOME,MADE IN PORTUGAL,재고 없음
AB31XMC00015001,HERNO,U,AB,DOWNJACKET,MADE IN MOLDOVA,재고 없음
AB31XMC00015001,HERNO,U,AB,DOWNJACKET,MADE IN MOLDOVA,재고 없음
30030359,VANESSA BARONI,Woman,Accessories,Bijoux,ITALIA,원가 없음 또는 0원
30030359,VANESSA BARONI,Woman,Accessories,Bijoux,ITALIA,원가 없음 또는 0원
30030359,VANESSA BARONI,Woman,Accessories,Bijoux,ITALIA,원가 없음 또는 0원
30030359,VANESSA BARONI,Woman,Accessories,Bijoux,ITALIA,원가 없음 또는 0원
30030359,VANESSA BARONI,Woman,Accessories,Bijoux,ITALIA,원가 없음 또는 0원
30030359,VANESSA BARONI,Woman,Accessories,Bijoux,ITALIA,원가 없음 또는 0원
AB24XBFUKC00008,AMI,U,AB,CARDIGAN,MADE IN BULGARIA,재고 없음
AB24XBFUKC00008,AMI,U,AB,CARDIGAN,MADE IN BULGARIA,재고 없음
AB23X8110101001,BURBERRY,U,AB,SWEATSHIRT,,재고 없음
AB24XLWHB064040,ALANUI,D,AB,CARDIGAN,MADE IN ITALY,재고 없음
AB24XLWHB064040,ALANUI,D,AB,CARDIGAN,MADE IN ITALY,재고 없음
BO09X1255054001,CHRISTIAN LOUBOUTIN,U,BO,POUCH BAG,MADE IN ITALY,재고 없음
BO09X1255054001,CHRISTIAN LOUBOUTIN,U,BO,POUCH BAG,MADE IN ITALY,재고 없음
30030453,VANESSA BARONI,Woman,Accessories,Bijoux,Italy,원가 없음 또는 0원
30030453,VANESSA BARONI,Woman,Accessories,Bijoux,Italy,원가 없음 또는 0원
30030453,VANESSA BARONI,Woman,Accessories,Bijoux,Italy,원가 없음 또는 0원
30030453,VANESSA BARONI,Woman,Accessories,Bijoux,Italy,원가 없음 또는 0원
30030453,VANESSA BARONI,Woman,Accessories,Bijoux,Italy,원가 없음 또는 0원
30030453,VANESSA BARONI,Woman,Accessories,Bijoux,Italy,원가 없음 또는 0원
AB07XH225BIB001,HEBE STUDIO,D,AB,JACKET,MADE IN ITALY,재고 없음
AB07XH225BIB001,HEBE STUDIO,D,AB,JACKET,MADE IN ITALY,재고 없음
30030456,cultura,Man,Clothing,Trousers,ITALIA,원가 없음 또는 0원
30030456,cultura,Man,Clothing,Trousers,ITALIA,원가 없음 또는 0원
30030456,cultura,Man,Clothing,Trousers,ITALIA,원가 없음 또는 0원
30030456,cultura,Man,Clothing,Trousers,ITALIA,원가 없음 또는 0원
30030456,cultura,Man,Clothing,Trousers,ITALIA,원가 없음 또는 0원
30030456,cultura,Man,Clothing,Trousers,ITALIA,원가 없음 또는 0원
30030457,Tagliatore,Man,Clothing,Jackets,Italy,원가 없음 또는 0원
30030457,Tagliatore,Man,Clothing,Jackets,Italy,원가 없음 또는 0원
30030457,Tagliatore,Man,Clothing,Jackets,Italy,원가 없음 또는 0원
30030457,Tagliatore,Man,Clothing,Jackets,Italy,원가 없음 또는 0원
30030457,Tagliatore,Man,Clothing,Jackets,Italy,원가 없음 또는 0원
30030457,Tagliatore,Man,Clothing,Jackets,Italy,원가 없음 또는 0원
CA03XCS2356X001,DOLCE&GABBANA,U,CA,SNEAKERS,,재고 없음
BO01X2S4HTT0002,MARC JACOBS,D,BO,LEATHER BAG,MADE IN VIETNAM,재고 없음
BO01X2S4HTT0002,MARC JACOBS,D,BO,LEATHER BAG,MADE IN VIETNAM,재고 없음
BO01X631685X017,GUCCI,D,BO,mini bag,MADE IN ITALY,재고 없음
BO01X631685X017,GUCCI,D,BO,mini bag,MADE IN ITALY,재고 없음
AB31XG9BPXZX001,DOLCE&GABBANA,U,AB,DOWNJACKET,,재고 없음
BO01X443497X052,GUCCI,D,BO,LEATHER BAG,MADE IN ITALY,재고 없음
BO01X443497X052,GUCCI,D,BO,LEATHER BAG,MADE IN ITALY,재고 없음
BO01XULL005X001,AMI,D,BO,LEATHER BAG,MADE IN MOROCCO,재고 없음
BO01XULL005X001,AMI,D,BO,LEATHER BAG,MADE IN MOROCCO,재고 없음
30313884,SORBET ISLAND,Woman,Clothing,Sea clothing,Grecia,원가 없음 또는 0원
30313884,SORBET ISLAND,Woman,Clothing,Sea clothing,Grecia,원가 없음 또는 0원
30313884,SORBET ISLAND,Woman,Clothing,Sea clothing,Grecia,원가 없음 또는 0원
30313884,SORBET ISLAND,Woman,Clothing,Sea clothing,Grecia,원가 없음 또는 0원
30313884,SORBET ISLAND,Woman,Clothing,Sea clothing,Grecia,원가 없음 또는 0원
30313884,SORBET ISLAND,Woman,Clothing,Sea clothing,Grecia,원가 없음 또는 0원
30313886,Escapulario,Woman,Accessories,Bijoux,Brasile,원가 없음 또는 0원
30313886,Escapulario,Woman,Accessories,Bijoux,Brasile,원가 없음 또는 0원
30313886,Escapulario,Woman,Accessories,Bijoux,Brasile,원가 없음 또는 0원
30313886,Escapulario,Woman,Accessories,Bijoux,Brasile,원가 없음 또는 0원
30313886,Escapulario,Woman,Accessories,Bijoux,Brasile,원가 없음 또는 0원
30313886,Escapulario,Woman,Accessories,Bijoux,Brasile,원가 없음 또는 0원
BO01XULL007X002,AMI,D,BO,LEATHER BAG,MADE IN MOROCCO,재고 없음
BO01XULL007X002,AMI,D,BO,LEATHER BAG,MADE IN MOROCCO,재고 없음
30313894,MC2 Saint Barth,Man,Clothing,Sweaters,Portogallo,원가 없음 또는 0원
30313894,MC2 Saint Barth,Man,Clothing,Sweaters,Portogallo,원가 없음 또는 0원
30313894,MC2 Saint Barth,Man,Clothing,Sweaters,Portogallo,원가 없음 또는 0원
30313894,MC2 Saint Barth,Man,Clothing,Sweaters,Portogallo,원가 없음 또는 0원
30313894,MC2 Saint Barth,Man,Clothing,Sweaters,Portogallo,원가 없음 또는 0원
30313894,MC2 Saint Barth,Man,Clothing,Sweaters,Portogallo,원가 없음 또는 0원
30313902,MC2 Saint Barth,Man,Clothing,Sweaters,Portogallo,원가 없음 또는 0원
30313902,MC2 Saint Barth,Man,Clothing,Sweaters,Portogallo,원가 없음 또는 0원
30313902,MC2 Saint Barth,Man,Clothing,Sweaters,Portogallo,원가 없음 또는 0원
30313902,MC2 Saint Barth,Man,Clothing,Sweaters,Portogallo,원가 없음 또는 0원
30313902,MC2 Saint Barth,Man,Clothing,Sweaters,Portogallo,원가 없음 또는 0원
30313902,MC2 Saint Barth,Man,Clothing,Sweaters,Portogallo,원가 없음 또는 0원
30313908,MC2 Saint Barth,Woman,Clothing,Sea clothing,ITALIA,원가 없음 또는 0원
30313908,MC2 Saint Barth,Woman,Clothing,Sea clothing,ITALIA,원가 없음 또는 0원
30313908,MC2 Saint Barth,Woman,Clothing,Sea clothing,ITALIA,원가 없음 또는 0원
30313908,MC2 Saint Barth,Woman,Clothing,Sea clothing,ITALIA,원가 없음 또는 0원
30313908,MC2 Saint Barth,Woman,Clothing,Sea clothing,ITALIA,원가 없음 또는 0원
30313908,MC2 Saint Barth,Woman,Clothing,Sea clothing,ITALIA,원가 없음 또는 0원
AB31XPC00014001,HERNO,U,AB,DOWNJACKET,,재고 없음
CA01XLUM0091001,DSQUARED2,U,CA,LEATHER SOLE,MADE IN ITALY,재고 없음
CA01XLUM0091001,DSQUARED2,U,CA,LEATHER SOLE,MADE IN ITALY,재고 없음
CA03X1203A38004,ASICS,U,CA,SNEAKERS,MADE IN CAMBOGIA,재고 없음
CA03X1203A38004,ASICS,U,CA,SNEAKERS,MADE IN CAMBOGIA,재고 없음
BO01XX08396X014,DIESEL,D,BO,LEATHER BAG,MADE IN CHINA,재고 없음
BO01XX08396X014,DIESEL,D,BO,LEATHER BAG,MADE IN CHINA,재고 없음
CA03XCK2355X001,DOLCE&GABBANA,D,CA,SNEAKERS,,재고 없음
BO01X2P3HCR0001,MARC JACOBS,D,BO,LEATHER BAG,MADE IN VIETNAM,재고 없음
BO01X2P3HCR0001,MARC JACOBS,D,BO,LEATHER BAG,MADE IN VIETNAM,재고 없음
30356479,,Woman,Clothing,Sea clothing,ITALIA,브랜드 실패(사유: None) / 카테고리 성공 / 원산지 성공
30356479,,Woman,Clothing,Sea clothing,ITALIA,브랜드 실패(사유: None) / 카테고리 성공 / 원산지 성공
30356479,,Woman,Clothing,Sea clothing,ITALIA,브랜드 실패(사유: None) / 카테고리 성공 / 원산지 성공
30356479,,Woman,Clothing,Sea clothing,ITALIA,브랜드 실패(사유: None) / 카테고리 성공 / 원산지 성공
30356479,,Woman,Clothing,Sea clothing,ITALIA,브랜드 실패(사유: None) / 카테고리 성공 / 원산지 성공
30356479,,Woman,Clothing,Sea clothing,ITALIA,브랜드 실패(사유: None) / 카테고리 성공 / 원산지 성공
BO01XM001414009,MARC JACOBS,D,BO,LEATHER BAG,MADE IN ITALY,재고 없음
BO01XM001414009,MARC JACOBS,D,BO,LEATHER BAG,MADE IN ITALY,재고 없음
BO01X30H3G8N002,MICHAEL KORS,D,BO,LEATHER BAG,MADE IN BANGLADESH,재고 없음
BO01X30H3G8N002,MICHAEL KORS,D,BO,LEATHER BAG,MADE IN BANGLADESH,재고 없음
AL19CEM00134009,EMPORIO ARMANI,U,AL,TIE Colore unico,,재고 없음
AL19CEM00134009,EMPORIO ARMANI,U,AL,TIE Colore unico,,재고 없음
30730600,Bottega Veneta,Woman,Bags,Bags..,ITALIA,원가 없음 또는 0원
30730600,Bottega Veneta,Woman,Bags,Bags..,ITALIA,원가 없음 또는 0원
30730600,Bottega Veneta,Woman,Bags,Bags..,ITALIA,원가 없음 또는 0원
30730600,Bottega Veneta,Woman,Bags,Bags..,ITALIA,원가 없음 또는 0원
30730600,Bottega Veneta,Woman,Bags,Bags..,ITALIA,원가 없음 또는 0원
30730600,Bottega Veneta,Woman,Bags,Bags..,ITALIA,원가 없음 또는 0원
AL02XBL0034F001,ISABEL MARANT,D,AL,JEWELLERY,,재고 없음
PP12X6W2P0AI001,VALENTINO GARAVANI,D,PP,POUCH,MADE IN ITALY,재고 없음
PP12X6W2P0AI001,VALENTINO GARAVANI,D,PP,POUCH,MADE IN ITALY,재고 없음
BO01X5402000001,VIVIENNE WESTWOOD,D,BO,LEATHER BAG,MADE IN ITALY,재고 없음
BO01X5402000001,VIVIENNE WESTWOOD,D,BO,LEATHER BAG,MADE IN ITALY,재고 없음
PP07X575726X004,SAINT LAURENT,U,PP,WALLET,MADE IN ITALY,재고 없음
PP07X575726X004,SAINT LAURENT,U,PP,WALLET,MADE IN ITALY,재고 없음
CA04X1016222011,UGG,D,CA,BOOTS,MADE IN VIETNAM,재고 없음
CA04X1016222011,UGG,D,CA,BOOTS,MADE IN VIETNAM,재고 없음
AB22X2511941008,MAX MARA,D,AB,T-SHIRT,MADE IN CHINA,재고 없음
CA06C7X00010001,EA7,U,CA,FLIP FLOPS Colore unico,MADE IN CHINA,재고 없음
CA06C7X00010001,EA7,U,CA,FLIP FLOPS Colore unico,MADE IN CHINA,재고 없음
CA01XEEC425F001,CHURCH,U,CA,LEATHER SOLE,,재고 없음
AB23X6V3MF28002,VALENTINO,U,AB,SWEATSHIRT,MADE IN ITALY,재고 없음
AB23X6V3MF28002,VALENTINO,U,AB,SWEATSHIRT,MADE IN ITALY,재고 없음
AB22X2511941017,MAX MARA,D,AB,T-SHIRT,MADE IN CHINA,재고 없음
AB22X2511941017,MAX MARA,D,AB,T-SHIRT,MADE IN CHINA,재고 없음
31126362,MC2 Saint Barth,Woman,Clothing,Sea clothing,Bulgaria,원가 없음 또는 0원
31126362,MC2 Saint Barth,Woman,Clothing,Sea clothing,Bulgaria,원가 없음 또는 0원
31126362,MC2 Saint Barth,Woman,Clothing,Sea clothing,Bulgaria,원가 없음 또는 0원
31126362,MC2 Saint Barth,Woman,Clothing,Sea clothing,Bulgaria,원가 없음 또는 0원
31126362,MC2 Saint Barth,Woman,Clothing,Sea clothing,Bulgaria,원가 없음 또는 0원
31126362,MC2 Saint Barth,Woman,Clothing,Sea clothing,Bulgaria,원가 없음 또는 0원
CA08XG72945X001,GIANVITO ROSSI,D,CA,HEELED SHOES,MADE IN ITALY,재고 없음
AB11X2519361001,MAX MARA S,D,AB,KNITWEAR,MADE IN ITALY,재고 없음
AB11X2519361001,MAX MARA S,D,AB,KNITWEAR,MADE IN ITALY,재고 없음
CA04XCOPSH03003,COPERNI,D,CA,BOOTS,MADE IN SPAIN,재고 없음
CA04XCOPSH03003,COPERNI,D,CA,BOOTS,MADE IN SPAIN,재고 없음
CA04XDT0242X001,CHURCH,D,CA,BOOTS,,재고 없음
BO01XX10202X001,DIESEL,D,BO,LEATHER BAG,,재고 없음
AB13X6B3KF02001,VALENTINO,D,AB,TROUSERS,MADE IN ITALY,재고 없음
AB13X6B3KF02001,VALENTINO,D,AB,TROUSERS,MADE IN ITALY,재고 없음
CA07XS59WZ00004,MM6,D,CA,FLAT SHOES,MADE IN ITALY,재고 없음
CA07XS59WZ00004,MM6,D,CA,FLAT SHOES,MADE IN ITALY,재고 없음
AB01XF6GAVTX001,DOLCE&GABBANA,D,AB,DRESS,MADE IN ITALY,재고 없음
AB01XF6GAVTX001,DOLCE&GABBANA,D,AB,DRESS,MADE IN ITALY,재고 없음
AB02XLIGHTIN091,SAINT BARTH,U,AB,BEACHWEAR,MADE IN CHINA,재고 없음
AB02XLIGHTIN091,SAINT BARTH,U,AB,BEACHWEAR,MADE IN CHINA,재고 없음
BO01X816753X001,GUCCI,U,BO,tote bag,MADE IN ITALY,재고 없음
BO01X816753X001,GUCCI,U,BO,tote bag,MADE IN ITALY,재고 없음
AB22C9518C00005,MONCLER,K,AB,T-SHIRT Colore unico,MADE IN TURKEY,재고 없음
AB22C9518C00005,MONCLER,K,AB,T-SHIRT Colore unico,MADE IN TURKEY,재고 없음
AB27CJ29518M002,MONCLER,K,AB,BABY TRACKSUIT Colore unico,MADE IN TURKEY,재고 없음
AB27CJ29518M002,MONCLER,K,AB,BABY TRACKSUIT Colore unico,MADE IN TURKEY,재고 없음
AB31C9511A00021,MONCLER,K,AB,DOWNJACKET Colore unico,MADE IN MOLDOVA,재고 없음
AB31C9511A00021,MONCLER,K,AB,DOWNJACKET Colore unico,MADE IN MOLDOVA,재고 없음
CA01XDU2405_001,DOUCAL'S,U,CA,LEATHER SOLE,,재고 없음
CA01XDU2405_001,DOUCAL'S,U,CA,LEATHER SOLE,,재고 없음
BO01XXBWAPAT013,TODS,D,BO,LEATHER BAG,MADE IN ITALY,재고 없음
BO01XXBWAPAT013,TODS,D,BO,LEATHER BAG,MADE IN ITALY,재고 없음
AB08X3841MDW001,MSGM,D,AB,VEST,MADE IN ITALY,재고 없음
AB08X3841MDW001,MSGM,D,AB,VEST,MADE IN ITALY,재고 없음
AB31CK4117YW001,K-WAY,K,AB,DOWNJACKET Colore unico,MADE IN MYANMAR,재고 없음
AB31CK4117YW001,K-WAY,K,AB,DOWNJACKET Colore unico,MADE IN MYANMAR,재고 없음
AB31CK81256W002,K-WAY,K,AB,DOWNJACKET Colore unico,MADE IN CHINA,재고 없음
AB31CK81256W002,K-WAY,K,AB,DOWNJACKET Colore unico,MADE IN CHINA,재고 없음
AL02X6W2J0Y0001,VALENTINO GARAVANI,D,AL,JEWELLERY,MADE IN ITALY,재고 없음
AL02X6W2J0Y0001,VALENTINO GARAVANI,D,AL,JEWELLERY,MADE IN ITALY,재고 없음
BO01X5A01000001,VIVIENNE WESTWOOD,D,BO,LEATHER BAG,MADE IN CHINA,재고 없음
BO01X5A01000001,VIVIENNE WESTWOOD,D,BO,LEATHER BAG,MADE IN CHINA,재고 없음
BO01X2P5HCR0001,MARC JACOBS,D,BO,LEATHER BAG,,재고 없음
AB31XPI1304D005,HERNO,D,AB,DOWNJACKET,,재고 없음
AB31XPI1304D005,HERNO,D,AB,DOWNJACKET,,재고 없음
CA01XEEC306X001,CHURCH,U,CA,LEATHER SOLE,MADE IN GREAT BRITAIN,재고 없음
CA01XEEC306X001,CHURCH,U,CA,LEATHER SOLE,MADE IN GREAT BRITAIN,재고 없음
AB22XBFUTS03002,AMI,D,AB,T-SHIRT,MADE IN PORTUGAL,재고 없음
AB22XBFUTS03002,AMI,D,AB,T-SHIRT,MADE IN PORTUGAL,재고 없음
BO01XB223AAC002,VICTORIA BECKHAM,D,BO,LEATHER BAG,MADE IN ITALY,재고 없음
BO01XB223AAC002,VICTORIA BECKHAM,D,BO,LEATHER BAG,MADE IN ITALY,재고 없음
BO01XBB7782X001,DOLCE&GABBANA,D,BO,LEATHER BAG,,재고 없음
CA03X2EE369F010,PRADA,U,CA,SNEAKERS,MADE IN ITALY,재고 없음
CA03X2EE369F010,PRADA,U,CA,SNEAKERS,MADE IN ITALY,재고 없음
CA01X786016X001,GUCCI,D,CA,LEATHER SOLE,MADE IN ITALY,재고 없음
CA01X786016X001,GUCCI,D,CA,LEATHER SOLE,MADE IN ITALY,재고 없음
PP07X3195052002,CHRISTIAN LOUBOUTIN,U,PP,WALLET,MADE IN ITALY,재고 없음
PP07X3195052002,CHRISTIAN LOUBOUTIN,U,PP,WALLET,MADE IN ITALY,재고 없음
CA03XBH00ARX002,GIVENCHY,U,CA,SNEAKERS,MADE IN PORTUGAL,재고 없음
CA03XBH00ARX002,GIVENCHY,U,CA,SNEAKERS,MADE IN PORTUGAL,재고 없음
BO01X8203011003,VIVIENNE WESTWOOD,D,BO,LEATHER BAG,MADE IN ITALY,재고 없음
BO01X8203011003,VIVIENNE WESTWOOD,D,BO,LEATHER BAG,MADE IN ITALY,재고 없음
BO01XGEMINIX001,AMINA MUADDI,D,BO,LEATHER BAG,MADE IN ITALY,재고 없음
BO01XGEMINIX001,AMINA MUADDI,D,BO,LEATHER BAG,MADE IN ITALY,재고 없음
AB29CKS10241001,KONGES SLOJD,K,AB,POLO,MADE IN BANGLADESH,재고 없음
AB29CKS10241001,KONGES SLOJD,K,AB,POLO,MADE IN BANGLADESH,재고 없음
BO01XM001616026,MARC JACOBS,D,BO,LEATHER BAG,,재고 없음
BO01CEW00036014,EMPORIO ARMANI,D,BO,LEATHER BAG Colore unico,MADE IN CHINA,재고 없음
BO01CEW00036014,EMPORIO ARMANI,D,BO,LEATHER BAG Colore unico,MADE IN CHINA,재고 없음
AB24X830825X001,GUCCI,D,AB,CARDIGAN,,재고 없음
AB24X830825X001,GUCCI,D,AB,CARDIGAN,,재고 없음
AB13XBG25171001,BUTTER GOODS,U,AB,TROUSERS,,재고 없음
AB13XBG25171001,BUTTER GOODS,U,AB,TROUSERS,,재고 없음
AB22X2511941006,MAX MARA,D,AB,T-SHIRT,MADE IN CHINA,재고 없음
AB22X2511941006,MAX MARA,D,AB,T-SHIRT,MADE IN CHINA,재고 없음
AL12X756937X001,GUCCI,D,AL,WOMEN SILK,MADE IN ITALY,재고 없음
AL12X756937X001,GUCCI,D,AL,WOMEN SILK,MADE IN ITALY,재고 없음
CA03XOMIA293008,OFF WHITE,U,CA,SNEAKERS,MADE IN INDONESIA,재고 없음
CA03XOMIA293008,OFF WHITE,U,CA,SNEAKERS,MADE IN INDONESIA,재고 없음
AB23X255JS31001,JACQUEMUS,U,AB,SWEATSHIRT,MADE IN PORTUGAL,재고 없음
AB23X255JS31001,JACQUEMUS,U,AB,SWEATSHIRT,MADE IN PORTUGAL,재고 없음
PP02X100125X014,PINKO,D,PP,BELT,,재고 없음
PP02X100125X014,PINKO,D,PP,BELT,,재고 없음
PP12X6W2P0AJ002,VALENTINO GARAVANI,D,PP,POUCH,MADE IN ITALY,재고 없음
PP12X6W2P0AJ002,VALENTINO GARAVANI,D,PP,POUCH,MADE IN ITALY,재고 없음
CA05XF3076XX001,KHAITE,D,CA,SANDALS,MADE IN ITALY,재고 없음
CA05XF3076XX001,KHAITE,D,CA,SANDALS,MADE IN ITALY,재고 없음
AB11XFKS111X001,AMI,D,AB,KNITWEAR,MADE IN PORTUGAL,재고 없음
AB11XFKS111X001,AMI,D,AB,KNITWEAR,MADE IN PORTUGAL,재고 없음
AB24XPOL-ARI001,POLAR SKATE CO,U,AB,CARDIGAN,MADE IN PORTUGAL,재고 없음
AB24XPOL-ARI001,POLAR SKATE CO,U,AB,CARDIGAN,MADE IN PORTUGAL,재고 없음
AB22XAMJYTE1024,AMIRI,U,AB,T-SHIRT,MADE IN U.S.A.,재고 없음
AB22XAMJYTE1024,AMIRI,U,AB,T-SHIRT,MADE IN U.S.A.,재고 없음
AB09XCOPJ84F001,COPERNI,D,AB,SKIRT,MADE IN ITALY,재고 없음
AB09XCOPJ84F001,COPERNI,D,AB,SKIRT,MADE IN ITALY,재고 없음
AB31XHWW006P001,PYRENEX,D,AB,DOWNJACKET,MADE IN CHINA,재고 없음
AB31XHWW006P001,PYRENEX,D,AB,DOWNJACKET,MADE IN CHINA,재고 없음
PP07X8M0395X053,FENDI,D,PP,WALLET,MADE IN ITALY,재고 없음
PP07X8M0395X053,FENDI,D,PP,WALLET,MADE IN ITALY,재고 없음
PP02X734910X002,BOTTEGA VENETA,D,PP,BELT,MADE IN ITALY,재고 없음
PP02X734910X002,BOTTEGA VENETA,D,PP,BELT,MADE IN ITALY,재고 없음
CA05CX3P848X001,EMPORIO ARMANI,D,CA,SANDALS Colore unico,,재고 없음
CA05CX3P848X001,EMPORIO ARMANI,D,CA,SANDALS Colore unico,,재고 없음
AB11CDV9A20_001,DOUDOU,K,AB,KNITWEAR Colore unico,MADE IN PORTUGAL,재고 없음
AB11CDV9A20_001,DOUDOU,K,AB,KNITWEAR Colore unico,MADE IN PORTUGAL,재고 없음
BO01XH004L01016,MARC JACOBS,D,BO,LEATHER BAG,,재고 없음
AB09X834197X001,SAINT LAURENT,D,AB,SKIRT,,재고 없음
AB09X834197X001,SAINT LAURENT,D,AB,SKIRT,,재고 없음
AB04XNOLAXXX001,MAX MARA,D,AB,SHIRT,MADE IN ITALY,재고 없음
AB04XNOLAXXX001,MAX MARA,D,AB,SHIRT,MADE IN ITALY,재고 없음
AB09X6B3RACH001,VALENTINO,D,AB,SKIRT,,재고 없음
AB09X6B3RACH001,VALENTINO,D,AB,SKIRT,,재고 없음
AB03XPMCL004003,PALM ANGELS,U,AB,SHORT,MADE IN PORTUGAL,재고 없음
AB03XPMCL004003,PALM ANGELS,U,AB,SHORT,MADE IN PORTUGAL,재고 없음
AB02CKS10249002,KONGES SLOJD,K,AB,BEACHWEAR,MADE IN CHINA,재고 없음
AB02CKS10249002,KONGES SLOJD,K,AB,BEACHWEAR,MADE IN CHINA,재고 없음
AB02CKS10249004,KONGES SLOJD,K,AB,BEACHWEAR,MADE IN CHINA,재고 없음
AB02CKS10249004,KONGES SLOJD,K,AB,BEACHWEAR,MADE IN CHINA,재고 없음
AB01X24E241D001,JACQUEMUS,D,AB,DRESS,MADE IN PORTUGAL,재고 없음
AB01X24E241D001,JACQUEMUS,D,AB,DRESS,MADE IN PORTUGAL,재고 없음
AB01XS52DA00004,MM6,D,AB,DRESS,MADE IN ITALY,재고 없음
AB01XS52DA00004,MM6,D,AB,DRESS,MADE IN ITALY,재고 없음
AB13XPMYA049001,PALM ANGELS,U,AB,TROUSERS,MADE IN ITALY,재고 없음
AB13XPMYA049001,PALM ANGELS,U,AB,TROUSERS,MADE IN ITALY,재고 없음
AB13XAA9P017003,ALAIA,D,AB,TROUSERS,MADE IN ITALY,재고 없음
AB13XAA9P017003,ALAIA,D,AB,TROUSERS,MADE IN ITALY,재고 없음
CA03X161550X004,TORY BURCH,D,CA,SNEAKERS,,재고 없음
AB02CJEA0004005,SAINT BARTH,K,AB,BEACHWEAR,,재고 없음
AB02CJEA0004005,SAINT BARTH,K,AB,BEACHWEAR,,재고 없음
AB09X25ECJU5001,RABANNE,D,AB,SKIRT,MADE IN TUNISIA,재고 없음
AB09X25ECJU5001,RABANNE,D,AB,SKIRT,MADE IN TUNISIA,재고 없음
AB02XBI002AX001,VENUJA,D,AB,BEACHWEAR,MADE IN CHINA,재고 없음
AB02XBI002AX001,VENUJA,D,AB,BEACHWEAR,MADE IN CHINA,재고 없음
AB06X153248X002,TORY BURCH,D,AB,DENIM,MADE IN CHINA,재고 없음
AB06X153248X002,TORY BURCH,D,AB,DENIM,MADE IN CHINA,재고 없음
AB07X3841MDG001,MSGM,D,AB,JACKET,MADE IN ITALY,재고 없음
AB07X3841MDG001,MSGM,D,AB,JACKET,MADE IN ITALY,재고 없음
AB07X6B3DC04001,VALENTINO,D,AB,JACKET,MADE IN ITALY,재고 없음
AB07X6B3DC04001,VALENTINO,D,AB,JACKET,MADE IN ITALY,재고 없음
AB07XFJ7492X001,FENDI,D,AB,JACKET,MADE IN ITALY,재고 없음
AB07XFJ7492X001,FENDI,D,AB,JACKET,MADE IN ITALY,재고 없음
AB04CEW00077004,EMPORIO ARMANI,D,AB,SHIRT Colore unico,,재고 없음
AB04CEW00077004,EMPORIO ARMANI,D,AB,SHIRT Colore unico,,재고 없음
AB04X18CMOS1004,CP COMPANY,U,AB,SHIRT,MADE IN TUNISIA,재고 없음
AB04X18CMOS1004,CP COMPANY,U,AB,SHIRT,MADE IN TUNISIA,재고 없음
AB09X3841MDD001,MSGM,D,AB,SKIRT,MADE IN ITALY,재고 없음
AB09X3841MDD001,MSGM,D,AB,SKIRT,MADE IN ITALY,재고 없음
148142,POLO RALPH LAUREN,Women,Clothing,Jersey,Cabogia,재고 없음
150670,LANVIN,Unisex,Shoes,Sneakers,Italy,재고 없음
154329,NIMO WITH LOVE,Women,Clothing,Beachwear,,재고 없음
AB04XHSH240X002,AMI,U,AB,SHIRT,MADE IN TUNISIA,재고 없음
AB04XHSH240X002,AMI,U,AB,SHIRT,MADE IN TUNISIA,재고 없음
158548,SEMICOUTURE,Women,Clothing,Dresses,Italy,재고 없음
BO01XH009L01021,MARC JACOBS,D,BO,LEATHER BAG,,재고 없음
CA04XETC278F001,CHURCH,U,CA,BOOTS,,재고 없음
142804,BURBERRY,Men,Clothing,Tshirts and polo shirts,Portugal,재고 없음
BO01XM001615014,MARC JACOBS,D,BO,LEATHER BAG,,재고 없음
BO09XALIN001005,SAINT BARTH,U,BO,POUCH BAG,MADE IN CHINA,재고 없음
BO09XALIN001005,SAINT BARTH,U,BO,POUCH BAG,MADE IN CHINA,재고 없음
AB02CZIP0001001,SAINT BARTH,K,AB,BEACHWEAR,,재고 없음
AB02CZIP0001001,SAINT BARTH,K,AB,BEACHWEAR,,재고 없음
AB04CTW5A03X001,STELLA MCCARTNEY,K,AB,SHIRT Colore unico,MADE IN TURKEY,재고 없음
AB04CTW5A03X001,STELLA MCCARTNEY,K,AB,SHIRT Colore unico,MADE IN TURKEY,재고 없음
AB18XHT0701F001,ISABEL MARANT,D,AB,TOP,,재고 없음
AB07XJ02BN02001,JIL SANDER,D,AB,JACKET,MADE IN ITALY,재고 없음
AB07XJ02BN02001,JIL SANDER,D,AB,JACKET,MADE IN ITALY,재고 없음
149755,FARM RIO,Women,Clothing,Shirts and blouses,China,재고 없음
150834,JACQUEMUS,Women,Bags,Hand bags,Italy,재고 없음
AB01XF6GAVTX002,DOLCE&GABBANA,D,AB,DRESS,MADE IN ITALY,재고 없음
AB01XF6GAVTX002,DOLCE&GABBANA,D,AB,DRESS,MADE IN ITALY,재고 없음
153488,ANJUNA,Women,Clothing,Beachwear,,재고 없음
155251,FERRAGAMO,Women,Bags,Shoulder bags,Italy,재고 없음
AB13CEM00155001,EMPORIO ARMANI,U,AB,TROUSERS Colore unico,,재고 없음
AB13CEM00155001,EMPORIO ARMANI,U,AB,TROUSERS Colore unico,,재고 없음
159044,IBELIV,Women,Bags,Tote bags,,재고 없음
AL11X8112639001,BURBERRY,U,AL,SCARF,,재고 없음
AB08XT150911001,THE ANDAMANE,D,AB,VEST,MADE IN ITALY,재고 없음
AB08XT150911001,THE ANDAMANE,D,AB,VEST,MADE IN ITALY,재고 없음
150792,EQUIPMENT,Women,Clothing,Shirts and blouses,China,재고 없음
159877,MAX MARA,Women,Clothing,Jersey,,재고 없음
153487,ANJUNA,Women,Clothing,Beachwear,,재고 없음
AB13XCOALMAZ002,PT TORINO,U,AB,TROUSERS,MADE IN TUNISIA,재고 없음
AB13XCOALMAZ002,PT TORINO,U,AB,TROUSERS,MADE IN TUNISIA,재고 없음
AB02XLIGHTIN098,SAINT BARTH,U,AB,BEACHWEAR,MADE IN CHINA,재고 없음
AB02XLIGHTIN098,SAINT BARTH,U,AB,BEACHWEAR,MADE IN CHINA,재고 없음
AB31C9541A00030,MONCLER,K,AB,DOWNJACKET Colore unico,MADE IN MOLDOVA,재고 없음
AB31C9541A00030,MONCLER,K,AB,DOWNJACKET Colore unico,MADE IN MOLDOVA,재고 없음
AB31C9541A00040,MONCLER,K,AB,DOWNJACKET Colore unico,,재고 없음
AB31C9541A00040,MONCLER,K,AB,DOWNJACKET Colore unico,,재고 없음
AL03COBRA003003,OFF WHITE,K,AL,SOCKS Colore unico,MADE IN ITALY,재고 없음
AL03COBRA003003,OFF WHITE,K,AL,SOCKS Colore unico,MADE IN ITALY,재고 없음
AB13XP001-LI001,PURPLE BRAND,U,AB,TROUSERS,MADE IN CHINA,재고 없음
AB13XP001-LI001,PURPLE BRAND,U,AB,TROUSERS,MADE IN CHINA,재고 없음
AB18X329127X001,FARM RIO,D,AB,TOP,MADE IN INDIA,재고 없음
AB18X329127X001,FARM RIO,D,AB,TOP,MADE IN INDIA,재고 없음
AB09X254400X001,CHARO RUIZ,D,AB,SKIRT,MADE IN PORTUGAL,재고 없음
AB09X254400X001,CHARO RUIZ,D,AB,SKIRT,MADE IN PORTUGAL,재고 없음
149740,FARM RIO,Women,Clothing,Shirts and blouses,China,재고 없음
151757,MICHAEL MICHAEL KORS,Women,Bags,Crossbody Bags,Indonesia,재고 없음
AL10XA3301XX001,ALBERTA FERRETTI,D,AL,SHAWL,MADE IN ITALY,재고 없음
AL10XA3301XX001,ALBERTA FERRETTI,D,AL,SHAWL,MADE IN ITALY,재고 없음
AB22X3G01001025,VIVIENNE WESTWOOD,D,AB,T-SHIRT,MADE IN TUNISIA,재고 없음
AB22X3G01001025,VIVIENNE WESTWOOD,D,AB,T-SHIRT,MADE IN TUNISIA,재고 없음
AB22X2511941019,MAX MARA,D,AB,T-SHIRT,MADE IN CHINA,재고 없음
AB22X2511941019,MAX MARA,D,AB,T-SHIRT,MADE IN CHINA,재고 없음
AB31XFI00011001,HERNO,U,AB,DOWNJACKET,MADE IN ITALY,재고 없음
AB31XFI00011001,HERNO,U,AB,DOWNJACKET,MADE IN ITALY,재고 없음
156382,VEJA KIDS,Baby boy,Shoes,Sneakers,Brazil,원가 없음 또는 0원
CA03XL474506002,SALOMON,U,CA,SNEAKERS,MADE IN VIETNAM,재고 없음
CA03XL474506002,SALOMON,U,CA,SNEAKERS,MADE IN VIETNAM,재고 없음
BO01X104536X002,PINKO,D,BO,LEATHER BAG,MADE IN CHINA,재고 없음
BO01X104536X002,PINKO,D,BO,LEATHER BAG,MADE IN CHINA,재고 없음
CA01X990XXXX001,ALDEN,U,CA,LEATHER SOLE,MADE IN U.S.A.,재고 없음
CA01X990XXXX001,ALDEN,U,CA,LEATHER SOLE,MADE IN U.S.A.,재고 없음
BO01X5115002015,VIVIENNE WESTWOOD,D,BO,LEATHER BAG,MADE IN ITALY,재고 없음
BO01X5115002015,VIVIENNE WESTWOOD,D,BO,LEATHER BAG,MADE IN ITALY,재고 없음
CA03X3MD1147001,ON,U,CA,SNEAKERS,MADE IN VIETNAM,재고 없음
CA03X3MD1147001,ON,U,CA,SNEAKERS,MADE IN VIETNAM,재고 없음
163363,C.P. COMPANY,Men,Accessories,Hats and Gloves,China,재고 없음
CA08XCG0639X001,DOLCE&GABBANA,D,CA,HEELED SHOES,MADE IN ITALY,재고 없음
CA08XCG0639X001,DOLCE&GABBANA,D,CA,HEELED SHOES,MADE IN ITALY,재고 없음
CA08XG95335X002,GIANVITO ROSSI,D,CA,HEELED SHOES,MADE IN ITALY,재고 없음
CA08XG95335X002,GIANVITO ROSSI,D,CA,HEELED SHOES,MADE IN ITALY,재고 없음
AB23C8116607001,STONE ISLAND,K,AB,SWEATSHIRT Colore unico,MADE IN ROMANIA,재고 없음
AB23C8116607001,STONE ISLAND,K,AB,SWEATSHIRT Colore unico,MADE IN ROMANIA,재고 없음
PP02X627055X005,GUCCI,U,PP,BELT,MADE IN ITALY,재고 없음
PP02X627055X005,GUCCI,U,PP,BELT,MADE IN ITALY,재고 없음
139467,BLUMARINE,Women,Clothing,Tops,Italy,재고 없음
146798,FERRAGAMO,Women,Jewelry,Bracelet,,재고 없음
CA03XGMF0019025,GOLDEN GOOSE,U,CA,SNEAKERS,MADE IN ITALY,재고 없음
CA03XGMF0019025,GOLDEN GOOSE,U,CA,SNEAKERS,MADE IN ITALY,재고 없음
AB03XPMCL004005,PALM ANGELS,U,AB,SHORT,MADE IN PORTUGAL,재고 없음
AB03XPMCL004005,PALM ANGELS,U,AB,SHORT,MADE IN PORTUGAL,재고 없음
AB13XFTC3DDX001,DOLCE&GABBANA,D,AB,TROUSERS,MADE IN ITALY,재고 없음
AB13XFTC3DDX001,DOLCE&GABBANA,D,AB,TROUSERS,MADE IN ITALY,재고 없음
AB22X2511941018,MAX MARA,D,AB,T-SHIRT,MADE IN CHINA,재고 없음
AB22X2511941018,MAX MARA,D,AB,T-SHIRT,MADE IN CHINA,재고 없음
156071,AXEL ARIGATO,Men,Shoes,Sneakers,Portugal,재고 없음
AB09XW2071R1001,WARDROBE NYC,D,AB,SKIRT,MADE IN SLOVAKIA,재고 없음
AB09XW2071R1001,WARDROBE NYC,D,AB,SKIRT,MADE IN SLOVAKIA,재고 없음
154204,CHARO RUIZ,Women,Clothing,Long Dresses,Portugal,재고 없음
156443,TAGLIATORE,Men,Clothing,Blazers,Italy,재고 없음
PP07CY4R165X002,EMPORIO ARMANI,U,PP,WALLET Colore unico,,재고 없음
PP07CY4R165X002,EMPORIO ARMANI,U,PP,WALLET Colore unico,,재고 없음
AB11CK19548M008,MONCLER,K,AB,KNITWEAR Colore unico,MADE IN TURKEY,재고 없음
AB11CK19548M008,MONCLER,K,AB,KNITWEAR Colore unico,MADE IN TURKEY,재고 없음
BO01X162451X001,TORY BURCH,D,BO,LEATHER BAG,MADE IN VIETNAM,재고 없음
BO01X162451X001,TORY BURCH,D,BO,LEATHER BAG,MADE IN VIETNAM,재고 없음
AB13XPA0541F001,ISABEL MARANT,D,AB,TROUSERS,MADE IN CHINA,재고 없음
AB13XPA0541F001,ISABEL MARANT,D,AB,TROUSERS,MADE IN CHINA,재고 없음
AB13XCORSZ1Z004,PT TORINO,U,AB,TROUSERS,MADE IN ROMANIA,재고 없음
AB13XCORSZ1Z004,PT TORINO,U,AB,TROUSERS,MADE IN ROMANIA,재고 없음
132003,AGOLDE,Women,Clothing,Jeans,Turkey,재고 없음
142417,AMIRI,Men,Accessories,Leather Products,Italy,재고 없음
147966,GIVENCHY,Women,Bags,Shoulder bags,Italy,재고 없음
150057,TATRAS,Men,Clothing,Down jackets,Poland,재고 없음
150751,AGUA BY AGUA BENDITA,Women,Clothing,Long Dresses,Colombia,재고 없음
160951,ALBERTA FERRETTI,Women,Clothing,Long Dresses,Italy,재고 없음
AB13XSS23SPS002,COLE BUXTON,U,AB,TROUSERS,MADE IN PORTUGAL,재고 없음
AB13XSS23SPS002,COLE BUXTON,U,AB,TROUSERS,MADE IN PORTUGAL,재고 없음
166984,PLAIN,Women,Clothing,Trousers,,재고 없음
156933,BOTTEGA VENETA,Men,Accessories,Leather Products,Italy,재고 없음
165589,GOLD HAWK,Women,Clothing,Tops,,재고 없음
153107,PUMA,Unisex,Shoes,Sneakers,China,재고 없음
155146,HUNZA G,Women,Clothing,Beachwear,Morocco,재고 없음
156377,VEJA KIDS,Baby girl,Shoes,Sneakers,Brazil,원가 없음 또는 0원
158430,BOTTEGA VENETA,Women,Bags,Hand bags,Italy,재고 없음
AB03CS05BBEW001,BONPOINT,K,AB,SHORT Colore unico,MADE IN VIETNAM,재고 없음
AB03CS05BBEW001,BONPOINT,K,AB,SHORT Colore unico,MADE IN VIETNAM,재고 없음
149748,FARM RIO,Women,Clothing,Jumpsuits,China,재고 없음
150296,SEBAGO,Men,Shoes,Loafers,,재고 없음
157907,BOTTEGA VENETA,Women,Bags,Tote bags,Italy,재고 없음
AB13CEM00150006,EMPORIO ARMANI,U,AB,TROUSERS Colore unico,MADE IN CHINA,재고 없음
AB13CEM00150006,EMPORIO ARMANI,U,AB,TROUSERS Colore unico,MADE IN CHINA,재고 없음
AB18XHT0541F001,ISABEL MARANT ETOILE,D,AB,TOP,MADE IN INDIA,재고 없음
AB18XHT0541F001,ISABEL MARANT ETOILE,D,AB,TOP,MADE IN INDIA,재고 없음
AB03XPMCL004007,PALM ANGELS,U,AB,SHORT,MADE IN PORTUGAL,재고 없음
AB03XPMCL004007,PALM ANGELS,U,AB,SHORT,MADE IN PORTUGAL,재고 없음
AB03XK1S15L1002,STONE ISLAND,U,AB,SHORT,MADE IN ROMANIA,재고 없음
AB03XK1S15L1002,STONE ISLAND,U,AB,SHORT,MADE IN ROMANIA,재고 없음
153099,PUMA,Unisex,Shoes,Sneakers,Cambodia,재고 없음
156880,BOTTEGA VENETA,Women,Bags,Shoulder bags,Italy,재고 없음
165943,JIMMY CHOO,Women,Bags,Hand bags,,재고 없음
165273,DOLCE E GABBANA,Men,Shoes,Sneakers,,재고 없음
AB13X18CMPA0002,CP COMPANY,U,AB,TROUSERS,MADE IN TUNISIA,재고 없음
AB13X18CMPA0002,CP COMPANY,U,AB,TROUSERS,MADE IN TUNISIA,재고 없음
153105,PUMA,Unisex,Shoes,Sneakers,Cambodia,재고 없음
AB03CKS10230003,KONGES SLOJD,K,AB,SHORT,MADE IN CHINA,재고 없음
AB03CKS10230003,KONGES SLOJD,K,AB,SHORT,MADE IN CHINA,재고 없음
AB03CK1S16B1007,STONE ISLAND,K,AB,SHORT Colore unico,MADE IN INDONESIA,재고 없음
AB03CK1S16B1007,STONE ISLAND,K,AB,SHORT Colore unico,MADE IN INDONESIA,재고 없음
AB13XNAMBOXX001,MAX MARA,D,AB,TROUSERS,MADE IN ITALY,재고 없음
AB13XNAMBOXX001,MAX MARA,D,AB,TROUSERS,MADE IN ITALY,재고 없음
AB13XNF0A8BJ002,THE NORTH FACE,U,AB,TROUSERS,MADE IN CAMBOGIA,재고 없음
AB13XNF0A8BJ002,THE NORTH FACE,U,AB,TROUSERS,MADE IN CAMBOGIA,재고 없음
AB13X2214XXX001,C.9.3,U,AB,TROUSERS,MADE IN ITALY,재고 없음
AB13X2214XXX001,C.9.3,U,AB,TROUSERS,MADE IN ITALY,재고 없음
BO08XSB5WB00001,MM6,D,BO,2000031183206,MADE IN CHINA,재고 없음
BO08XSB5WB00001,MM6,D,BO,2000031183206,MADE IN CHINA,재고 없음
AB13XD230565001,P.A.R.O.S.H.,D,AB,TROUSERS,MADE IN INDIA,재고 없음
AB13XD230565001,P.A.R.O.S.H.,D,AB,TROUSERS,MADE IN INDIA,재고 없음
AB18XT4087XX001,GANNI,D,AB,TOP,MADE IN PORTUGAL,재고 없음
AB18XT4087XX001,GANNI,D,AB,TOP,MADE IN PORTUGAL,재고 없음
86489,ALEXANDER MCQUEEN,Women,Shoes,Sneakers,Italy,재고 없음
AB01XFABX361002,ALESSANDRA RICH,D,AB,DRESS,MADE IN ITALY,재고 없음
AB01XFABX361002,ALESSANDRA RICH,D,AB,DRESS,MADE IN ITALY,재고 없음
AB22CK19548D001,MONCLER,K,AB,T-SHIRT Colore unico,MADE IN PORTUGAL,재고 없음
AB22CK19548D001,MONCLER,K,AB,T-SHIRT Colore unico,MADE IN PORTUGAL,재고 없음
153088,VERSACE,Women,Shoes,Wedges,Spain,재고 없음
AB18X6T01583001,STELLA MCCARTNEY,D,AB,TOP,MADE IN ITALY,재고 없음
AB18X6T01583001,STELLA MCCARTNEY,D,AB,TOP,MADE IN ITALY,재고 없음
AB13XFTC31TX001,DOLCE&GABBANA,D,AB,TROUSERS,MADE IN ITALY,재고 없음
AB13XFTC31TX001,DOLCE&GABBANA,D,AB,TROUSERS,MADE IN ITALY,재고 없음
165330,LONGCHAMP,Women,Bags,Hand bags,Portugal,재고 없음
150293,SEBAGO,Women,Shoes,Loafers,,재고 없음
AB13XSH0LA00001,MM6,U,AB,TROUSERS,MADE IN ITALY,재고 없음
AB13XSH0LA00001,MM6,U,AB,TROUSERS,MADE IN ITALY,재고 없음
153102,PUMA,Unisex,Shoes,Sneakers,Cambodia,재고 없음
153760,MINI RODINI KIDS,Baby boy,Clothing,Tshirts and polo shirts,Turkey,재고 없음
156940,BOTTEGA VENETA,Women,Clothing,Tops,Italy,재고 없음
AB21XGK2WMTX006,DOLCE&GABBANA,U,AB,SUIT,MADE IN ITALY,재고 없음
AB21XGK2WMTX006,DOLCE&GABBANA,U,AB,SUIT,MADE IN ITALY,재고 없음
156908,BOTTEGA VENETA,Women,Clothing,Shirts and blouses,Italy,재고 없음
156977,BOTTEGA VENETA,Men,Shoes,Sneakers,Italy,재고 없음
AB22CDW8A51_001,DOUDOU,K,AB,T-SHIRT Colore unico,MADE IN TURKEY,재고 없음
AB22CDW8A51_001,DOUDOU,K,AB,T-SHIRT Colore unico,MADE IN TURKEY,재고 없음
165175,OBIDI,Women,Clothing,Trousers,Italy,재고 없음
166772,AUTRY,Men,Shoes,Sneakers,,재고 없음
118948,BOTTEGA VENETA,Women,Accessories,Sunglasses,Italy,재고 없음
146302,MONCLER KIDS,Unisex bab,Clothing,Down jackets,Romania,재고 없음
149569,KENZO,Men,Clothing,Trousers,Portugal,재고 없음
AB18XRUPIAXX001,MAX MARA STUDIO,D,AB,TOP,MADE IN CHINA,재고 없음
AB18XRUPIAXX001,MAX MARA STUDIO,D,AB,TOP,MADE IN CHINA,재고 없음
AB22XOM00128001,MAISON KITSUNE,U,AB,T-SHIRT,MADE IN PORTUGAL,재고 없음
AB22XOM00128001,MAISON KITSUNE,U,AB,T-SHIRT,MADE IN PORTUGAL,재고 없음
150290,SEBAGO,Women,Shoes,Loafers,,재고 없음
156884,BOTTEGA VENETA,Women,Clothing,Shirts and blouses,Italy,재고 없음
149725,AMIRI,Men,Clothing,Tshirts and polo shirts,Italy,재고 없음
AB22CK1S1622006,STONE ISLAND,K,AB,T-SHIRT Colore unico,MADE IN TURKEY,재고 없음
AB22CK1S1622006,STONE ISLAND,K,AB,T-SHIRT Colore unico,MADE IN TURKEY,재고 없음
150100,THE NORTH FACE,Men,Bags,Tote bags,El Salvador,브랜드 성공 / 카테고리 성공 / 원산지 실패(사유: El Salvador)
166422,ACNE STUDIOS,Women,Clothing,Tshirts and polo shirts,Portugal,재고 없음
AB22CTW8B51X001,STELLA MCCARTNEY,K,AB,T-SHIRT Colore unico,MADE IN CHINA,재고 없음
AB22CTW8B51X001,STELLA MCCARTNEY,K,AB,T-SHIRT Colore unico,MADE IN CHINA,재고 없음
AB05XSACCOXX001,MAX MARA,D,AB,COAT,MADE IN ITALY,재고 없음
AB05XSACCOXX001,MAX MARA,D,AB,COAT,MADE IN ITALY,재고 없음
AB22X2511941012,MAX MARA,D,AB,T-SHIRT,MADE IN CHINA,재고 없음
AB22X2511941012,MAX MARA,D,AB,T-SHIRT,MADE IN CHINA,재고 없음
AB07CM60720X001,MM6,K,AB,JACKET Colore unico,MADE IN CHINA,재고 없음
AB07CM60720X001,MM6,K,AB,JACKET Colore unico,MADE IN CHINA,재고 없음
AB22XMM00125008,MAISON KITSUNE,U,AB,T-SHIRT,MADE IN PORTUGAL,재고 없음
AB22XMM00125008,MAISON KITSUNE,U,AB,T-SHIRT,MADE IN PORTUGAL,재고 없음
AB22XNF0A8C1003,THE NORTH FACE,U,AB,T-SHIRT,MADE IN TURKEY,재고 없음
AB22XNF0A8C1003,THE NORTH FACE,U,AB,T-SHIRT,MADE IN TURKEY,재고 없음
AB22COBAA002037,OFF WHITE,K,AB,T-SHIRT Colore unico,MADE IN PORTUGAL,재고 없음
AB22COBAA002037,OFF WHITE,K,AB,T-SHIRT Colore unico,MADE IN PORTUGAL,재고 없음
AB22COBAA002045,OFF WHITE,K,AB,T-SHIRT Colore unico,MADE IN PORTUGAL,재고 없음
AB22COBAA002045,OFF WHITE,K,AB,T-SHIRT Colore unico,MADE IN PORTUGAL,재고 없음
AB22COGAA019001,OFF WHITE,K,AB,T-SHIRT Colore unico,MADE IN PORTUGAL,재고 없음
AB22COGAA019001,OFF WHITE,K,AB,T-SHIRT Colore unico,MADE IN PORTUGAL,재고 없음
AB22X8101901001,BURBERRY,U,AB,T-SHIRT,MADE IN PORTUGAL,재고 없음
AB22X8101901001,BURBERRY,U,AB,T-SHIRT,MADE IN PORTUGAL,재고 없음
AB22CTW8P71X001,STELLA MCCARTNEY,K,AB,T-SHIRT Colore unico,MADE IN TURKEY,재고 없음
AB22CTW8P71X001,STELLA MCCARTNEY,K,AB,T-SHIRT Colore unico,MADE IN TURKEY,재고 없음
165930,DRKSHDW,Unisex,Shoes,Sneakers,Vietnam,재고 없음
AB07XBW30J3X001,GIVENCHY,D,AB,JACKET,MADE IN ITALY,재고 없음
AB07XBW30J3X001,GIVENCHY,D,AB,JACKET,MADE IN ITALY,재고 없음
AB21XLN1JM20005,CARUSO,U,AB,SUIT,,재고 없음
AB21XLN1JM20005,CARUSO,U,AB,SUIT,,재고 없음
AB22XA16185X002,DIESEL,U,AB,T-SHIRT,MADE IN INDIA,재고 없음
AB22XA16185X002,DIESEL,U,AB,T-SHIRT,MADE IN INDIA,재고 없음
AB22XF4833XX001,FORET,U,AB,T-SHIRT,MADE IN PORTUGAL,재고 없음
AB22XF4833XX001,FORET,U,AB,T-SHIRT,MADE IN PORTUGAL,재고 없음
148011,GIVENCHY,Men,Clothing,Tshirts and polo shirts,Portugal,재고 없음
AB22CJUI174X001,FENDI,K,AB,T-SHIRT Colore unico,MADE IN PORTUGAL,재고 없음
AB22CJUI174X001,FENDI,K,AB,T-SHIRT Colore unico,MADE IN PORTUGAL,재고 없음
AB28CK19548I001,MONCLER,K,AB,BABY DRESS Colore unico,MADE IN TURKEY,재고 없음
AB28CK19548I001,MONCLER,K,AB,BABY DRESS Colore unico,MADE IN TURKEY,재고 없음
AB22X2511941005,MAX MARA,D,AB,T-SHIRT,MADE IN CHINA,재고 없음
AB22X2511941005,MAX MARA,D,AB,T-SHIRT,MADE IN CHINA,재고 없음
AB22X394XXXX001,EXTREME CASHMERE,D,AB,T-SHIRT,MADE IN CHINA,재고 없음
AB22X394XXXX001,EXTREME CASHMERE,D,AB,T-SHIRT,MADE IN CHINA,재고 없음
AB23X18CMSS0002,CP COMPANY,U,AB,SWEATSHIRT,MADE IN TURKEY,재고 없음
AB23X18CMSS0002,CP COMPANY,U,AB,SWEATSHIRT,MADE IN TURKEY,재고 없음
AB22XD9SP100002,DRUMOHR,U,AB,T-SHIRT,MADE IN ITALY,재고 없음
AB22XD9SP100002,DRUMOHR,U,AB,T-SHIRT,MADE IN ITALY,재고 없음
AB23X788771X003,GUCCI,U,AB,SWEATSHIRT,MADE IN ITALY,재고 없음
AB23X788771X003,GUCCI,U,AB,SWEATSHIRT,MADE IN ITALY,재고 없음
AB23X802001X001,SAINT LAURENT,D,AB,SWEATSHIRT,MADE IN FRANCE,재고 없음
AB23X802001X001,SAINT LAURENT,D,AB,SWEATSHIRT,MADE IN FRANCE,재고 없음
AL19CEM00134001,EMPORIO ARMANI,U,AL,TIE Colore unico,MADE IN ITALY,재고 없음
AL19CEM00134001,EMPORIO ARMANI,U,AL,TIE Colore unico,MADE IN ITALY,재고 없음
AB28CEPSILON002,MADILLY,K,AB,BABY DRESS,MADE IN ITALY,재고 없음
AB28CEPSILON002,MADILLY,K,AB,BABY DRESS,MADE IN ITALY,재고 없음
AB13XPA0273F002,ISABEL MARANT,D,AB,TROUSERS,MADE IN TUNISIA,재고 없음
AB13XPA0273F002,ISABEL MARANT,D,AB,TROUSERS,MADE IN TUNISIA,재고 없음
AB13XMH255E1001,BRUNELLO CUCINELLI,U,AB,TROUSERS,MADE IN ITALY,재고 없음
AB13XMH255E1001,BRUNELLO CUCINELLI,U,AB,TROUSERS,MADE IN ITALY,재고 없음
AB28CI24CP05001,TEDDY & MINOU,K,AB,BABY DRESS Colore unico,MADE IN ITALY,재고 없음
AB28CI24CP05001,TEDDY & MINOU,K,AB,BABY DRESS Colore unico,MADE IN ITALY,재고 없음
AB13XAK0794X001,ACNE,D,AB,TROUSERS,,재고 없음
AB13XAK0794X001,ACNE,D,AB,TROUSERS,,재고 없음
AB13XT150407001,THE ANDAMANE,D,AB,TROUSERS,MADE IN ITALY,재고 없음
AB13XT150407001,THE ANDAMANE,D,AB,TROUSERS,MADE IN ITALY,재고 없음
AB22CB125AB0002,BOBO CHOSES,K,AB,T-SHIRT Colore unico,MADE IN PORTUGAL,재고 없음
AB22CB125AB0002,BOBO CHOSES,K,AB,T-SHIRT Colore unico,MADE IN PORTUGAL,재고 없음
AB28CP25VM79002,IL GUFO,K,AB,BABY DRESS Colore unico,MADE IN MOROCCO,재고 없음
AB28CP25VM79002,IL GUFO,K,AB,BABY DRESS Colore unico,MADE IN MOROCCO,재고 없음
AB22XNF0A8C2001,THE NORTH FACE,U,AB,T-SHIRT,MADE IN TURKEY,재고 없음
AB22XNF0A8C2001,THE NORTH FACE,U,AB,T-SHIRT,MADE IN TURKEY,재고 없음
AB22XPMAA001123,PALM ANGELS,U,AB,T-SHIRT,MADE IN ITALY,재고 없음
AB22XPMAA001123,PALM ANGELS,U,AB,T-SHIRT,MADE IN ITALY,재고 없음
AB31XLTAT24A020,TATRAS,D,AB,DOWNJACKET,MADE IN POLAND,재고 없음
AB31XLTAT24A020,TATRAS,D,AB,DOWNJACKET,MADE IN POLAND,재고 없음
AB22XBG25110002,BUTTER GOODS,U,AB,T-SHIRT,,재고 없음
AB22XBG25110002,BUTTER GOODS,U,AB,T-SHIRT,,재고 없음
138314,BOTTEGA VENETA,Women,Clothing,Dresses,Italy,재고 없음
149553,44 LABEL GROUP,Men,Clothing,Tshirts and polo shirts,,재고 없음
AB13XARMTMP0004,ARMARIUM,D,AB,TROUSERS,MADE IN ITALY,재고 없음
AB13XARMTMP0004,ARMARIUM,D,AB,TROUSERS,MADE IN ITALY,재고 없음
156386,VENUJA,Women,Clothing,Beachwear,China,재고 없음
156978,BOTTEGA VENETA,Women,Clothing,Jeans,Italy,재고 없음
AB18XA14817X001,DIESEL,D,AB,TOP,MADE IN ITALY,재고 없음
AB18XA14817X001,DIESEL,D,AB,TOP,MADE IN ITALY,재고 없음
AB22XBG24311002,BUTTER GOODS,U,AB,T-SHIRT,,재고 없음
AB22XBG24311002,BUTTER GOODS,U,AB,T-SHIRT,,재고 없음
159857,MAX MARA,Women,Clothing,Outerwear,,재고 없음
160088,'S MAXMARA,Women,Clothing,Outerwear,,재고 없음
AB18CEW00060002,EMPORIO ARMANI,D,AB,TOP Colore unico,MADE IN TURKEY,재고 없음
AB18CEW00060002,EMPORIO ARMANI,D,AB,TOP Colore unico,MADE IN TURKEY,재고 없음
AB18X225MTO4001,COURREGES,D,AB,TOP,MADE IN BULGARIA,재고 없음
AB18X225MTO4001,COURREGES,D,AB,TOP,MADE IN BULGARIA,재고 없음
AB22CS05GTSK007,BONPOINT,K,AB,T-SHIRT Colore unico,MADE IN PORTUGAL,재고 없음
AB22CS05GTSK007,BONPOINT,K,AB,T-SHIRT Colore unico,MADE IN PORTUGAL,재고 없음
AB22XRR01E52001,RICK OWENS,U,AB,T-SHIRT,MADE IN ITALY,재고 없음
AB22XRR01E52001,RICK OWENS,U,AB,T-SHIRT,MADE IN ITALY,재고 없음
AB22X245JS20008,JACQUEMUS,U,AB,T-SHIRT,MADE IN PORTUGAL,재고 없음
AB22X245JS20008,JACQUEMUS,U,AB,T-SHIRT,MADE IN PORTUGAL,재고 없음
147374,VALENTINO GARAVANI,Men,Shoes,Sneakers,Italy,재고 없음
AB22XA06268X010,DIESEL,D,AB,T-SHIRT,MADE IN CHINA,재고 없음
AB22XA06268X010,DIESEL,D,AB,T-SHIRT,MADE IN CHINA,재고 없음
AB22X2511941011,MAX MARA,D,AB,T-SHIRT,MADE IN CHINA,재고 없음
AB22X2511941011,MAX MARA,D,AB,T-SHIRT,MADE IN CHINA,재고 없음
26890725,,Unisex,Homeware,Living,Italia,브랜드 실패(사유: None) / 카테고리 성공 / 원산지 성공
26890725,,Unisex,Homeware,Living,Italia,브랜드 실패(사유: None) / 카테고리 성공 / 원산지 성공
26890725,,Unisex,Homeware,Living,Italia,브랜드 실패(사유: None) / 카테고리 성공 / 원산지 성공
26890725,,Unisex,Homeware,Living,Italia,브랜드 실패(사유: None) / 카테고리 성공 / 원산지 성공
26890725,,Unisex,Homeware,Living,Italia,브랜드 실패(사유: None) / 카테고리 성공 / 원산지 성공
26890725,,Unisex,Homeware,Living,Italia,브랜드 실패(사유: None) / 카테고리 성공 / 원산지 성공
AB18XHT0597F001,ISABEL MARANT,D,AB,TOP,MADE IN INDIA,재고 없음
AB18XHT0597F001,ISABEL MARANT,D,AB,TOP,MADE IN INDIA,재고 없음
AB22C580991X002,GUCCI,K,AB,T-SHIRT Colore unico,MADE IN ITALY,재고 없음
AB22C580991X002,GUCCI,K,AB,T-SHIRT Colore unico,MADE IN ITALY,재고 없음
163272,OSOI,Women,Bags,Shoulder bags,China,재고 없음
BO01CM01480X003,MARNI,K,BO,LEATHER BAG Colore unico,MADE IN EXTRA UE,재고 없음
BO01CM01480X003,MARNI,K,BO,LEATHER BAG Colore unico,MADE IN EXTRA UE,재고 없음
AB22XS52GC03007,MM6,D,AB,T-SHIRT,MADE IN PORTUGAL,재고 없음
AB22XS52GC03007,MM6,D,AB,T-SHIRT,MADE IN PORTUGAL,재고 없음
AB22C575114X008,GUCCI,K,AB,T-SHIRT Colore unico,MADE IN ITALY,재고 없음
AB22C575114X008,GUCCI,K,AB,T-SHIRT Colore unico,MADE IN ITALY,재고 없음
AB23X245JS24002,JACQUEMUS,U,AB,SWEATSHIRT,MADE IN PORTUGAL,재고 없음
AB23X245JS24002,JACQUEMUS,U,AB,SWEATSHIRT,MADE IN PORTUGAL,재고 없음
AB23X18CMSS0003,CP COMPANY,U,AB,SWEATSHIRT,MADE IN ITALY,재고 없음
AB23X18CMSS0003,CP COMPANY,U,AB,SWEATSHIRT,MADE IN ITALY,재고 없음
AB13XLWYB002002,ALANUI,D,AB,TROUSERS,MADE IN ITALY,재고 없음
AB13XLWYB002002,ALANUI,D,AB,TROUSERS,MADE IN ITALY,재고 없음
AB22COB2B001001,OFF WHITE,K,AB,T-SHIRT Colore unico,MADE IN PORTUGAL,재고 없음
AB22COB2B001001,OFF WHITE,K,AB,T-SHIRT Colore unico,MADE IN PORTUGAL,재고 없음
AB13XUTR240X001,AMI,U,AB,TROUSERS,MADE IN PORTUGAL,재고 없음
AB13XUTR240X001,AMI,U,AB,TROUSERS,MADE IN PORTUGAL,재고 없음
AB13XS74LB14011,DSQUARED2,U,AB,TROUSERS,MADE IN ROMANIA,재고 없음
AB13XS74LB14011,DSQUARED2,U,AB,TROUSERS,MADE IN ROMANIA,재고 없음
AB22X784361X003,GUCCI,U,AB,T-SHIRT,MADE IN ITALY,재고 없음
AB22X784361X003,GUCCI,U,AB,T-SHIRT,MADE IN ITALY,재고 없음
BO01X2T33XXX001,JW PEI,D,BO,LEATHER BAG,MADE IN CHINA,재고 없음
BO01X2T33XXX001,JW PEI,D,BO,LEATHER BAG,MADE IN CHINA,재고 없음
AB22COBAA002046,OFF WHITE,K,AB,T-SHIRT Colore unico,MADE IN PORTUGAL,재고 없음
AB22COBAA002046,OFF WHITE,K,AB,T-SHIRT Colore unico,MADE IN PORTUGAL,재고 없음
AB22CTW1D41X001,STELLA MCCARTNEY,K,AB,T-SHIRT Colore unico,MADE IN ALBANIA,재고 없음
AB22CTW1D41X001,STELLA MCCARTNEY,K,AB,T-SHIRT Colore unico,MADE IN ALBANIA,재고 없음
AB22X245JS21006,JACQUEMUS,U,AB,T-SHIRT,MADE IN PORTUGAL,재고 없음
AB22X245JS21006,JACQUEMUS,U,AB,T-SHIRT,MADE IN PORTUGAL,재고 없음
AB22XBG25110001,BUTTER GOODS,U,AB,T-SHIRT,,재고 없음
AB22XBG25110001,BUTTER GOODS,U,AB,T-SHIRT,,재고 없음
AB22XJC6229X001,ADIDAS ORIGINALS,U,AB,T-SHIRT,MADE IN VIETNAM,재고 없음
AB22XJC6229X001,ADIDAS ORIGINALS,U,AB,T-SHIRT,MADE IN VIETNAM,재고 없음
AB22X2511941020,MAX MARA,D,AB,T-SHIRT,MADE IN CHINA,재고 없음
AB22X2511941020,MAX MARA,D,AB,T-SHIRT,MADE IN CHINA,재고 없음
30313952,VANESSA BARONI,Woman,Accessories,Bijoux,ITALIA,원가 없음 또는 0원
30313952,VANESSA BARONI,Woman,Accessories,Bijoux,ITALIA,원가 없음 또는 0원
30313952,VANESSA BARONI,Woman,Accessories,Bijoux,ITALIA,원가 없음 또는 0원
30313952,VANESSA BARONI,Woman,Accessories,Bijoux,ITALIA,원가 없음 또는 0원
30313952,VANESSA BARONI,Woman,Accessories,Bijoux,ITALIA,원가 없음 또는 0원
30313952,VANESSA BARONI,Woman,Accessories,Bijoux,ITALIA,원가 없음 또는 0원
AB22XA16839X001,DIESEL,D,AB,T-SHIRT,MADE IN BULGARIA,재고 없음
AB22XA16839X001,DIESEL,D,AB,T-SHIRT,MADE IN BULGARIA,재고 없음
AB31CK19541A042,MONCLER,K,AB,DOWNJACKET Colore unico,MADE IN ARMENIA,재고 없음
AB31CK19541A042,MONCLER,K,AB,DOWNJACKET Colore unico,MADE IN ARMENIA,재고 없음
AB22XG94XXXX001,AMPLIFIED,U,AB,T-SHIRT,MADE IN TURKEY,재고 없음
AB22XG94XXXX001,AMPLIFIED,U,AB,T-SHIRT,MADE IN TURKEY,재고 없음
AB22XBFUTS03007,AMI,U,AB,T-SHIRT,MADE IN PORTUGAL,재고 없음
AB22XBFUTS03007,AMI,U,AB,T-SHIRT,MADE IN PORTUGAL,재고 없음
BO01X8BH425X009,FENDI,D,BO,LEATHER BAG,,재고 없음
BO01X8BH425X009,FENDI,D,BO,LEATHER BAG,,재고 없음
AB22XNF0A8C1001,THE NORTH FACE,U,AB,T-SHIRT,MADE IN TURKEY,재고 없음
AB22XNF0A8C1001,THE NORTH FACE,U,AB,T-SHIRT,MADE IN TURKEY,재고 없음
AB22CP25TS47002,IL GUFO,K,AB,T-SHIRT Colore unico,MADE IN ITALY,재고 없음
AB22CP25TS47002,IL GUFO,K,AB,T-SHIRT Colore unico,MADE IN ITALY,재고 없음
AB18XRS24019001,SELF PORTRAIT,D,AB,TOP,MADE IN CHINA,재고 없음
AB18XRS24019001,SELF PORTRAIT,D,AB,TOP,MADE IN CHINA,재고 없음
AB23X8115612001,STONE ISLAND,U,AB,SWEATSHIRT,MADE IN TURKEY,재고 없음
AB23X8115612001,STONE ISLAND,U,AB,SWEATSHIRT,MADE IN TURKEY,재고 없음
BO01XSB6WD00018,MM6,D,BO,LEATHER BAG,MADE IN CHINA,재고 없음
BO01XSB6WD00018,MM6,D,BO,LEATHER BAG,MADE IN CHINA,재고 없음
AB22XNF0A8C3002,THE NORTH FACE,U,AB,T-SHIRT,MADE IN TURKEY,재고 없음
AB22XNF0A8C3002,THE NORTH FACE,U,AB,T-SHIRT,MADE IN TURKEY,재고 없음
AB11XAA9B037001,ALAIA,D,AB,KNITWEAR,MADE IN ITALY,재고 없음
AB11XAA9B037001,ALAIA,D,AB,KNITWEAR,MADE IN ITALY,재고 없음
AB22XK109U8C001,MONCLER X FRAGMENT,U,AB,T-SHIRT,MADE IN TURKEY,재고 없음
AB22XK109U8C001,MONCLER X FRAGMENT,U,AB,T-SHIRT,MADE IN TURKEY,재고 없음
BO02XL1899XX091,LONGCHAMP,D,BO,FABRIC BAG,MADE IN TUNISIA,재고 없음
BO02XL1899XX091,LONGCHAMP,D,BO,FABRIC BAG,MADE IN TUNISIA,재고 없음
150686,LOW CLASSIC,Women,Clothing,Shirts and blouses,Korea,재고 없음
AB22XSS25-11001,ARTE,U,AB,T-SHIRT,MADE IN PORTUGAL,재고 없음
AB22XSS25-11001,ARTE,U,AB,T-SHIRT,MADE IN PORTUGAL,재고 없음
CA03XHXW6410002,HOGAN,D,CA,SNEAKERS,MADE IN ITALY,재고 없음
CA03XHXW6410002,HOGAN,D,CA,SNEAKERS,MADE IN ITALY,재고 없음
AB23XK109U8G002,MONCLER X FRAGMENT,U,AB,SWEATSHIRT,MADE IN ALBANIA,재고 없음
AB23XK109U8G002,MONCLER X FRAGMENT,U,AB,SWEATSHIRT,MADE IN ALBANIA,재고 없음
29493987,,Woman,Shoes,Flat shoes,ITALY,브랜드 실패(사유: None) / 카테고리 성공 / 원산지 성공
29493987,,Woman,Shoes,Flat shoes,ITALY,브랜드 실패(사유: None) / 카테고리 성공 / 원산지 성공
29493987,,Woman,Shoes,Flat shoes,ITALY,브랜드 실패(사유: None) / 카테고리 성공 / 원산지 성공
29493987,,Woman,Shoes,Flat shoes,ITALY,브랜드 실패(사유: None) / 카테고리 성공 / 원산지 성공
29493987,,Woman,Shoes,Flat shoes,ITALY,브랜드 실패(사유: None) / 카테고리 성공 / 원산지 성공
29493987,,Woman,Shoes,Flat shoes,ITALY,브랜드 실패(사유: None) / 카테고리 성공 / 원산지 성공
AB22XS50GC07003,MAISON MARGIELA,D,AB,T-SHIRT,MADE IN ITALY,재고 없음
AB22XS50GC07003,MAISON MARGIELA,D,AB,T-SHIRT,MADE IN ITALY,재고 없음
165376,LONGCHAMP,Women,Bags,Hand bags,China,재고 없음
30030349,VANESSA BARONI,Woman,Accessories,Bijoux,ITALIA,원가 없음 또는 0원
30030349,VANESSA BARONI,Woman,Accessories,Bijoux,ITALIA,원가 없음 또는 0원
30030349,VANESSA BARONI,Woman,Accessories,Bijoux,ITALIA,원가 없음 또는 0원
30030349,VANESSA BARONI,Woman,Accessories,Bijoux,ITALIA,원가 없음 또는 0원
30030349,VANESSA BARONI,Woman,Accessories,Bijoux,ITALIA,원가 없음 또는 0원
30030349,VANESSA BARONI,Woman,Accessories,Bijoux,ITALIA,원가 없음 또는 0원
30030360,VANESSA BARONI,Woman,Accessories,Bijoux,ITALIA,원가 없음 또는 0원
30030360,VANESSA BARONI,Woman,Accessories,Bijoux,ITALIA,원가 없음 또는 0원
30030360,VANESSA BARONI,Woman,Accessories,Bijoux,ITALIA,원가 없음 또는 0원
30030360,VANESSA BARONI,Woman,Accessories,Bijoux,ITALIA,원가 없음 또는 0원
30030360,VANESSA BARONI,Woman,Accessories,Bijoux,ITALIA,원가 없음 또는 0원
30030360,VANESSA BARONI,Woman,Accessories,Bijoux,ITALIA,원가 없음 또는 0원
29924736,Hugo Boss,Man,Clothing,T-shirts and Polos,Portogallo,원가 없음 또는 0원
29924736,Hugo Boss,Man,Clothing,T-shirts and Polos,Portogallo,원가 없음 또는 0원
29924736,Hugo Boss,Man,Clothing,T-shirts and Polos,Portogallo,원가 없음 또는 0원
29924736,Hugo Boss,Man,Clothing,T-shirts and Polos,Portogallo,원가 없음 또는 0원
29924736,Hugo Boss,Man,Clothing,T-shirts and Polos,Portogallo,원가 없음 또는 0원
29924736,Hugo Boss,Man,Clothing,T-shirts and Polos,Portogallo,원가 없음 또는 0원
29006117,,Man,Clothing,T-shirts and Polos,Giappone,브랜드 실패(사유: None) / 카테고리 성공 / 원산지 성공
29006117,,Man,Clothing,T-shirts and Polos,Giappone,브랜드 실패(사유: None) / 카테고리 성공 / 원산지 성공
29006117,,Man,Clothing,T-shirts and Polos,Giappone,브랜드 실패(사유: None) / 카테고리 성공 / 원산지 성공
29006117,,Man,Clothing,T-shirts and Polos,Giappone,브랜드 실패(사유: None) / 카테고리 성공 / 원산지 성공
29006117,,Man,Clothing,T-shirts and Polos,Giappone,브랜드 실패(사유: None) / 카테고리 성공 / 원산지 성공
29006117,,Man,Clothing,T-shirts and Polos,Giappone,브랜드 실패(사유: None) / 카테고리 성공 / 원산지 성공
BO01XSA1UI00006,MAISON MARGIELA,U,BO,LEATHER BAG,MADE IN ITALY,재고 없음
BO01XSA1UI00006,MAISON MARGIELA,U,BO,LEATHER BAG,MADE IN ITALY,재고 없음
29347176,Pero,Woman,Clothing,Trousers,India,원가 없음 또는 0원
29347176,Pero,Woman,Clothing,Trousers,India,원가 없음 또는 0원
29347176,Pero,Woman,Clothing,Trousers,India,원가 없음 또는 0원
29347176,Pero,Woman,Clothing,Trousers,India,원가 없음 또는 0원
29347176,Pero,Woman,Clothing,Trousers,India,원가 없음 또는 0원
29347176,Pero,Woman,Clothing,Trousers,India,원가 없음 또는 0원
29504125,MC2 Saint Barth,Woman,Bags,Bags..,Cina,원가 없음 또는 0원
29504125,MC2 Saint Barth,Woman,Bags,Bags..,Cina,원가 없음 또는 0원
29504125,MC2 Saint Barth,Woman,Bags,Bags..,Cina,원가 없음 또는 0원
29504125,MC2 Saint Barth,Woman,Bags,Bags..,Cina,원가 없음 또는 0원
29504125,MC2 Saint Barth,Woman,Bags,Bags..,Cina,원가 없음 또는 0원
29504125,MC2 Saint Barth,Woman,Bags,Bags..,Cina,원가 없음 또는 0원
29504164,MC2 Saint Barth,Man,Clothing,Sea clothing,Moldova,원가 없음 또는 0원
29504164,MC2 Saint Barth,Man,Clothing,Sea clothing,Moldova,원가 없음 또는 0원
29504164,MC2 Saint Barth,Man,Clothing,Sea clothing,Moldova,원가 없음 또는 0원
29504164,MC2 Saint Barth,Man,Clothing,Sea clothing,Moldova,원가 없음 또는 0원
29504164,MC2 Saint Barth,Man,Clothing,Sea clothing,Moldova,원가 없음 또는 0원
29504164,MC2 Saint Barth,Man,Clothing,Sea clothing,Moldova,원가 없음 또는 0원
29504169,Her Shirt,Woman,Clothing,Shirts,ITALIA,원가 없음 또는 0원
29504169,Her Shirt,Woman,Clothing,Shirts,ITALIA,원가 없음 또는 0원
29504169,Her Shirt,Woman,Clothing,Shirts,ITALIA,원가 없음 또는 0원
29504169,Her Shirt,Woman,Clothing,Shirts,ITALIA,원가 없음 또는 0원
29504169,Her Shirt,Woman,Clothing,Shirts,ITALIA,원가 없음 또는 0원
29504169,Her Shirt,Woman,Clothing,Shirts,ITALIA,원가 없음 또는 0원
29924800,SORBET ISLAND,Woman,Clothing,Sea clothing,Europa,원가 없음 또는 0원
29924800,SORBET ISLAND,Woman,Clothing,Sea clothing,Europa,원가 없음 또는 0원
29924800,SORBET ISLAND,Woman,Clothing,Sea clothing,Europa,원가 없음 또는 0원
29924800,SORBET ISLAND,Woman,Clothing,Sea clothing,Europa,원가 없음 또는 0원
29924800,SORBET ISLAND,Woman,Clothing,Sea clothing,Europa,원가 없음 또는 0원
29924800,SORBET ISLAND,Woman,Clothing,Sea clothing,Europa,원가 없음 또는 0원
AB03X255PA13002,JACQUEMUS,U,AB,SHORT,,재고 없음
AB03X255PA13002,JACQUEMUS,U,AB,SHORT,,재고 없음
29504240,MC2 Saint Barth,Woman,Bags,Bags..,Portogallo,원가 없음 또는 0원
29504240,MC2 Saint Barth,Woman,Bags,Bags..,Portogallo,원가 없음 또는 0원
29504240,MC2 Saint Barth,Woman,Bags,Bags..,Portogallo,원가 없음 또는 0원
29504240,MC2 Saint Barth,Woman,Bags,Bags..,Portogallo,원가 없음 또는 0원
29504240,MC2 Saint Barth,Woman,Bags,Bags..,Portogallo,원가 없음 또는 0원
29504240,MC2 Saint Barth,Woman,Bags,Bags..,Portogallo,원가 없음 또는 0원
29925040,SORBET ISLAND,Woman,Clothing,Sea clothing,Grecia,원가 없음 또는 0원
29925040,SORBET ISLAND,Woman,Clothing,Sea clothing,Grecia,원가 없음 또는 0원
29925040,SORBET ISLAND,Woman,Clothing,Sea clothing,Grecia,원가 없음 또는 0원
29925040,SORBET ISLAND,Woman,Clothing,Sea clothing,Grecia,원가 없음 또는 0원
29925040,SORBET ISLAND,Woman,Clothing,Sea clothing,Grecia,원가 없음 또는 0원
29925040,SORBET ISLAND,Woman,Clothing,Sea clothing,Grecia,원가 없음 또는 0원
29347200,Birkenstock,Unisex,Shoes,Sandals,Germania,원가 없음 또는 0원
29347200,Birkenstock,Unisex,Shoes,Sandals,Germania,원가 없음 또는 0원
29347200,Birkenstock,Unisex,Shoes,Sandals,Germania,원가 없음 또는 0원
29347200,Birkenstock,Unisex,Shoes,Sandals,Germania,원가 없음 또는 0원
29347200,Birkenstock,Unisex,Shoes,Sandals,Germania,원가 없음 또는 0원
29347200,Birkenstock,Unisex,Shoes,Sandals,Germania,원가 없음 또는 0원
29347282,Pero,Woman,Clothing,Trousers,India,원가 없음 또는 0원
29347282,Pero,Woman,Clothing,Trousers,India,원가 없음 또는 0원
29347282,Pero,Woman,Clothing,Trousers,India,원가 없음 또는 0원
29347282,Pero,Woman,Clothing,Trousers,India,원가 없음 또는 0원
29347282,Pero,Woman,Clothing,Trousers,India,원가 없음 또는 0원
29347282,Pero,Woman,Clothing,Trousers,India,원가 없음 또는 0원
29924723,SORBET ISLAND,Woman,Clothing,Sea clothing,EU,원가 없음 또는 0원
29924723,SORBET ISLAND,Woman,Clothing,Sea clothing,EU,원가 없음 또는 0원
29924723,SORBET ISLAND,Woman,Clothing,Sea clothing,EU,원가 없음 또는 0원
29924723,SORBET ISLAND,Woman,Clothing,Sea clothing,EU,원가 없음 또는 0원
29924723,SORBET ISLAND,Woman,Clothing,Sea clothing,EU,원가 없음 또는 0원
29924723,SORBET ISLAND,Woman,Clothing,Sea clothing,EU,원가 없음 또는 0원
29924897,SORBET ISLAND,Woman,Clothing,Sea clothing,Grecia,원가 없음 또는 0원
29924897,SORBET ISLAND,Woman,Clothing,Sea clothing,Grecia,원가 없음 또는 0원
29924897,SORBET ISLAND,Woman,Clothing,Sea clothing,Grecia,원가 없음 또는 0원
29924897,SORBET ISLAND,Woman,Clothing,Sea clothing,Grecia,원가 없음 또는 0원
29924897,SORBET ISLAND,Woman,Clothing,Sea clothing,Grecia,원가 없음 또는 0원
29924897,SORBET ISLAND,Woman,Clothing,Sea clothing,Grecia,원가 없음 또는 0원
29924909,SORBET ISLAND,Woman,Clothing,Sea clothing,Grecia,원가 없음 또는 0원
29924909,SORBET ISLAND,Woman,Clothing,Sea clothing,Grecia,원가 없음 또는 0원
29924909,SORBET ISLAND,Woman,Clothing,Sea clothing,Grecia,원가 없음 또는 0원
29924909,SORBET ISLAND,Woman,Clothing,Sea clothing,Grecia,원가 없음 또는 0원
29924909,SORBET ISLAND,Woman,Clothing,Sea clothing,Grecia,원가 없음 또는 0원
29924909,SORBET ISLAND,Woman,Clothing,Sea clothing,Grecia,원가 없음 또는 0원
29924919,SORBET ISLAND,Woman,Clothing,Sea clothing,Grecia,원가 없음 또는 0원
29924919,SORBET ISLAND,Woman,Clothing,Sea clothing,Grecia,원가 없음 또는 0원
29924919,SORBET ISLAND,Woman,Clothing,Sea clothing,Grecia,원가 없음 또는 0원
29924919,SORBET ISLAND,Woman,Clothing,Sea clothing,Grecia,원가 없음 또는 0원
29924919,SORBET ISLAND,Woman,Clothing,Sea clothing,Grecia,원가 없음 또는 0원
29924919,SORBET ISLAND,Woman,Clothing,Sea clothing,Grecia,원가 없음 또는 0원
30313933,And Wander,Unisex,Shoes,Sneakers,China,원가 없음 또는 0원
30313933,And Wander,Unisex,Shoes,Sneakers,China,원가 없음 또는 0원
30313933,And Wander,Unisex,Shoes,Sneakers,China,원가 없음 또는 0원
30313933,And Wander,Unisex,Shoes,Sneakers,China,원가 없음 또는 0원
30313933,And Wander,Unisex,Shoes,Sneakers,China,원가 없음 또는 0원
30313933,And Wander,Unisex,Shoes,Sneakers,China,원가 없음 또는 0원
29006119,CALLING JUNE,Woman,Clothing,Dresses,India,원가 없음 또는 0원
29006119,CALLING JUNE,Woman,Clothing,Dresses,India,원가 없음 또는 0원
29006119,CALLING JUNE,Woman,Clothing,Dresses,India,원가 없음 또는 0원
29006119,CALLING JUNE,Woman,Clothing,Dresses,India,원가 없음 또는 0원
29006119,CALLING JUNE,Woman,Clothing,Dresses,India,원가 없음 또는 0원
29006119,CALLING JUNE,Woman,Clothing,Dresses,India,원가 없음 또는 0원
31126415,MC2 Saint Barth,Woman,Bags,Bags..,Cina,원가 없음 또는 0원
31126415,MC2 Saint Barth,Woman,Bags,Bags..,Cina,원가 없음 또는 0원
31126415,MC2 Saint Barth,Woman,Bags,Bags..,Cina,원가 없음 또는 0원
31126415,MC2 Saint Barth,Woman,Bags,Bags..,Cina,원가 없음 또는 0원
31126415,MC2 Saint Barth,Woman,Bags,Bags..,Cina,원가 없음 또는 0원
31126415,MC2 Saint Barth,Woman,Bags,Bags..,Cina,원가 없음 또는 0원
29006461,CALLING JUNE,Woman,Clothing,Dresses,India,원가 없음 또는 0원
29006461,CALLING JUNE,Woman,Clothing,Dresses,India,원가 없음 또는 0원
29006461,CALLING JUNE,Woman,Clothing,Dresses,India,원가 없음 또는 0원
29006461,CALLING JUNE,Woman,Clothing,Dresses,India,원가 없음 또는 0원
29006461,CALLING JUNE,Woman,Clothing,Dresses,India,원가 없음 또는 0원
29006461,CALLING JUNE,Woman,Clothing,Dresses,India,원가 없음 또는 0원
29504183,MC2 Saint Barth,Woman,Bags,Bags..,Cina,원가 없음 또는 0원
29504183,MC2 Saint Barth,Woman,Bags,Bags..,Cina,원가 없음 또는 0원
29504183,MC2 Saint Barth,Woman,Bags,Bags..,Cina,원가 없음 또는 0원
29504183,MC2 Saint Barth,Woman,Bags,Bags..,Cina,원가 없음 또는 0원
29504183,MC2 Saint Barth,Woman,Bags,Bags..,Cina,원가 없음 또는 0원
29504183,MC2 Saint Barth,Woman,Bags,Bags..,Cina,원가 없음 또는 0원
29006476,Her Shirt,Woman,Clothing,Shirts,ITALIA,원가 없음 또는 0원
29006476,Her Shirt,Woman,Clothing,Shirts,ITALIA,원가 없음 또는 0원
29006476,Her Shirt,Woman,Clothing,Shirts,ITALIA,원가 없음 또는 0원
29006476,Her Shirt,Woman,Clothing,Shirts,ITALIA,원가 없음 또는 0원
29006476,Her Shirt,Woman,Clothing,Shirts,ITALIA,원가 없음 또는 0원
29006476,Her Shirt,Woman,Clothing,Shirts,ITALIA,원가 없음 또는 0원
29347004,Puma,Unisex,Shoes,Sneakers,Cambogia,원가 없음 또는 0원
29347004,Puma,Unisex,Shoes,Sneakers,Cambogia,원가 없음 또는 0원
29347004,Puma,Unisex,Shoes,Sneakers,Cambogia,원가 없음 또는 0원
29347004,Puma,Unisex,Shoes,Sneakers,Cambogia,원가 없음 또는 0원
29347004,Puma,Unisex,Shoes,Sneakers,Cambogia,원가 없음 또는 0원
29347004,Puma,Unisex,Shoes,Sneakers,Cambogia,원가 없음 또는 0원
29006321,Her Shirt,Woman,Clothing,Shirts,ITALIA,원가 없음 또는 0원
29006321,Her Shirt,Woman,Clothing,Shirts,ITALIA,원가 없음 또는 0원
29006321,Her Shirt,Woman,Clothing,Shirts,ITALIA,원가 없음 또는 0원
29006321,Her Shirt,Woman,Clothing,Shirts,ITALIA,원가 없음 또는 0원
29006321,Her Shirt,Woman,Clothing,Shirts,ITALIA,원가 없음 또는 0원
29006321,Her Shirt,Woman,Clothing,Shirts,ITALIA,원가 없음 또는 0원
29924806,SORBET ISLAND,Woman,Clothing,Sea clothing,Europa,원가 없음 또는 0원
29924806,SORBET ISLAND,Woman,Clothing,Sea clothing,Europa,원가 없음 또는 0원
29924806,SORBET ISLAND,Woman,Clothing,Sea clothing,Europa,원가 없음 또는 0원
29924806,SORBET ISLAND,Woman,Clothing,Sea clothing,Europa,원가 없음 또는 0원
29924806,SORBET ISLAND,Woman,Clothing,Sea clothing,Europa,원가 없음 또는 0원
29924806,SORBET ISLAND,Woman,Clothing,Sea clothing,Europa,원가 없음 또는 0원
29925024,SORBET ISLAND,Woman,Clothing,Sea clothing,Grecia,원가 없음 또는 0원
29925024,SORBET ISLAND,Woman,Clothing,Sea clothing,Grecia,원가 없음 또는 0원
29925024,SORBET ISLAND,Woman,Clothing,Sea clothing,Grecia,원가 없음 또는 0원
29925024,SORBET ISLAND,Woman,Clothing,Sea clothing,Grecia,원가 없음 또는 0원
29925024,SORBET ISLAND,Woman,Clothing,Sea clothing,Grecia,원가 없음 또는 0원
29925024,SORBET ISLAND,Woman,Clothing,Sea clothing,Grecia,원가 없음 또는 0원
29347046,Pero,Woman,Clothing,Top,India,원가 없음 또는 0원
29347046,Pero,Woman,Clothing,Top,India,원가 없음 또는 0원
29347046,Pero,Woman,Clothing,Top,India,원가 없음 또는 0원
29347046,Pero,Woman,Clothing,Top,India,원가 없음 또는 0원
29347046,Pero,Woman,Clothing,Top,India,원가 없음 또는 0원
29347046,Pero,Woman,Clothing,Top,India,원가 없음 또는 0원
29924734,SORBET ISLAND,Woman,Clothing,Sea clothing,Grecia,원가 없음 또는 0원
29924734,SORBET ISLAND,Woman,Clothing,Sea clothing,Grecia,원가 없음 또는 0원
29924734,SORBET ISLAND,Woman,Clothing,Sea clothing,Grecia,원가 없음 또는 0원
29924734,SORBET ISLAND,Woman,Clothing,Sea clothing,Grecia,원가 없음 또는 0원
29924734,SORBET ISLAND,Woman,Clothing,Sea clothing,Grecia,원가 없음 또는 0원
29924734,SORBET ISLAND,Woman,Clothing,Sea clothing,Grecia,원가 없음 또는 0원
30030411,VANESSA BARONI,Woman,Accessories,Bijoux,ITALIA,원가 없음 또는 0원
30030411,VANESSA BARONI,Woman,Accessories,Bijoux,ITALIA,원가 없음 또는 0원
30030411,VANESSA BARONI,Woman,Accessories,Bijoux,ITALIA,원가 없음 또는 0원
30030411,VANESSA BARONI,Woman,Accessories,Bijoux,ITALIA,원가 없음 또는 0원
30030411,VANESSA BARONI,Woman,Accessories,Bijoux,ITALIA,원가 없음 또는 0원
30030411,VANESSA BARONI,Woman,Accessories,Bijoux,ITALIA,원가 없음 또는 0원
29504147,MC2 Saint Barth,Woman,Bags,Bags..,Cina,원가 없음 또는 0원
29504147,MC2 Saint Barth,Woman,Bags,Bags..,Cina,원가 없음 또는 0원
29504147,MC2 Saint Barth,Woman,Bags,Bags..,Cina,원가 없음 또는 0원
29504147,MC2 Saint Barth,Woman,Bags,Bags..,Cina,원가 없음 또는 0원
29504147,MC2 Saint Barth,Woman,Bags,Bags..,Cina,원가 없음 또는 0원
29504147,MC2 Saint Barth,Woman,Bags,Bags..,Cina,원가 없음 또는 0원
29347248,Pero,Woman,Clothing,Top,India,원가 없음 또는 0원
29347248,Pero,Woman,Clothing,Top,India,원가 없음 또는 0원
29347248,Pero,Woman,Clothing,Top,India,원가 없음 또는 0원
29347248,Pero,Woman,Clothing,Top,India,원가 없음 또는 0원
29347248,Pero,Woman,Clothing,Top,India,원가 없음 또는 0원
29347248,Pero,Woman,Clothing,Top,India,원가 없음 또는 0원
29925041,SORBET ISLAND,Woman,Clothing,Sea clothing,Europa,원가 없음 또는 0원
29925041,SORBET ISLAND,Woman,Clothing,Sea clothing,Europa,원가 없음 또는 0원
29925041,SORBET ISLAND,Woman,Clothing,Sea clothing,Europa,원가 없음 또는 0원
29925041,SORBET ISLAND,Woman,Clothing,Sea clothing,Europa,원가 없음 또는 0원
29925041,SORBET ISLAND,Woman,Clothing,Sea clothing,Europa,원가 없음 또는 0원
29925041,SORBET ISLAND,Woman,Clothing,Sea clothing,Europa,원가 없음 또는 0원
29925043,SORBET ISLAND,Woman,Clothing,Sea clothing,Europa,원가 없음 또는 0원
29925043,SORBET ISLAND,Woman,Clothing,Sea clothing,Europa,원가 없음 또는 0원
29925043,SORBET ISLAND,Woman,Clothing,Sea clothing,Europa,원가 없음 또는 0원
29925043,SORBET ISLAND,Woman,Clothing,Sea clothing,Europa,원가 없음 또는 0원
29925043,SORBET ISLAND,Woman,Clothing,Sea clothing,Europa,원가 없음 또는 0원
29925043,SORBET ISLAND,Woman,Clothing,Sea clothing,Europa,원가 없음 또는 0원
29925057,SORBET ISLAND,Woman,Clothing,Sea clothing,Grecia,원가 없음 또는 0원
29925057,SORBET ISLAND,Woman,Clothing,Sea clothing,Grecia,원가 없음 또는 0원
29925057,SORBET ISLAND,Woman,Clothing,Sea clothing,Grecia,원가 없음 또는 0원
29925057,SORBET ISLAND,Woman,Clothing,Sea clothing,Grecia,원가 없음 또는 0원
29925057,SORBET ISLAND,Woman,Clothing,Sea clothing,Grecia,원가 없음 또는 0원
29925057,SORBET ISLAND,Woman,Clothing,Sea clothing,Grecia,원가 없음 또는 0원
30030372,SELF PORTRAIT,Woman,Clothing,Sweaters,China,원가 없음 또는 0원
30030372,SELF PORTRAIT,Woman,Clothing,Sweaters,China,원가 없음 또는 0원
30030372,SELF PORTRAIT,Woman,Clothing,Sweaters,China,원가 없음 또는 0원
30030372,SELF PORTRAIT,Woman,Clothing,Sweaters,China,원가 없음 또는 0원
30030372,SELF PORTRAIT,Woman,Clothing,Sweaters,China,원가 없음 또는 0원
30030372,SELF PORTRAIT,Woman,Clothing,Sweaters,China,원가 없음 또는 0원
29347199,Pero,Woman,Clothing,Top,India,원가 없음 또는 0원
29347199,Pero,Woman,Clothing,Top,India,원가 없음 또는 0원
29347199,Pero,Woman,Clothing,Top,India,원가 없음 또는 0원
29347199,Pero,Woman,Clothing,Top,India,원가 없음 또는 0원
29347199,Pero,Woman,Clothing,Top,India,원가 없음 또는 0원
29347199,Pero,Woman,Clothing,Top,India,원가 없음 또는 0원
29504171,MC2 Saint Barth,Woman,Bags,Bags..,Cina,원가 없음 또는 0원
29504171,MC2 Saint Barth,Woman,Bags,Bags..,Cina,원가 없음 또는 0원
29504171,MC2 Saint Barth,Woman,Bags,Bags..,Cina,원가 없음 또는 0원
29504171,MC2 Saint Barth,Woman,Bags,Bags..,Cina,원가 없음 또는 0원
29504171,MC2 Saint Barth,Woman,Bags,Bags..,Cina,원가 없음 또는 0원
29504171,MC2 Saint Barth,Woman,Bags,Bags..,Cina,원가 없음 또는 0원
29924968,SORBET ISLAND,Woman,Clothing,Sea clothing,Europa,원가 없음 또는 0원
29924968,SORBET ISLAND,Woman,Clothing,Sea clothing,Europa,원가 없음 또는 0원
29924968,SORBET ISLAND,Woman,Clothing,Sea clothing,Europa,원가 없음 또는 0원
29924968,SORBET ISLAND,Woman,Clothing,Sea clothing,Europa,원가 없음 또는 0원
29924968,SORBET ISLAND,Woman,Clothing,Sea clothing,Europa,원가 없음 또는 0원
29924968,SORBET ISLAND,Woman,Clothing,Sea clothing,Europa,원가 없음 또는 0원
AB04X9947TS2001,ZIMMERMANN,D,AB,SHIRT,MADE IN CHINA,재고 없음
AB04X9947TS2001,ZIMMERMANN,D,AB,SHIRT,MADE IN CHINA,재고 없음
AB02XLIGHTIN090,SAINT BARTH,U,AB,BEACHWEAR,MADE IN CHINA,재고 없음
AB02XLIGHTIN090,SAINT BARTH,U,AB,BEACHWEAR,MADE IN CHINA,재고 없음
CA03XCS2328X002,DOLCE&GABBANA,U,CA,SNEAKERS,MADE IN ITALY,재고 없음
CA03XCS2328X002,DOLCE&GABBANA,U,CA,SNEAKERS,MADE IN ITALY,재고 없음
AB03XNF0A8BH001,THE NORTH FACE,U,AB,SHORT,MADE IN GIORDANIA,재고 없음
AB03XNF0A8BH001,THE NORTH FACE,U,AB,SHORT,MADE IN GIORDANIA,재고 없음
AB04XNF0A8BK001,THE NORTH FACE,U,AB,SHIRT,MADE IN CAMBOGIA,재고 없음
AB04XNF0A8BK001,THE NORTH FACE,U,AB,SHIRT,MADE IN CAMBOGIA,재고 없음
AB04XLELIAXX002,SPORTMAX,D,AB,SHIRT,MADE IN CHINA,재고 없음
AB04XLELIAXX002,SPORTMAX,D,AB,SHIRT,MADE IN CHINA,재고 없음
1\4\3\7399\563259\0,ZENOLOGY,UNISEX,OBJECTS,PERFUMES,netherlands,브랜드 실패(사유: ZENOLOGY) / 카테고리 성공 / 원산지 성공
1\4\3\7399\563259\0,ZENOLOGY,UNISEX,OBJECTS,PERFUMES,netherlands,브랜드 실패(사유: ZENOLOGY) / 카테고리 성공 / 원산지 성공
1\4\3\7399\563259\0,ZENOLOGY,UNISEX,OBJECTS,PERFUMES,netherlands,브랜드 실패(사유: ZENOLOGY) / 카테고리 성공 / 원산지 성공
1\4\3\7399\563259\0,ZENOLOGY,UNISEX,OBJECTS,PERFUMES,netherlands,브랜드 실패(사유: ZENOLOGY) / 카테고리 성공 / 원산지 성공
AB18XJ02NC01001,JIL SANDER,D,AB,TOP,MADE IN ITALY,재고 없음
AB18XJ02NC01001,JIL SANDER,D,AB,TOP,MADE IN ITALY,재고 없음
AB22XK1S1521008,STONE ISLAND,U,AB,T-SHIRT,MADE IN TURKEY,재고 없음
AB22XK1S1521008,STONE ISLAND,U,AB,T-SHIRT,MADE IN TURKEY,재고 없음
AB22XNF0A8C2002,THE NORTH FACE,U,AB,T-SHIRT,MADE IN TURKEY,재고 없음
AB22XNF0A8C2002,THE NORTH FACE,U,AB,T-SHIRT,MADE IN TURKEY,재고 없음
AB31XSS25-14001,ARTE,U,AB,DOWNJACKET,MADE IN CHINA,재고 없음
AB31XSS25-14001,ARTE,U,AB,DOWNJACKET,MADE IN CHINA,재고 없음
CA05X9296XXX003,TORY BURCH,D,CA,SANDALS,MADE IN CHINA,재고 없음
CA05X9296XXX003,TORY BURCH,D,CA,SANDALS,MADE IN CHINA,재고 없음
AB07X154118X001,TORY BURCH,D,AB,JACKET,MADE IN CHINA,재고 없음
AB07X154118X001,TORY BURCH,D,AB,JACKET,MADE IN CHINA,재고 없음
AB09X241WCS1003,THE ATTICO,D,AB,SKIRT,MADE IN ITALY,재고 없음
AB09X241WCS1003,THE ATTICO,D,AB,SKIRT,MADE IN ITALY,재고 없음
AB09X4116709001,KHAITE,D,AB,SKIRT,,재고 없음
AB09X4116709001,KHAITE,D,AB,SKIRT,,재고 없음
AB11XLTAT24A005,TATRAS,D,AB,KNITWEAR,MADE IN CHINA,재고 없음
AB11XLTAT24A005,TATRAS,D,AB,KNITWEAR,MADE IN CHINA,재고 없음
AB22X5V3MG10001,VALENTINO,U,AB,T-SHIRT,MADE IN ITALY,재고 없음
AB22X5V3MG10001,VALENTINO,U,AB,T-SHIRT,MADE IN ITALY,재고 없음
31314090,SOFT GOAT,Woman,Clothing,Sweaters,China,브랜드 실패(사유: SOFT GOAT) / 카테고리 성공 / 원산지 성공
31314090,SOFT GOAT,Woman,Clothing,Sweaters,China,브랜드 실패(사유: SOFT GOAT) / 카테고리 성공 / 원산지 성공
31314090,SOFT GOAT,Woman,Clothing,Sweaters,China,브랜드 실패(사유: SOFT GOAT) / 카테고리 성공 / 원산지 성공
31314090,SOFT GOAT,Woman,Clothing,Sweaters,China,브랜드 실패(사유: SOFT GOAT) / 카테고리 성공 / 원산지 성공
CA03X3240423001,CHRISTIAN LOUBOUTIN,U,CA,SNEAKERS,MADE IN ITALY,재고 없음
CA03X3240423001,CHRISTIAN LOUBOUTIN,U,CA,SNEAKERS,MADE IN ITALY,재고 없음
CA03X798785X002,GUCCI,U,CA,SNEAKERS,MADE IN ITALY,재고 없음
CA03X798785X002,GUCCI,U,CA,SNEAKERS,MADE IN ITALY,재고 없음
1\4\4\6864\738405\0,VALENTINO GARAVANI,WOMAN,BAGS,HANDBAGS,09/10/2023,브랜드 성공 / 카테고리 성공 / 원산지 실패(사유: 09/10/2023)
1\4\4\6864\738405\0,VALENTINO GARAVANI,WOMAN,BAGS,HANDBAGS,09/10/2023,브랜드 성공 / 카테고리 성공 / 원산지 실패(사유: 09/10/2023)
1\4\4\6864\738405\0,VALENTINO GARAVANI,WOMAN,BAGS,HANDBAGS,09/10/2023,브랜드 성공 / 카테고리 성공 / 원산지 실패(사유: 09/10/2023)
1\4\4\6864\738405\0,VALENTINO GARAVANI,WOMAN,BAGS,HANDBAGS,09/10/2023,브랜드 성공 / 카테고리 성공 / 원산지 실패(사유: 09/10/2023)
29925087,Hugo Boss,Man,Clothing,Trousers,Turchia,원가 없음 또는 0원
29925087,Hugo Boss,Man,Clothing,Trousers,Turchia,원가 없음 또는 0원
29925087,Hugo Boss,Man,Clothing,Trousers,Turchia,원가 없음 또는 0원
29925087,Hugo Boss,Man,Clothing,Trousers,Turchia,원가 없음 또는 0원
29925087,Hugo Boss,Man,Clothing,Trousers,Turchia,원가 없음 또는 0원
29925087,Hugo Boss,Man,Clothing,Trousers,Turchia,원가 없음 또는 0원
31126342,Amiri,Boy,Clothing,Sweaters,ITALIA,브랜드 실패(사유: None) / 카테고리 성공 / 원산지 성공
31126342,Amiri,Boy,Clothing,Sweaters,ITALIA,브랜드 실패(사유: None) / 카테고리 성공 / 원산지 성공
31126342,Amiri,Boy,Clothing,Sweaters,ITALIA,브랜드 실패(사유: None) / 카테고리 성공 / 원산지 성공
31126342,Amiri,Boy,Clothing,Sweaters,ITALIA,브랜드 실패(사유: None) / 카테고리 성공 / 원산지 성공
31126342,Amiri,Boy,Clothing,Sweaters,ITALIA,브랜드 실패(사유: None) / 카테고리 성공 / 원산지 성공
31126375,Amiri,Boy,Clothing,Sweaters,IT,브랜드 실패(사유: None) / 카테고리 성공 / 원산지 성공
31126375,Amiri,Boy,Clothing,Sweaters,IT,브랜드 실패(사유: None) / 카테고리 성공 / 원산지 성공
31126375,Amiri,Boy,Clothing,Sweaters,IT,브랜드 실패(사유: None) / 카테고리 성공 / 원산지 성공
31126375,Amiri,Boy,Clothing,Sweaters,IT,브랜드 실패(사유: None) / 카테고리 성공 / 원산지 성공
31126375,Amiri,Boy,Clothing,Sweaters,IT,브랜드 실패(사유: None) / 카테고리 성공 / 원산지 성공
31126398,Amiri,Boy,Clothing,T-shirts and Polos,IT,브랜드 실패(사유: None) / 카테고리 성공 / 원산지 성공
31126398,Amiri,Boy,Clothing,T-shirts and Polos,IT,브랜드 실패(사유: None) / 카테고리 성공 / 원산지 성공
31126398,Amiri,Boy,Clothing,T-shirts and Polos,IT,브랜드 실패(사유: None) / 카테고리 성공 / 원산지 성공
31126398,Amiri,Boy,Clothing,T-shirts and Polos,IT,브랜드 실패(사유: None) / 카테고리 성공 / 원산지 성공
31126398,Amiri,Boy,Clothing,T-shirts and Polos,IT,브랜드 실패(사유: None) / 카테고리 성공 / 원산지 성공
31126407,Amiri,Boy,Clothing,Sweaters,IT,브랜드 실패(사유: None) / 카테고리 성공 / 원산지 성공
31126407,Amiri,Boy,Clothing,Sweaters,IT,브랜드 실패(사유: None) / 카테고리 성공 / 원산지 성공
31126407,Amiri,Boy,Clothing,Sweaters,IT,브랜드 실패(사유: None) / 카테고리 성공 / 원산지 성공
31126407,Amiri,Boy,Clothing,Sweaters,IT,브랜드 실패(사유: None) / 카테고리 성공 / 원산지 성공
31126407,Amiri,Boy,Clothing,Sweaters,IT,브랜드 실패(사유: None) / 카테고리 성공 / 원산지 성공
93867,ACNE STUDIOS,home,Home Accessories,Books,,재고 없음
107350,GHERARDI,Men,Clothing,Shirts and blouses,Italy,재고 없음
AB29XBFUPL00011,AMI,U,AB,POLO,MADE IN PORTUGAL,재고 없음
AB29XBFUPL00011,AMI,U,AB,POLO,MADE IN PORTUGAL,재고 없음
107357,GHERARDI,Men,Clothing,Shirts and blouses,Italy,재고 없음
AB31X8096381001,BURBERRY,U,AB,DOWNJACKET,MADE IN THAILANDIA,재고 없음
AB31X8096381001,BURBERRY,U,AB,DOWNJACKET,MADE IN THAILANDIA,재고 없음
121080,VALENTINO,Men,Clothing,Jersey,Italy,재고 없음
AB24CJFG199X001,FENDI,K,AB,CARDIGAN Colore unico,MADE IN ITALY,재고 없음
AB24CJFG199X001,FENDI,K,AB,CARDIGAN Colore unico,MADE IN ITALY,재고 없음
AB31CK19541A038,MONCLER,K,AB,DOWNJACKET Colore unico,MADE IN ARMENIA,재고 없음
AB31CK19541A038,MONCLER,K,AB,DOWNJACKET Colore unico,MADE IN ARMENIA,재고 없음
131078,MARC JACOBS,Women,Bags,Crossbody Bags,Philippines,재고 없음
132002,AGOLDE,Women,Clothing,Tshirts and polo shirts,United states,재고 없음
AB24XGBS07ES001,BLAZE,D,AB,CARDIGAN,MADE IN ITALY,재고 없음
AB24XGBS07ES001,BLAZE,D,AB,CARDIGAN,MADE IN ITALY,재고 없음
AB22XNF0A8C1002,THE NORTH FACE,U,AB,T-SHIRT,MADE IN TURKEY,재고 없음
AB22XNF0A8C1002,THE NORTH FACE,U,AB,T-SHIRT,MADE IN TURKEY,재고 없음
133378,ROTATE,Women,Clothing,Skirts,China,재고 없음
137180,MICHAEL MICHAEL KORS,Women,Clothing,Trousers,China,재고 없음
AB29CEM00057003,EMPORIO ARMANI,U,AB,POLO Colore unico,MADE IN TURKEY,재고 없음
AB29CEM00057003,EMPORIO ARMANI,U,AB,POLO Colore unico,MADE IN TURKEY,재고 없음
140088,VALENTINO,Men,Clothing,Tshirts and polo shirts,Italy,재고 없음
AL04XUHA241X002,AMI,D,AL,HAT,MADE IN BULGARIA,재고 없음
AL04XUHA241X002,AMI,D,AL,HAT,MADE IN BULGARIA,재고 없음
140726,JACOB COHEN,Men,Clothing,Jersey,Italy,재고 없음
AB22XNF0A8C3005,THE NORTH FACE,U,AB,T-SHIRT,MADE IN TURKEY,재고 없음
AB22XNF0A8C3005,THE NORTH FACE,U,AB,T-SHIRT,MADE IN TURKEY,재고 없음
141642,AUTRY,Women,Shoes,Sneakers,Indonesia ,재고 없음
141777,COPERNI,Women,Bags,Shoulder bags,,재고 없음
AB22XTS0207F001,ISABEL MARANT,D,AB,T-SHIRT,MADE IN PORTUGAL,재고 없음
AB22XTS0207F001,ISABEL MARANT,D,AB,T-SHIRT,MADE IN PORTUGAL,재고 없음
142210,DRIES VAN NOTEN,Women,Clothing,Outerwear,Romania,재고 없음
AB28CS05GDRW002,BONPOINT,K,AB,BABY DRESS Colore unico,,재고 없음
AB28CS05GDRW002,BONPOINT,K,AB,BABY DRESS Colore unico,,재고 없음
AB28CS05GDRW010,BONPOINT,K,AB,BABY DRESS Colore unico,MADE IN PORTUGAL,재고 없음
AB28CS05GDRW010,BONPOINT,K,AB,BABY DRESS Colore unico,MADE IN PORTUGAL,재고 없음
AB23XPMBB155001,PALM ANGELS,U,AB,SWEATSHIRT,MADE IN TURKEY,재고 없음
AB23XPMBB155001,PALM ANGELS,U,AB,SWEATSHIRT,MADE IN TURKEY,재고 없음
144318,SAINT LAURENT,Men,Clothing,Shirts and blouses,Japan,재고 없음
129854,BOTTEGA VENETA,Men,Clothing,Jersey,Italy,재고 없음
145037,MAISON MARGIELA,Women,Clothing,Tshirts and polo shirts,Italy,재고 없음
31717547,,Kids,Accessories,Accessories,China,브랜드 실패(사유: None) / 카테고리 성공 / 원산지 성공
31717547,,Kids,Accessories,Accessories,China,브랜드 실패(사유: None) / 카테고리 성공 / 원산지 성공
31717547,,Kids,Accessories,Accessories,China,브랜드 실패(사유: None) / 카테고리 성공 / 원산지 성공
31717547,,Kids,Accessories,Accessories,China,브랜드 실패(사유: None) / 카테고리 성공 / 원산지 성공
31717547,,Kids,Accessories,Accessories,China,브랜드 실패(사유: None) / 카테고리 성공 / 원산지 성공
31717547,,Kids,Accessories,Accessories,China,브랜드 실패(사유: None) / 카테고리 성공 / 원산지 성공
BO01X1205054012,CHRISTIAN LOUBOUTIN,D,BO,LEATHER BAG,,재고 없음
BO01X1205054012,CHRISTIAN LOUBOUTIN,D,BO,LEATHER BAG,,재고 없음
AB31X8813WXX002,CANADA GOOSE,D,AB,DOWNJACKET,,재고 없음
AB31X8813WXX002,CANADA GOOSE,D,AB,DOWNJACKET,,재고 없음
30711970,Diesel,Woman,Clothing,Top,Cina,원가 없음 또는 0원
30711970,Diesel,Woman,Clothing,Top,Cina,원가 없음 또는 0원
30711970,Diesel,Woman,Clothing,Top,Cina,원가 없음 또는 0원
30711970,Diesel,Woman,Clothing,Top,Cina,원가 없음 또는 0원
30711970,Diesel,Woman,Clothing,Top,Cina,원가 없음 또는 0원
30711970,Diesel,Woman,Clothing,Top,Cina,원가 없음 또는 0원
29006255,,Unisex,Accessories,Accessories,,원가 없음 또는 0원
29006255,,Unisex,Accessories,Accessories,,원가 없음 또는 0원
29006255,,Unisex,Accessories,Accessories,,원가 없음 또는 0원
29006255,,Unisex,Accessories,Accessories,,원가 없음 또는 0원
29006255,,Unisex,Accessories,Accessories,,원가 없음 또는 0원
29006255,,Unisex,Accessories,Accessories,,원가 없음 또는 0원
145640,LONGCHAMP,Women,Bags,Hand bags,France,재고 없음
AB23XBFUSW03002,AMI,U,AB,SWEATSHIRT,MADE IN PORTUGAL,재고 없음
AB23XBFUSW03002,AMI,U,AB,SWEATSHIRT,MADE IN PORTUGAL,재고 없음
145756,MONCLER GRENOBLE,Men,Accessories,Hats and Gloves,Bulgaria,재고 없음
AB29XHPL060X002,AMI,U,AB,POLO,MADE IN PORTUGAL,재고 없음
AB29XHPL060X002,AMI,U,AB,POLO,MADE IN PORTUGAL,재고 없음
AL02X696576X005,FERRAGAMO,D,AL,JEWELLERY,MADE IN ITALY,재고 없음
AL02X696576X005,FERRAGAMO,D,AL,JEWELLERY,MADE IN ITALY,재고 없음
26877034,Casablanca,Woman,Clothing,Skirts,"CHINA, PEOPLE'S REPUBLIC OF","브랜드 성공 / 카테고리 성공 / 원산지 실패(사유: CHINA, PEOPLE'S REPUBLIC OF)"
26877034,Casablanca,Woman,Clothing,Skirts,"CHINA, PEOPLE'S REPUBLIC OF","브랜드 성공 / 카테고리 성공 / 원산지 실패(사유: CHINA, PEOPLE'S REPUBLIC OF)"
26877034,Casablanca,Woman,Clothing,Skirts,"CHINA, PEOPLE'S REPUBLIC OF","브랜드 성공 / 카테고리 성공 / 원산지 실패(사유: CHINA, PEOPLE'S REPUBLIC OF)"
26877034,Casablanca,Woman,Clothing,Skirts,"CHINA, PEOPLE'S REPUBLIC OF","브랜드 성공 / 카테고리 성공 / 원산지 실패(사유: CHINA, PEOPLE'S REPUBLIC OF)"
26877034,Casablanca,Woman,Clothing,Skirts,"CHINA, PEOPLE'S REPUBLIC OF","브랜드 성공 / 카테고리 성공 / 원산지 실패(사유: CHINA, PEOPLE'S REPUBLIC OF)"
26877034,Casablanca,Woman,Clothing,Skirts,"CHINA, PEOPLE'S REPUBLIC OF","브랜드 성공 / 카테고리 성공 / 원산지 실패(사유: CHINA, PEOPLE'S REPUBLIC OF)"
147652,AMIRI,Men,Shoes,Sneakers,Vietnam,재고 없음
AL02X784142X001,SAINT LAURENT,D,AL,JEWELLERY,MADE IN ITALY,재고 없음
AL02X784142X001,SAINT LAURENT,D,AL,JEWELLERY,MADE IN ITALY,재고 없음
AB28CS05XDRW002,BONPOINT,K,AB,BABY DRESS Colore unico,MADE IN INDIA,재고 없음
AB28CS05XDRW002,BONPOINT,K,AB,BABY DRESS Colore unico,MADE IN INDIA,재고 없음
AB28CPEMARUS004,BONPOINT,K,AB,BABY DRESS Colore unico,MADE IN MADAGASCAR,재고 없음
AB28CPEMARUS004,BONPOINT,K,AB,BABY DRESS Colore unico,MADE IN MADAGASCAR,재고 없음
26877418,Haikure,Woman,Clothing,Jeans,I,브랜드 성공 / 카테고리 성공 / 원산지 실패(사유: I)
26877418,Haikure,Woman,Clothing,Jeans,I,브랜드 성공 / 카테고리 성공 / 원산지 실패(사유: I)
26877418,Haikure,Woman,Clothing,Jeans,I,브랜드 성공 / 카테고리 성공 / 원산지 실패(사유: I)
26877418,Haikure,Woman,Clothing,Jeans,I,브랜드 성공 / 카테고리 성공 / 원산지 실패(사유: I)
26877418,Haikure,Woman,Clothing,Jeans,I,브랜드 성공 / 카테고리 성공 / 원산지 실패(사유: I)
26877418,Haikure,Woman,Clothing,Jeans,I,브랜드 성공 / 카테고리 성공 / 원산지 실패(사유: I)
AB24X300XXXX001,EXTREME CASHMERE,D,AB,CARDIGAN,MADE IN CHINA,재고 없음
AB24X300XXXX001,EXTREME CASHMERE,D,AB,CARDIGAN,MADE IN CHINA,재고 없음
26878685,,Woman,Clothing,Shirts,KR - South Korea,브랜드 실패(사유: None) / 카테고리 성공 / 원산지 실패(사유: KR - South Korea)
26878685,,Woman,Clothing,Shirts,KR - South Korea,브랜드 실패(사유: None) / 카테고리 성공 / 원산지 실패(사유: KR - South Korea)
26878685,,Woman,Clothing,Shirts,KR - South Korea,브랜드 실패(사유: None) / 카테고리 성공 / 원산지 성공
26878685,,Woman,Clothing,Shirts,KR - South Korea,브랜드 실패(사유: None) / 카테고리 성공 / 원산지 성공
26878685,,Woman,Clothing,Shirts,KR - South Korea,브랜드 실패(사유: None) / 카테고리 성공 / 원산지 실패(사유: KR - South Korea)
26878685,,Woman,Clothing,Shirts,KR - South Korea,브랜드 실패(사유: None) / 카테고리 성공 / 원산지 실패(사유: KR - South Korea)
BO01X8BS105X001,FENDI,D,BO,LEATHER BAG,MADE IN ITALY,재고 없음
BO01X8BS105X001,FENDI,D,BO,LEATHER BAG,MADE IN ITALY,재고 없음
148799,JACOB COHEN,Men,Clothing,Jeans,,재고 없음
AL04XUCP026X002,AMI,D,AL,HAT,MADE IN BULGARIA,재고 없음
AL04XUCP026X002,AMI,D,AL,HAT,MADE IN BULGARIA,재고 없음
149539,44 LABEL GROUP,Men,Clothing,Tshirts and polo shirts,Italy,재고 없음
149548,44 LABEL GROUP,Men,Clothing,Tshirts and polo shirts,,재고 없음
CA01XDU1003Y003,DOUCAL'S,U,CA,LEATHER SOLE,,재고 없음
CA01XDU1003Y003,DOUCAL'S,U,CA,LEATHER SOLE,,재고 없음
AB29X18CMKN0001,CP COMPANY,U,AB,POLO,MADE IN INDIA,재고 없음
AB29X18CMKN0001,CP COMPANY,U,AB,POLO,MADE IN INDIA,재고 없음
149690,MAISON MARGIELA,Women,Bags,Crossbody Bags,Italy,재고 없음
26881570,,Unisex,Homeware,Living,Italia,브랜드 실패(사유: None) / 카테고리 성공 / 원산지 성공
26881570,,Unisex,Homeware,Living,Italia,브랜드 실패(사유: None) / 카테고리 성공 / 원산지 성공
26881570,,Unisex,Homeware,Living,Italia,브랜드 실패(사유: None) / 카테고리 성공 / 원산지 성공
26881570,,Unisex,Homeware,Living,Italia,브랜드 실패(사유: None) / 카테고리 성공 / 원산지 성공
26881570,,Unisex,Homeware,Living,Italia,브랜드 실패(사유: None) / 카테고리 성공 / 원산지 성공
26881570,,Unisex,Homeware,Living,Italia,브랜드 실패(사유: None) / 카테고리 성공 / 원산지 성공
AL04X255AC72001,JACQUEMUS,U,AL,HAT,MADE IN BULGARIA,재고 없음
AL04X255AC72001,JACQUEMUS,U,AL,HAT,MADE IN BULGARIA,재고 없음
AB31X2052MXX005,CANADA GOOSE,U,AB,DOWNJACKET,MADE IN CANADA,재고 없음
AB31X2052MXX005,CANADA GOOSE,U,AB,DOWNJACKET,MADE IN CANADA,재고 없음
AB31CK19541A030,MONCLER,K,AB,DOWNJACKET Colore unico,MADE IN ARMENIA,재고 없음
AB31CK19541A030,MONCLER,K,AB,DOWNJACKET Colore unico,MADE IN ARMENIA,재고 없음
26881952,,Woman,Clothing,Dresses,KR - South Korea,브랜드 실패(사유: None) / 카테고리 성공 / 원산지 실패(사유: KR - South Korea)
26881952,,Woman,Clothing,Dresses,KR - South Korea,브랜드 실패(사유: None) / 카테고리 성공 / 원산지 실패(사유: KR - South Korea)
26881952,,Woman,Clothing,Dresses,KR - South Korea,브랜드 실패(사유: None) / 카테고리 성공 / 원산지 성공
26881952,,Woman,Clothing,Dresses,KR - South Korea,브랜드 실패(사유: None) / 카테고리 성공 / 원산지 성공
26881952,,Woman,Clothing,Dresses,KR - South Korea,브랜드 실패(사유: None) / 카테고리 성공 / 원산지 실패(사유: KR - South Korea)
26881952,,Woman,Clothing,Dresses,KR - South Korea,브랜드 실패(사유: None) / 카테고리 성공 / 원산지 실패(사유: KR - South Korea)
AB31XLTAT24A013,TATRAS,D,AB,DOWNJACKET,MADE IN POLAND,재고 없음
AB31XLTAT24A013,TATRAS,D,AB,DOWNJACKET,MADE IN POLAND,재고 없음
149884,GUCCI,Women,Shoes,Loafers,Italy,재고 없음
AB31XPI0660D004,HERNO,D,AB,DOWNJACKET,MADE IN ARMENIA,재고 없음
AB31XPI0660D004,HERNO,D,AB,DOWNJACKET,MADE IN ARMENIA,재고 없음
BO01XXBWAPAT023,TODS,D,BO,LEATHER BAG,MADE IN ITALY,재고 없음
BO01XXBWAPAT023,TODS,D,BO,LEATHER BAG,MADE IN ITALY,재고 없음
150069,POLO RALPH LAUREN,Men,Clothing,Shirts and blouses,Vietnam,재고 없음
BO01X154710X001,TORY BURCH,D,BO,LEATHER BAG,MADE IN VIETNAM,재고 없음
BO01X154710X001,TORY BURCH,D,BO,LEATHER BAG,MADE IN VIETNAM,재고 없음
AL02XC25SC09001,CHLOE',D,AL,JEWELLERY,MADE IN ITALY,재고 없음
AL02XC25SC09001,CHLOE',D,AL,JEWELLERY,MADE IN ITALY,재고 없음
AL02X554600X005,ALEXANDER MCQUEEN,U,AL,JEWELLERY,MADE IN ITALY,재고 없음
AL02X554600X005,ALEXANDER MCQUEEN,U,AL,JEWELLERY,MADE IN ITALY,재고 없음
150500,CELINE,Women,Accessories,Sunglasses,Italy,재고 없음
AB31XLTAT24A014,TATRAS,D,AB,DOWNJACKET,MADE IN CHINA,재고 없음
AB31XLTAT24A014,TATRAS,D,AB,DOWNJACKET,MADE IN CHINA,재고 없음
147591,DSQUARED2,Men,Clothing,Tshirts and polo shirts,Romania,재고 없음
AB31XJ209T1A001,MONCLER,D,AB,DOWNJACKET,MADE IN ROMANIA,재고 없음
AB31XJ209T1A001,MONCLER,D,AB,DOWNJACKET,MADE IN ROMANIA,재고 없음
AL20X690920X001,SAINT LAURENT,D,AL,SUNGLASSES,MADE IN ITALY,재고 없음
AL20X690920X001,SAINT LAURENT,D,AL,SUNGLASSES,MADE IN ITALY,재고 없음
BO01CEX00001001,EMPORIO ARMANI,D,BO,LEATHER BAG Colore unico,MADE IN CHINA,재고 없음
BO01CEX00001001,EMPORIO ARMANI,D,BO,LEATHER BAG Colore unico,MADE IN CHINA,재고 없음
AL02X487758X003,FERRAGAMO,D,AL,JEWELLERY,MADE IN ITALY,재고 없음
AL02X487758X003,FERRAGAMO,D,AL,JEWELLERY,MADE IN ITALY,재고 없음
BO01X068750X004,ZANELLATO,D,BO,LEATHER BAG,MADE IN ITALY,재고 없음
BO01X068750X004,ZANELLATO,D,BO,LEATHER BAG,MADE IN ITALY,재고 없음
150621,CELINE,Women,Clothing,Tops,Italy,재고 없음
150628,ROTATE,Women,Clothing,Long Dresses,China,재고 없음
150850,JACQUEMUS,Women,Bags,Tote bags,Marocco,재고 없음
AL02X524893X003,FERRAGAMO,D,AL,JEWELLERY,MADE IN ITALY,재고 없음
AL02X524893X003,FERRAGAMO,D,AL,JEWELLERY,MADE IN ITALY,재고 없음
151385,FRAME,Women,Clothing,Tops,Peru,재고 없음
AL02X554466X013,ALEXANDER MCQUEEN,U,AL,JEWELLERY,MADE IN ITALY,재고 없음
AL02X554466X013,ALEXANDER MCQUEEN,U,AL,JEWELLERY,MADE IN ITALY,재고 없음
AL11X133483X073,GUCCI,D,AL,SCARF,MADE IN ITALY,재고 없음
AL11X133483X073,GUCCI,D,AL,SCARF,MADE IN ITALY,재고 없음
BO01X20PSS01002,RABANNE,D,BO,LEATHER BAG,MADE IN MADAGASCAR,재고 없음
BO01X20PSS01002,RABANNE,D,BO,LEATHER BAG,MADE IN MADAGASCAR,재고 없음
AL03COBRA003001,OFF WHITE,K,AL,SOCKS Colore unico,MADE IN ITALY,재고 없음
AL03COBRA003001,OFF WHITE,K,AL,SOCKS Colore unico,MADE IN ITALY,재고 없음
BO01X165385X001,TORY BURCH,D,BO,LEATHER BAG,MADE IN CHINA,재고 없음
BO01X165385X001,TORY BURCH,D,BO,LEATHER BAG,MADE IN CHINA,재고 없음
AL12X699506X003,GUCCI,D,AL,WOMEN SILK,MADE IN ITALY,재고 없음
AL12X699506X003,GUCCI,D,AL,WOMEN SILK,MADE IN ITALY,재고 없음
151783,BURBERRY KIDS,Baby boy,Clothing,Tshirts and polo shirts,Vietnam,재고 없음
AB31XPI0660D005,HERNO,D,AB,DOWNJACKET,MADE IN ARMENIA,재고 없음
AB31XPI0660D005,HERNO,D,AB,DOWNJACKET,MADE IN ARMENIA,재고 없음
AL04XK1S1591003,STONE ISLAND,U,AL,HAT,MADE IN CHINA,재고 없음
AL04XK1S1591003,STONE ISLAND,U,AL,HAT,MADE IN CHINA,재고 없음
151956,MARC JACOBS,Women,Shoes,Flat Shoes,China,재고 없음
151955,MARC JACOBS,Women,Bags,Hand bags,Vietnam,재고 없음
29006519,,Unisex,Accessories,Accessories,,원가 없음 또는 0원
29006519,,Unisex,Accessories,Accessories,,원가 없음 또는 0원
29006519,,Unisex,Accessories,Accessories,,원가 없음 또는 0원
29006519,,Unisex,Accessories,Accessories,,원가 없음 또는 0원
29006519,,Unisex,Accessories,Accessories,,원가 없음 또는 0원
29006519,,Unisex,Accessories,Accessories,,원가 없음 또는 0원
BO01XSB1WB00004,MAISON MARGIELA,D,BO,LEATHER BAG,MADE IN ITALY,재고 없음
BO01XSB1WB00004,MAISON MARGIELA,D,BO,LEATHER BAG,MADE IN ITALY,재고 없음
CA03X1250001001,CHRISTIAN LOUBOUTIN,U,CA,SNEAKERS,MADE IN ITALY,재고 없음
CA03X1250001001,CHRISTIAN LOUBOUTIN,U,CA,SNEAKERS,MADE IN ITALY,재고 없음
AL11XALOEUWS011,PIERRE LOUIS MASCIA,D,AL,SCARF,MADE IN ITALY,재고 없음
AL11XALOEUWS011,PIERRE LOUIS MASCIA,D,AL,SCARF,MADE IN ITALY,재고 없음
BO01X100038X031,PINKO,D,BO,LEATHER BAG,MADE IN CHINA,재고 없음
BO01X100038X031,PINKO,D,BO,LEATHER BAG,MADE IN CHINA,재고 없음
BO01X100039X024,PINKO,D,BO,LEATHER BAG,MADE IN CHINA,재고 없음
BO01X100039X024,PINKO,D,BO,LEATHER BAG,MADE IN CHINA,재고 없음
BO01X760152X001,GUCCI,U,BO,TRAVEL BAG,MADE IN ITALY,재고 없음
BO01X760152X001,GUCCI,U,BO,TRAVEL BAG,MADE IN ITALY,재고 없음
PP07X8M0365X028,FENDI,D,PP,WALLET,,재고 없음
PP07X8M0365X028,FENDI,D,PP,WALLET,,재고 없음
AL04XBFUCP00004,AMI,D,AL,HAT,MADE IN PORTUGAL,재고 없음
AL04XBFUCP00004,AMI,D,AL,HAT,MADE IN PORTUGAL,재고 없음
152321,FENDI,Men,Shoes,Sneakers,Italy,재고 없음
BO01XSA1UI00002,MAISON MARGIELA,U,BO,LEATHER BAG,MADE IN ITALY,재고 없음
BO01XSA1UI00002,MAISON MARGIELA,U,BO,LEATHER BAG,MADE IN ITALY,재고 없음
BO01X8BR600X049,FENDI,D,BO,LEATHER BAG,MADE IN ITALY,재고 없음
BO01X8BR600X049,FENDI,D,BO,LEATHER BAG,MADE IN ITALY,재고 없음
BO01CM01475X001,MARNI,K,BO,LEATHER BAG Colore unico,MADE IN CHINA,재고 없음
BO01CM01475X001,MARNI,K,BO,LEATHER BAG Colore unico,MADE IN CHINA,재고 없음
153292,LOW BRAND,Men,Clothing,Shirts and blouses,Albania,재고 없음
153481,ANJUNA,Women,Clothing,Dresses,,재고 없음
153545,BRUNELLO CUCINELLI,Women,Clothing,Jersey,Italy,재고 없음
153697,MOON BOOT KIDS,Baby girl,Shoes,Boots,Albania,재고 없음
153761,MINI RODINI KIDS,Baby girl,Clothing,Dresses,India,재고 없음
154235,LONGCHAMP,Women,Bags,Shoulder bags,,재고 없음
BO01X34178XX001,LONGCHAMP,D,BO,LEATHER BAG,MADE IN CHINA,재고 없음
BO01X34178XX001,LONGCHAMP,D,BO,LEATHER BAG,MADE IN CHINA,재고 없음
CA03X619843001,ON,U,CA,SNEAKERS,MADE IN VIETNAM,재고 없음
CA03X619843001,ON,U,CA,SNEAKERS,MADE IN VIETNAM,재고 없음
154472,MONNALISA KIDS,Baby girl,Clothing,Trousers,Italy,원가 없음 또는 0원
154485,FENDI,Women,Bags,Mini Bags,Italy,재고 없음
154577,OFF-WHITE,Men,Clothing,Tshirts and polo shirts,,재고 없음
PP02X100120X005,PINKO,D,PP,BELT,MADE IN CHINA,재고 없음
PP02X100120X005,PINKO,D,PP,BELT,MADE IN CHINA,재고 없음
154692,STELLA MCCARTNEY,Women,Bags,Hand bags,Italy,재고 없음
29347003,Pero,Woman,Clothing,Dresses,India,원가 없음 또는 0원
29347003,Pero,Woman,Clothing,Dresses,India,원가 없음 또는 0원
29347003,Pero,Woman,Clothing,Dresses,India,원가 없음 또는 0원
29347003,Pero,Woman,Clothing,Dresses,India,원가 없음 또는 0원
29347003,Pero,Woman,Clothing,Dresses,India,원가 없음 또는 0원
29347003,Pero,Woman,Clothing,Dresses,India,원가 없음 또는 0원
155218,VALENTINO,Men,Clothing,Jersey,Italy,재고 없음
155481,FEDERICA BONIFACI,Women,Clothing,Long Dresses,Italy,재고 없음
155493,ALOHAS,Women,Shoes,Flat Shoes,Spain,재고 없음
138946,FENDI,Men,Jewelry,Rings,Italy,재고 없음
155750,SAINT LAURENT,Women,Accessories,Papillon and ties,Italy,재고 없음
PP12X8BS093X003,FENDI,D,PP,POUCH,MADE IN ITALY,재고 없음
PP12X8BS093X003,FENDI,D,PP,POUCH,MADE IN ITALY,재고 없음
155793,CELINE,Men,Accessories,Leather Products,Italy,재고 없음
PP02X6Y2T0Q9003,VALENTINO GARAVANI,U,PP,BELT,MADE IN ITALY,재고 없음
PP02X6Y2T0Q9003,VALENTINO GARAVANI,U,PP,BELT,MADE IN ITALY,재고 없음
155919,PLAIN,Women,Clothing,Long Dresses,Italy,재고 없음
CA08XG15120X002,GIANVITO ROSSI,D,CA,HEELED SHOES,MADE IN ITALY,재고 없음
CA08XG15120X002,GIANVITO ROSSI,D,CA,HEELED SHOES,MADE IN ITALY,재고 없음
155925,PLAIN,Women,Clothing,Long Dresses,Italy,재고 없음
CA08XC25U09X002,CHLOE',D,CA,HEELED SHOES,MADE IN ITALY,재고 없음
CA08XC25U09X002,CHLOE',D,CA,HEELED SHOES,MADE IN ITALY,재고 없음
159815,VIVIENNE WESTWOOD,Women,Accessories,Hair accessories,Italy,재고 없음
BO01X8BH425X007,FENDI,D,BO,LEATHER BAG,,재고 없음
BO01X8BH425X007,FENDI,D,BO,LEATHER BAG,,재고 없음
155992,BALENCIAGA,Women,Bags,Hand bags,Italy,재고 없음
AB31X84675XX002,PATAGONIA,U,AB,DOWNJACKET,MADE IN BANGLADESH,재고 없음
AB31X84675XX002,PATAGONIA,U,AB,DOWNJACKET,MADE IN BANGLADESH,재고 없음
PP02CY4S563X002,EMPORIO ARMANI,U,PP,BELT Colore unico,MADE IN ITALY,재고 없음
PP02CY4S563X002,EMPORIO ARMANI,U,PP,BELT Colore unico,MADE IN ITALY,재고 없음
BO01X8BR600X050,FENDI,D,BO,LEATHER BAG,,재고 없음
BO01X8BR600X050,FENDI,D,BO,LEATHER BAG,,재고 없음
AL02X158536X001,TORY BURCH,D,AL,JEWELLERY,MADE IN CHINA,재고 없음
AL02X158536X001,TORY BURCH,D,AL,JEWELLERY,MADE IN CHINA,재고 없음
AB22XFY0936X042,FENDI,U,AB,T-SHIRT,MADE IN ITALY,재고 없음
AB22XFY0936X042,FENDI,U,AB,T-SHIRT,MADE IN ITALY,재고 없음
AL02X696581X007,FERRAGAMO,D,AL,JEWELLERY,MADE IN ITALY,재고 없음
AL02X696581X007,FERRAGAMO,D,AL,JEWELLERY,MADE IN ITALY,재고 없음
AL02X6W2J0X5001,VALENTINO GARAVANI,D,AL,JEWELLERY,MADE IN ITALY,재고 없음
AL02X6W2J0X5001,VALENTINO GARAVANI,D,AL,JEWELLERY,MADE IN ITALY,재고 없음
156424,MOSCHINO KIDS,Unisex bab,Clothing,Dresses,China,재고 없음
156438,MOSCHINO KIDS,Baby boy,Clothing,Jersey,Cambodia,재고 없음
BO01X068010X001,ZANELLATO,D,BO,LEATHER BAG,MADE IN ITALY,재고 없음
BO01X068010X001,ZANELLATO,D,BO,LEATHER BAG,MADE IN ITALY,재고 없음
AL04X18CMAC1001,CP COMPANY,U,AL,HAT,MADE IN CHINA,재고 없음
AL04X18CMAC1001,CP COMPANY,U,AL,HAT,MADE IN CHINA,재고 없음
156570,ETRO,Women,Clothing,Outerwear,Italy,재고 없음
AB04X818373X001,ALEXANDER MCQUEEN,D,AB,SHIRT,,재고 없음
AB04X818373X001,ALEXANDER MCQUEEN,D,AB,SHIRT,,재고 없음
AL04XAWKSP25004,AWAKE NY,U,AL,HAT,MADE IN CHINA,재고 없음
AL04XAWKSP25004,AWAKE NY,U,AL,HAT,MADE IN CHINA,재고 없음
AL04XAWKSP25008,AWAKE NY,U,AL,HAT,MADE IN VIETNAM,재고 없음
AL04XAWKSP25008,AWAKE NY,U,AL,HAT,MADE IN VIETNAM,재고 없음
156715,MONCLER,Women,Clothing,Down jackets,Armenia,재고 없음
BO01XNM05171003,MAISON KITSUNE,U,BO,LEATHER BAG,MADE IN CHINA,재고 없음
BO01XNM05171003,MAISON KITSUNE,U,BO,LEATHER BAG,MADE IN CHINA,재고 없음
BO01X104340X003,PINKO,D,BO,LEATHER BAG,MADE IN CHINA,재고 없음
BO01X104340X003,PINKO,D,BO,LEATHER BAG,MADE IN CHINA,재고 없음
157602,SILVIA GNECCHI,Women,Jewelry,Necklaces,Italy,재고 없음
156924,ERES,Women,Clothing,Underwear,Italy,재고 없음
156984,MABE,Women,Clothing,Shirts and blouses,,재고 없음
AL17X741950X001,GUCCI,D,AL,OTHER ACCESSORIES,MADE IN ITALY,재고 없음
AL17X741950X001,GUCCI,D,AL,OTHER ACCESSORIES,MADE IN ITALY,재고 없음
AL12X602585X004,GUCCI,D,AL,WOMEN SILK,MADE IN ITALY,재고 없음
AL12X602585X004,GUCCI,D,AL,WOMEN SILK,MADE IN ITALY,재고 없음
AL19CEM00134010,EMPORIO ARMANI,U,AL,TIE Colore unico,,재고 없음
AL19CEM00134010,EMPORIO ARMANI,U,AL,TIE Colore unico,,재고 없음
BO01X8BR833X001,FENDI,D,BO,LEATHER BAG,MADE IN ITALY,재고 없음
BO01X8BR833X001,FENDI,D,BO,LEATHER BAG,MADE IN ITALY,재고 없음
BO01X8BR833X004,FENDI,D,BO,LEATHER BAG,,재고 없음
BO01X8BR833X004,FENDI,D,BO,LEATHER BAG,,재고 없음
PP07X100455X003,PINKO,D,PP,WALLET,MADE IN CHINA,재고 없음
PP07X100455X003,PINKO,D,PP,WALLET,MADE IN CHINA,재고 없음
CA03XGWF0011057,GOLDEN GOOSE,D,CA,SNEAKERS,MADE IN ITALY,재고 없음
CA03XGWF0011057,GOLDEN GOOSE,D,CA,SNEAKERS,MADE IN ITALY,재고 없음
157339,ACNE STUDIOS,Men,Accessories,Leather Products,Italy,재고 없음
157604,SILVIA GNECCHI,Women,Jewelry,Earrings,,재고 없음
157606,SILVIA GNECCHI,Women,Bags,Hand bags,Italy,재고 없음
157858,JACOB COHEN,Men,Clothing,Jeans,,재고 없음
CA08XPX1611X001,PARIS TEXAS,D,CA,HEELED SHOES,MADE IN ITALY,재고 없음
CA08XPX1611X001,PARIS TEXAS,D,CA,HEELED SHOES,MADE IN ITALY,재고 없음
AL12X812250X001,GUCCI,D,AL,WOMEN SILK,MADE IN ITALY,재고 없음
AL12X812250X001,GUCCI,D,AL,WOMEN SILK,MADE IN ITALY,재고 없음
157994,CELINE,Women,Clothing,Tops,Italy,재고 없음
158170,TWINSET,Women,Clothing,Dresses,China,재고 없음
BO01XH2037XX001,KHAITE,D,BO,LEATHER BAG,MADE IN ITALY,재고 없음
BO01XH2037XX001,KHAITE,D,BO,LEATHER BAG,MADE IN ITALY,재고 없음
AB08CP25GI05002,IL GUFO,K,AB,VEST Colore unico,MADE IN ITALY,재고 없음
AB08CP25GI05002,IL GUFO,K,AB,VEST Colore unico,MADE IN ITALY,재고 없음
158423,GUCCI,Women,Shoes,Heels,,재고 없음
158570,SEMICOUTURE,Women,Clothing,Long Dresses,Italy,재고 없음
158655,MC2 SAINT BARTH KIDS,Baby boy,Clothing,Tshirts and polo shirts,Portugal,재고 없음
158938,BALENCIAGA,Men,Clothing,Jeans,Japan,재고 없음
CA03XXXM68C0003,TODS,U,CA,SNEAKERS,MADE IN ITALY,재고 없음
CA03XXXM68C0003,TODS,U,CA,SNEAKERS,MADE IN ITALY,재고 없음
AB09XK2269XX001,GANNI,D,AB,SKIRT,MADE IN CHINA,재고 없음
AB09XK2269XX001,GANNI,D,AB,SKIRT,MADE IN CHINA,재고 없음
BO01X81932XX003,TORY BURCH,D,BO,LEATHER BAG,MADE IN CAMBOGIA,재고 없음
BO01X81932XX003,TORY BURCH,D,BO,LEATHER BAG,MADE IN CAMBOGIA,재고 없음
159218,DOLCE E GABBANA,Men,Clothing,Tshirts and polo shirts,Italy,재고 없음
BO01XNM05172003,MAISON KITSUNE,U,BO,LEATHER BAG,MADE IN CHINA,재고 없음
BO01XNM05172003,MAISON KITSUNE,U,BO,LEATHER BAG,MADE IN CHINA,재고 없음
159456,BOTTEGA VENETA,Women,Bags,Hand bags,Italy,재고 없음
BO01XSS24MDB001,AUTENTICA 504,D,BO,LEATHER BAG,MADE IN ITALY,재고 없음
BO01XSS24MDB001,AUTENTICA 504,D,BO,LEATHER BAG,MADE IN ITALY,재고 없음
159620,SAINT LAURENT,Women,Accessories,Belts,,재고 없음
158648,MC2 SAINT BARTH KIDS,Baby girl,Clothing,Beachwear,Ukraine,재고 없음
AB16XAISYAHX001,VERA WANG,D,AB,WEDDING,,재고 없음
AB16XAISYAHX001,VERA WANG,D,AB,WEDDING,,재고 없음
160090,'S MAXMARA,Women,Clothing,Sweatshirts,,재고 없음
160097,'S MAXMARA,Women,Clothing,Jersey,,재고 없음
162060,YVMIN X SHUSHU TONG,Women,Jewelry,Necklaces,,재고 없음
162172,MERCI,Women,Clothing,Outerwear,,재고 없음
162335,BALENCIAGA,Women,Bags,Hand bags,Italy,재고 없음
BO01XXBWAPAA013,TODS,D,BO,2000031733081,MADE IN ITALY,재고 없음
BO01XXBWAPAA013,TODS,D,BO,2000031733081,MADE IN ITALY,재고 없음
BO01XXBWAPAT022,TODS,D,BO,LEATHER BAG,MADE IN ITALY,재고 없음
BO01XXBWAPAT022,TODS,D,BO,LEATHER BAG,MADE IN ITALY,재고 없음
162419,PLAIN,Women,Clothing,Long Dresses,,재고 없음
29924949,CUBA LAB,Woman,Bags,Bags..,ITALIA,원가 없음 또는 0원
29924949,CUBA LAB,Woman,Bags,Bags..,ITALIA,원가 없음 또는 0원
29924949,CUBA LAB,Woman,Bags,Bags..,ITALIA,원가 없음 또는 0원
29924949,CUBA LAB,Woman,Bags,Bags..,ITALIA,원가 없음 또는 0원
29924949,CUBA LAB,Woman,Bags,Bags..,ITALIA,원가 없음 또는 0원
29924949,CUBA LAB,Woman,Bags,Bags..,ITALIA,원가 없음 또는 0원
29924989,,Woman,Shoes,Sandals,ITALIA,브랜드 실패(사유: None) / 카테고리 성공 / 원산지 성공
29924989,,Woman,Shoes,Sandals,ITALIA,브랜드 실패(사유: None) / 카테고리 성공 / 원산지 성공
29924989,,Woman,Shoes,Sandals,ITALIA,브랜드 실패(사유: None) / 카테고리 성공 / 원산지 성공
29924989,,Woman,Shoes,Sandals,ITALIA,브랜드 실패(사유: None) / 카테고리 성공 / 원산지 성공
29924989,,Woman,Shoes,Sandals,ITALIA,브랜드 실패(사유: None) / 카테고리 성공 / 원산지 성공
29924989,,Woman,Shoes,Sandals,ITALIA,브랜드 실패(사유: None) / 카테고리 성공 / 원산지 성공
AB01CEW00060001,EA BODYWEAR,D,AB,DRESS,MADE IN TURKEY,재고 없음
AB01CEW00060001,EA BODYWEAR,D,AB,DRESS,MADE IN TURKEY,재고 없음
AB01X3543DS2001,ZIMMERMANN,D,AB,DRESS,MADE IN CHINA,재고 없음
AB01X3543DS2001,ZIMMERMANN,D,AB,DRESS,MADE IN CHINA,재고 없음
153414,PINKO,Women,Clothing,Tshirts and polo shirts,China,재고 없음
150454,THE ROW,Women,Bags,Tote bags,Italy,재고 없음
AB01XV0436XX001,ALBERTA FERRETTI,D,AB,DRESS,,재고 없음
AB01XV0436XX001,ALBERTA FERRETTI,D,AB,DRESS,,재고 없음
AB01XWRHA035001,ETRO,D,AB,DRESS,MADE IN ITALY,재고 없음
AB01XWRHA035001,ETRO,D,AB,DRESS,MADE IN ITALY,재고 없음
AB01XWRHA006001,ETRO,D,AB,DRESS,MADE IN ITALY,재고 없음
AB01XWRHA006001,ETRO,D,AB,DRESS,MADE IN ITALY,재고 없음
29925037,Hugo Boss,Man,Clothing,Jackets,ITALIA,원가 없음 또는 0원
29925037,Hugo Boss,Man,Clothing,Jackets,ITALIA,원가 없음 또는 0원
29925037,Hugo Boss,Man,Clothing,Jackets,ITALIA,원가 없음 또는 0원
29925037,Hugo Boss,Man,Clothing,Jackets,ITALIA,원가 없음 또는 0원
29925037,Hugo Boss,Man,Clothing,Jackets,ITALIA,원가 없음 또는 0원
29925037,Hugo Boss,Man,Clothing,Jackets,ITALIA,원가 없음 또는 0원
AB01X329212X001,FARM RIO,D,AB,DRESS,MADE IN CHINA,재고 없음
AB01X329212X001,FARM RIO,D,AB,DRESS,MADE IN CHINA,재고 없음
163216,FEDERICA TOSI,Women,Jewelry,Necklaces,,재고 없음
163366,VENUJA,Women,Clothing,Beachwear,,재고 없음
163370,ME369,Women,Clothing,Shirts and blouses,,재고 없음
164209,MERCI,Women,Clothing,Shorts and Bermuda shorts,,재고 없음
164232,LONGCHAMP,Women,Bags,Hand bags,Romania,재고 없음
164214,MERCI,Women,Clothing,Trousers,,재고 없음
164606,MAXMARA STUDIO,Women,Accessories,Scarfs and foulards,Italy,재고 없음
165030,PLAIN,Women,Shoes,Heels,Italy,재고 없음
165027,PLAIN,Women,Shoes,Heels,Italy,재고 없음
165144,C.P. COMPANY,Men,Clothing,Trousers,Tunisia,재고 없음
165208,VALENTINO GARAVANI,Men,Jewelry,Necklaces,,재고 없음
AB18X790074X001,SAINT LAURENT,D,AB,TOP,,재고 없음
AB18X790074X001,SAINT LAURENT,D,AB,TOP,,재고 없음
165299,FEDERICO CINA,Women,Bags,Hand bags,,재고 없음
165304,FEDERICO CINA,Women,Bags,Hand bags,,재고 없음
165327,LONGCHAMP,Women,Bags,Tote bags,China,재고 없음
165392,LONGCHAMP,Women,Bags,Shoulder bags,,재고 없음
165632,HAIKURE,Women,Clothing,Jeans,,재고 없음
AB07XJ-NAYAD002,TAGLIATORE,D,AB,JACKET,,재고 없음
AB07XJ-NAYAD002,TAGLIATORE,D,AB,JACKET,,재고 없음
AB02X255SW01001,JACQUEMUS,U,AB,BEACHWEAR,MADE IN PORTUGAL,재고 없음
AB02X255SW01001,JACQUEMUS,U,AB,BEACHWEAR,MADE IN PORTUGAL,재고 없음
AB03XFB1014X001,FENDI,U,AB,SHORT,MADE IN ITALY,재고 없음
AB03XFB1014X001,FENDI,U,AB,SHORT,MADE IN ITALY,재고 없음
AB04XF5811XX001,FORET,U,AB,SHIRT,MADE IN MACEDONIA,재고 없음
AB04XF5811XX001,FORET,U,AB,SHIRT,MADE IN MACEDONIA,재고 없음
167080,YVMIN,Women,Jewelry,Necklaces,,재고 없음
167487,THE ROW,Women,Bags,Shoulder bags,Italy,재고 없음
168645,THE ROW,Women,Bags,Shoulder bags,Italy,재고 없음
AB07X820434X001,GUCCI,D,AB,JACKET,MADE IN ITALY,재고 없음
AB07X820434X001,GUCCI,D,AB,JACKET,MADE IN ITALY,재고 없음
AB07CEM00189001,EMPORIO ARMANI,U,AB,JACKET Colore unico,MADE IN INDIA,재고 없음
AB07CEM00189001,EMPORIO ARMANI,U,AB,JACKET Colore unico,MADE IN INDIA,재고 없음
168679,THE ROW,Women,Bags,Shoulder bags,Italy,재고 없음
31126371,Amiri,Boy,Clothing,T-shirts and Polos,IT,브랜드 실패(사유: None) / 카테고리 성공 / 원산지 성공
31126371,Amiri,Boy,Clothing,T-shirts and Polos,IT,브랜드 실패(사유: None) / 카테고리 성공 / 원산지 성공
31126371,Amiri,Boy,Clothing,T-shirts and Polos,IT,브랜드 실패(사유: None) / 카테고리 성공 / 원산지 성공
31126371,Amiri,Boy,Clothing,T-shirts and Polos,IT,브랜드 실패(사유: None) / 카테고리 성공 / 원산지 성공
31126371,Amiri,Boy,Clothing,T-shirts and Polos,IT,브랜드 실패(사유: None) / 카테고리 성공 / 원산지 성공
AB08CK19541A001,MONCLER,K,AB,VEST Colore unico,MADE IN ARMENIA,재고 없음
AB08CK19541A001,MONCLER,K,AB,VEST Colore unico,MADE IN ARMENIA,재고 없음
169262,MISSONI HOME,home,undefined,Beach towels,Portugal,재고 없음
169734,GUCCI,Women,Accessories,Belts,Italy,재고 없음
AB13XNF0A8C4001,THE NORTH FACE,U,AB,TROUSERS,MADE IN BANGLADESH,재고 없음
29006251,,Unisex,Accessories,Accessories,,원가 없음 또는 0원
29006251,,Unisex,Accessories,Accessories,,원가 없음 또는 0원
29006251,,Unisex,Accessories,Accessories,,원가 없음 또는 0원
29006251,,Unisex,Accessories,Accessories,,원가 없음 또는 0원
29006251,,Unisex,Accessories,Accessories,,원가 없음 또는 0원
29006251,,Unisex,Accessories,Accessories,,원가 없음 또는 0원
85735,FENDI,Men,Bags,Tote bags,Italy,재고 없음
AB16XCASQUET001,ROSA CLARA,D,AB,WEDDING,,재고 없음
AB16XCASQUET001,ROSA CLARA,D,AB,WEDDING,,재고 없음
87429,VERSACE HOME,home,Textiles,Flip flops,Italy,재고 없음
108217,VALENTINO GARAVANI,Men,Bags,Backpacks and Belt bags,Italy,재고 없음
107359,GHERARDI,Men,Clothing,Shirts and blouses,Italy,재고 없음
AB01X224JR04001,COURREGES,D,AB,DRESS,MADE IN PORTUGAL,재고 없음
AB01X224JR04001,COURREGES,D,AB,DRESS,MADE IN PORTUGAL,재고 없음
114351,ETRO,Women,Clothing,Tops,Italy                  ,재고 없음
119783,MONNALISA KIDS,Unisex bab,Clothing,Dresses,Bulgaria,재고 없음
120939,VALENTINO GARAVANI,Men,Shoes,Ankle boots,Italy,재고 없음
AB01X250WBK0001,THE ATTICO,D,AB,DRESS,MADE IN ITALY,재고 없음
AB01X250WBK0001,THE ATTICO,D,AB,DRESS,MADE IN ITALY,재고 없음
AB01X25ECRO0001,RABANNE,D,AB,DRESS,MADE IN POLAND,재고 없음
AB01X25ECRO0001,RABANNE,D,AB,DRESS,MADE IN POLAND,재고 없음
AB05X8086313001,BURBERRY,D,AB,COAT,MADE IN BULGARIA,재고 없음
AB05X8086313001,BURBERRY,D,AB,COAT,MADE IN BULGARIA,재고 없음
128995,SAINT LAURENT,Women,Bags,Crossbody Bags,Italy,재고 없음
AB01X6B3VAUF001,VALENTINO,D,AB,DRESS,MADE IN ITALY,재고 없음
AB01X6B3VAUF001,VALENTINO,D,AB,DRESS,MADE IN ITALY,재고 없음
131545,BIRKENSTOCK,Men,Shoes,Flat Shoes,Germany,재고 없음
AB01XD726030001,P.A.R.O.S.H.,D,AB,DRESS,MADE IN JAPAN,재고 없음
AB01XD726030001,P.A.R.O.S.H.,D,AB,DRESS,MADE IN JAPAN,재고 없음
AB01X5731DR2001,ZIMMERMANN,D,AB,DRESS,MADE IN CHINA,재고 없음
AB01X5731DR2001,ZIMMERMANN,D,AB,DRESS,MADE IN CHINA,재고 없음
135153,GUCCI,Men,Clothing,Beachwear,Italy,재고 없음
139799,GUCCI,Men,Bags,Crossbody Bags,Italy,재고 없음
140049,VALENTINO GARAVANI,Men,Shoes,Loafers,,재고 없음
AB01XRO0681F001,ISABEL MARANT,D,AB,DRESS,MADE IN ROMANIA,재고 없음
AB01XRO0681F001,ISABEL MARANT,D,AB,DRESS,MADE IN ROMANIA,재고 없음
161722,SOSUE,Women,Clothing,Shirts and blouses,,재고 없음
140729,JACOB COHEN,Men,Clothing,Jeans,Italy,재고 없음
140984,ARMA,Women,Clothing,Trousers,Turkey,재고 없음
141047,STONE ISLAND KIDS,Baby boy,Accessories,Hats and Gloves,China,재고 없음
141144,CELINE,Women,Bags,Hand bags,Italy,재고 없음
141946,MICHAEL MICHAEL KORS,Women,Clothing,Outerwear,,재고 없음
158966,BALENCIAGA,Men,Bags,Crossbody Bags,Italy,재고 없음
144316,SAINT LAURENT,Men,Clothing,Tshirts and polo shirts,Italy,재고 없음
144347,P.A.R.O.S.H.,Women,Clothing,Trousers,,재고 없음
146454,ELEVENTY,Men,Clothing,Trousers,Italy,재고 없음
146814,DOLCE & GABBANA CASA,home,Home Accessories,Trays,,재고 없음
147279,DOLCE & GABBANA CASA,home,Home Accessories,Coffeemakers,,재고 없음
147425,OSÉREE,Women,Clothing,Dresses,,재고 없음
147633,DSQUARED2,Men,Clothing,Tshirts and polo shirts,Romania,재고 없음
147984,GIVENCHY,Women,Bags,Shoulder bags,Italy,재고 없음
AB03C323-855001,RALPH LAUREN,K,AB,SHORT Colore unico,MADE IN BANGLADESH,재고 없음
AB03C323-855001,RALPH LAUREN,K,AB,SHORT Colore unico,MADE IN BANGLADESH,재고 없음
149890,GUCCI,Women,Clothing,Shorts and Bermuda shorts,Italy,재고 없음
149915,THE ROW,Women,Shoes,Ballerinas,Italy,재고 없음
150494,CELINE,Women,Bags,Crossbody Bags,Italy,재고 없음
AB07X781313X001,GUCCI,D,AB,JACKET,MADE IN ITALY,재고 없음
AB07X781313X001,GUCCI,D,AB,JACKET,MADE IN ITALY,재고 없음
150816,JACQUEMUS,Women,Bags,Shoulder bags,Italy,재고 없음
AB07X6B0CE46001,VALENTINO,D,AB,JACKET,,재고 없음
AB07X6B0CE46001,VALENTINO,D,AB,JACKET,,재고 없음
150957,A.P.C.,Women,Clothing,Shirts and blouses,Tunisia,재고 없음
AB01X2503DR2001,ZIMMERMANN,D,AB,DRESS,MADE IN VIETNAM,재고 없음
AB01X2503DR2001,ZIMMERMANN,D,AB,DRESS,MADE IN VIETNAM,재고 없음
31946497,Zadig & Voltaire,Woman,Clothing,T-shirts and Polos,IN,브랜드 성공 / 카테고리 성공 / 원산지 실패(사유: IN)
151363,PLAIN,Men,Clothing,Shirts and blouses,Italy,재고 없음
AB04X250WCH0001,THE ATTICO,D,AB,SHIRT,MADE IN ITALY,재고 없음
AB04X250WCH0001,THE ATTICO,D,AB,SHIRT,MADE IN ITALY,재고 없음
151835,LONGCHAMP,Women,Bags,Hand bags,Morocco,재고 없음
151847,LONGCHAMP,Women,Bags,Hand bags,China,재고 없음
AB04XMRIC005001,ETRO,U,AB,SHIRT,MADE IN ITALY,재고 없음
AB04XMRIC005001,ETRO,U,AB,SHIRT,MADE IN ITALY,재고 없음
AB22COBAA002028,OFF WHITE,K,AB,T-SHIRT Colore unico,MADE IN PORTUGAL,재고 없음
AB22COBAA002028,OFF WHITE,K,AB,T-SHIRT Colore unico,MADE IN PORTUGAL,재고 없음
AB05X2516021001,MAX MARA STUDIO,D,AB,COAT,MADE IN CHINA,재고 없음
AB05X2516021001,MAX MARA STUDIO,D,AB,COAT,MADE IN CHINA,재고 없음
AB18X815851X003,GUCCI,D,AB,TOP,MADE IN ITALY,재고 없음
AB18X815851X003,GUCCI,D,AB,TOP,MADE IN ITALY,재고 없음
152958,SOLACE LONDON,Women,Clothing,Long Dresses,,재고 없음
153096,PUMA,Unisex,Shoes,Sneakers,China,재고 없음
AB01XD514XDX001,DES PHEMMES,D,AB,DRESS,MADE IN ITALY,재고 없음
153257,REPRESENT,Men,Clothing,Tshirts and polo shirts,Portugal,재고 없음
26885526,,Unisex,Homeware,Living,Italia,브랜드 실패(사유: None) / 카테고리 성공 / 원산지 성공
26885526,,Unisex,Homeware,Living,Italia,브랜드 실패(사유: None) / 카테고리 성공 / 원산지 성공
26885526,,Unisex,Homeware,Living,Italia,브랜드 실패(사유: None) / 카테고리 성공 / 원산지 성공
26885526,,Unisex,Homeware,Living,Italia,브랜드 실패(사유: None) / 카테고리 성공 / 원산지 성공
26885526,,Unisex,Homeware,Living,Italia,브랜드 실패(사유: None) / 카테고리 성공 / 원산지 성공
26885526,,Unisex,Homeware,Living,Italia,브랜드 실패(사유: None) / 카테고리 성공 / 원산지 성공
BO01XXBWAPAF014,TODS,D,BO,LEATHER BAG,MADE IN ITALY,재고 없음
BO01XXBWAPAF014,TODS,D,BO,LEATHER BAG,MADE IN ITALY,재고 없음
153758,MINI RODINI KIDS,Baby girl,Clothing,Trousers,India,재고 없음
153992,GUCCI KIDS,Baby boy,Bags,Hand bags,Italy UE,재고 없음
AB18X24AJH09001,CHLOE',D,AB,TOP,MADE IN ITALY,재고 없음
AB18X24AJH09001,CHLOE',D,AB,TOP,MADE IN ITALY,재고 없음
AB02XJEANXXX001,HUNZA G,D,AB,BEACHWEAR,MADE IN MAROCCO,재고 없음
AB02XJEANXXX001,HUNZA G,D,AB,BEACHWEAR,MADE IN MAROCCO,재고 없음
162359,ME369,Women,Clothing,Skirts,China,재고 없음
154450,FENDI,Women,Shoes,Flat Shoes,Italy,재고 없음
AB11XB9D0034002,AMARANTO,U,AB,KNITWEAR,,재고 없음
AB11XB9D0034002,AMARANTO,U,AB,KNITWEAR,,재고 없음
154669,ROHE,Women,Clothing,Tshirts and polo shirts,Portugal,재고 없음
AB01XFDD298X001,FENDI,D,AB,DRESS,MADE IN ITALY,재고 없음
AB01XFDD298X001,FENDI,D,AB,DRESS,MADE IN ITALY,재고 없음
155102,THE ROW,Women,Clothing,Tops,Italy,재고 없음
155183,ROTATE,Women,Clothing,Dresses,China,재고 없음
155305,MARC JACOBS,Women,Bags,Hand bags,Vietnam,재고 없음
155526,ALEMAIS,Women,Clothing,Shirts and blouses,China,재고 없음
155608,ALOHAS,Women,Shoes,Ballerinas,Spain,재고 없음
26886166,Haikure,Woman,Clothing,T-shirts and Polos,I,브랜드 성공 / 카테고리 성공 / 원산지 실패(사유: I)
26886166,Haikure,Woman,Clothing,T-shirts and Polos,I,브랜드 성공 / 카테고리 성공 / 원산지 실패(사유: I)
26886166,Haikure,Woman,Clothing,T-shirts and Polos,I,브랜드 성공 / 카테고리 성공 / 원산지 실패(사유: I)
26886166,Haikure,Woman,Clothing,T-shirts and Polos,I,브랜드 성공 / 카테고리 성공 / 원산지 실패(사유: I)
26886166,Haikure,Woman,Clothing,T-shirts and Polos,I,브랜드 성공 / 카테고리 성공 / 원산지 실패(사유: I)
26886166,Haikure,Woman,Clothing,T-shirts and Polos,I,브랜드 성공 / 카테고리 성공 / 원산지 실패(사유: I)
155650,ROTATE,Women,Clothing,Skirts,China,재고 없음
165381,LONGCHAMP,Women,Bags,Backpacks and Belt bags,China,재고 없음
AB18XT170937001,THE ANDAMANE,D,AB,TOP,MADE IN ITALY,재고 없음
AB18XT170937001,THE ANDAMANE,D,AB,TOP,MADE IN ITALY,재고 없음
162416,PLAIN,Women,Clothing,Shirts and blouses,,재고 없음
26886295,,Woman,Shoes,Sneakers,Italia,브랜드 실패(사유: None) / 카테고리 성공 / 원산지 성공
26886295,,Woman,Shoes,Sneakers,Italia,브랜드 실패(사유: None) / 카테고리 성공 / 원산지 성공
26886295,,Woman,Shoes,Sneakers,Italia,브랜드 실패(사유: None) / 카테고리 성공 / 원산지 성공
26886295,,Woman,Shoes,Sneakers,Italia,브랜드 실패(사유: None) / 카테고리 성공 / 원산지 성공
26886295,,Woman,Shoes,Sneakers,Italia,브랜드 실패(사유: None) / 카테고리 성공 / 원산지 성공
26886295,,Woman,Shoes,Sneakers,Italia,브랜드 실패(사유: None) / 카테고리 성공 / 원산지 성공
162414,PLAIN,Women,Clothing,Trousers,,재고 없음
156085,BURBERRY,Men,Clothing,Shirts and blouses,Italy,재고 없음
AB02XLIGHTIN082,SAINT BARTH,U,AB,BEACHWEAR,MADE IN CHINA,재고 없음
AB02XLIGHTIN082,SAINT BARTH,U,AB,BEACHWEAR,MADE IN CHINA,재고 없음
156313,CHLOÉ KIDS,Baby girl,Clothing,Tshirts and polo shirts,Tunisia,원가 없음 또는 0원
162410,PLAIN,Women,Clothing,Tshirts and polo shirts,,재고 없음
AB22CM01466X001,MARNI,K,AB,T-SHIRT Colore unico,MADE IN BULGARIA,재고 없음
AB22CM01466X001,MARNI,K,AB,T-SHIRT Colore unico,MADE IN BULGARIA,재고 없음
AB22C8100308001,BURBERRY,K,AB,T-SHIRT Colore unico,MADE IN VIETNAM,재고 없음
AB22C8100308001,BURBERRY,K,AB,T-SHIRT Colore unico,MADE IN VIETNAM,재고 없음
AB03CTW6589X001,STELLA MCCARTNEY,K,AB,SHORT Colore unico,MADE IN CHINA,재고 없음
AB03CTW6589X001,STELLA MCCARTNEY,K,AB,SHORT Colore unico,MADE IN CHINA,재고 없음
156968,GUCCI,Women,Clothing,Tops,Italy,재고 없음
156965,BOTTEGA VENETA,Women,Shoes,Ballerinas,Italy,재고 없음
157045,TWENTY FOURHAITCH,Women,Clothing,Tops,,재고 없음
157039,TWENTY FOURHAITCH,Women,Clothing,Long Dresses,,재고 없음
AB04X25UBD05001,CHLOE',D,AB,SHIRT,,재고 없음
AB04X25UBD05001,CHLOE',D,AB,SHIRT,,재고 없음
157194,STONE ISLAND,Men,Clothing,Sweatshirts,Moldava,재고 없음
157448,NEMA,Women,Clothing,Trousers,Greece,재고 없음
AB03XMPS25-T002,CASABLANCA,U,AB,SHORT,MADE IN PORTUGAL,재고 없음
AB03XMPS25-T002,CASABLANCA,U,AB,SHORT,MADE IN PORTUGAL,재고 없음
157497,PARIS TEXAS,Women,Shoes,Ballerinas,Italy,재고 없음
AB07XGWP0082008,GOLDEN GOOSE,D,AB,JACKET,MADE IN ITALY,재고 없음
AB07XGWP0082008,GOLDEN GOOSE,D,AB,JACKET,MADE IN ITALY,재고 없음
AB07XW4007PC001,WARDROBE NYC,D,AB,JACKET,MADE IN SLOVAKIA,재고 없음
AB07XW4007PC001,WARDROBE NYC,D,AB,JACKET,MADE IN SLOVAKIA,재고 없음
157603,SILVIA GNECCHI,Women,Jewelry,Earrings,,재고 없음
157659,PHOEBE PHILO,Women,Clothing,Jeans,Italy,재고 없음
AB27CS05XPAW001,BONPOINT,K,AB,BABY TRACKSUIT Colore unico,MADE IN MADAGASCAR,재고 없음
AB27CS05XPAW001,BONPOINT,K,AB,BABY TRACKSUIT Colore unico,MADE IN MADAGASCAR,재고 없음
AB02XCELINEX001,HUNZA G,D,AB,BEACHWEAR,MADE IN MOROCCO,재고 없음
AB02XCELINEX001,HUNZA G,D,AB,BEACHWEAR,MADE IN MOROCCO,재고 없음
158331,FENDI,Women,Jewelry,Necklaces,Italy,재고 없음
AB01X125JRO5002,COURREGES,D,AB,DRESS,MADE IN PORTUGAL,재고 없음
AB01X125JRO5002,COURREGES,D,AB,DRESS,MADE IN PORTUGAL,재고 없음
AB01X201603X002,CHARO RUIZ,D,AB,DRESS,MADE IN TUNISIA,재고 없음
AB01X201603X002,CHARO RUIZ,D,AB,DRESS,MADE IN TUNISIA,재고 없음
AB13X824389X001,SAINT LAURENT,D,AB,TROUSERS,MADE IN ITALY,재고 없음
AB13X824389X001,SAINT LAURENT,D,AB,TROUSERS,MADE IN ITALY,재고 없음
AB22X2511941009,MAX MARA,D,AB,T-SHIRT,MADE IN CHINA,재고 없음
AB22X2511941009,MAX MARA,D,AB,T-SHIRT,MADE IN CHINA,재고 없음
AB04XOMGG013003,OFF WHITE,U,AB,SHIRT,MADE IN ITALY,재고 없음
AB04XOMGG013003,OFF WHITE,U,AB,SHIRT,MADE IN ITALY,재고 없음
AB04XSH1177X001,LEMAIRE,D,AB,SHIRT,MADE IN TUNISIA,재고 없음
AB04XSH1177X001,LEMAIRE,D,AB,SHIRT,MADE IN TUNISIA,재고 없음
29006121,,Unisex,Accessories,Accessories,,원가 없음 또는 0원
29006121,,Unisex,Accessories,Accessories,,원가 없음 또는 0원
29006121,,Unisex,Accessories,Accessories,,원가 없음 또는 0원
29006121,,Unisex,Accessories,Accessories,,원가 없음 또는 0원
29006121,,Unisex,Accessories,Accessories,,원가 없음 또는 0원
29006121,,Unisex,Accessories,Accessories,,원가 없음 또는 0원
29006180,CALLING JUNE,Woman,Clothing,Dresses,India,원가 없음 또는 0원
29006180,CALLING JUNE,Woman,Clothing,Dresses,India,원가 없음 또는 0원
29006180,CALLING JUNE,Woman,Clothing,Dresses,India,원가 없음 또는 0원
29006180,CALLING JUNE,Woman,Clothing,Dresses,India,원가 없음 또는 0원
29006180,CALLING JUNE,Woman,Clothing,Dresses,India,원가 없음 또는 0원
29006180,CALLING JUNE,Woman,Clothing,Dresses,India,원가 없음 또는 0원
158806,ANTONELLI,Women,Clothing,Jersey,Italy,재고 없음
AB22X37655XX002,PATAGONIA,U,AB,T-SHIRT,MADE IN MEXICO,재고 없음
AB22X37655XX002,PATAGONIA,U,AB,T-SHIRT,MADE IN MEXICO,재고 없음
29006257,Carven,Woman,Accessories,Sunglasses,France,원가 없음 또는 0원
29006257,Carven,Woman,Accessories,Sunglasses,France,원가 없음 또는 0원
29006257,Carven,Woman,Accessories,Sunglasses,France,원가 없음 또는 0원
29006257,Carven,Woman,Accessories,Sunglasses,France,원가 없음 또는 0원
29006257,Carven,Woman,Accessories,Sunglasses,France,원가 없음 또는 0원
29006257,Carven,Woman,Accessories,Sunglasses,France,원가 없음 또는 0원
29006268,,Unisex,Accessories,Accessories,,원가 없음 또는 0원
29006268,,Unisex,Accessories,Accessories,,원가 없음 또는 0원
29006268,,Unisex,Accessories,Accessories,,원가 없음 또는 0원
29006268,,Unisex,Accessories,Accessories,,원가 없음 또는 0원
29006268,,Unisex,Accessories,Accessories,,원가 없음 또는 0원
29006268,,Unisex,Accessories,Accessories,,원가 없음 또는 0원
AB07XHJK063X001,AMI,U,AB,JACKET,MADE IN ROMANIA,재고 없음
AB07XHJK063X001,AMI,U,AB,JACKET,MADE IN ROMANIA,재고 없음
AB18XJ1379XX001,GANNI,D,AB,TOP,MADE IN TURKEY,재고 없음
AB18XJ1379XX001,GANNI,D,AB,TOP,MADE IN TURKEY,재고 없음
AB22X25EMPU0001,RABANNE,D,AB,T-SHIRT,MADE IN CHINA,재고 없음
AB22X25EMPU0001,RABANNE,D,AB,T-SHIRT,MADE IN CHINA,재고 없음
29006312,CALLING JUNE,Woman,Clothing,Dresses,India,원가 없음 또는 0원
29006312,CALLING JUNE,Woman,Clothing,Dresses,India,원가 없음 또는 0원
29006312,CALLING JUNE,Woman,Clothing,Dresses,India,원가 없음 또는 0원
29006312,CALLING JUNE,Woman,Clothing,Dresses,India,원가 없음 또는 0원
29006312,CALLING JUNE,Woman,Clothing,Dresses,India,원가 없음 또는 0원
29006312,CALLING JUNE,Woman,Clothing,Dresses,India,원가 없음 또는 0원
159050,IBELIV,Women,Bags,Crossbody Bags,,재고 없음
AB03X255PA13003,JACQUEMUS,U,AB,SHORT,,재고 없음
AB03X255PA13003,JACQUEMUS,U,AB,SHORT,,재고 없음
AB23XSH0GU00004,MM6,U,AB,SWEATSHIRT,MADE IN PORTUGAL,재고 없음
AB23XSH0GU00004,MM6,U,AB,SWEATSHIRT,MADE IN PORTUGAL,재고 없음
AB09X4SHNN09002,GIORGIO ARMANI,D,AB,SKIRT,MADE IN ITALY,재고 없음
AB09X4SHNN09002,GIORGIO ARMANI,D,AB,SKIRT,MADE IN ITALY,재고 없음
AB09X25SDS02001,CHLOE',D,AB,SKIRT,MADE IN ITALY,재고 없음
AB09X25SDS02001,CHLOE',D,AB,SKIRT,MADE IN ITALY,재고 없음
AB11CA24GF43001,IL GUFO,K,AB,KNITWEAR Colore unico,MADE IN MADAGASCAR,재고 없음
AB11CA24GF43001,IL GUFO,K,AB,KNITWEAR Colore unico,MADE IN MADAGASCAR,재고 없음
159241,DOLCE E GABBANA,Men,Clothing,Beachwear,Italy,재고 없음
159467,BOTTEGA VENETA,Women,Bags,Hand bags,Italy,재고 없음
AB31XLTAT24A027,TATRAS,D,AB,DOWNJACKET,MADE IN POLAND,재고 없음
AB31XLTAT24A027,TATRAS,D,AB,DOWNJACKET,MADE IN POLAND,재고 없음
AL02X143760X002,TORY BURCH,D,AL,2000029974458,MADE IN CHINA,재고 없음
AL02X143760X002,TORY BURCH,D,AL,2000029974458,MADE IN CHINA,재고 없음
29347243,Pero,Woman,Clothing,Top,India,원가 없음 또는 0원
29347243,Pero,Woman,Clothing,Top,India,원가 없음 또는 0원
29347243,Pero,Woman,Clothing,Top,India,원가 없음 또는 0원
29347243,Pero,Woman,Clothing,Top,India,원가 없음 또는 0원
29347243,Pero,Woman,Clothing,Top,India,원가 없음 또는 0원
29347243,Pero,Woman,Clothing,Top,India,원가 없음 또는 0원
160075,'S MAXMARA,Women,Clothing,Jersey,,재고 없음
AB04CS05XBLW002,BONPOINT,K,AB,SHIRT Colore unico,MADE IN MADAGASCAR,재고 없음
AB04CS05XBLW002,BONPOINT,K,AB,SHIRT Colore unico,MADE IN MADAGASCAR,재고 없음
162054,YVMIN X SHUSHU TONG,Women,Jewelry,Earrings,,재고 없음
AB18X1756TRS001,ZIMMERMANN,D,AB,TOP,MADE IN CHINA,재고 없음
AB18X1756TRS001,ZIMMERMANN,D,AB,TOP,MADE IN CHINA,재고 없음
162190,MERCI,Women,Clothing,Trousers,,재고 없음
AB04XMRIB001002,ETRO,U,AB,SHIRT,MADE IN ITALY,재고 없음
AB04XMRIB001002,ETRO,U,AB,SHIRT,MADE IN ITALY,재고 없음
162420,PLAIN,Women,Clothing,Dresses,,재고 없음
162417,PLAIN,Women,Clothing,Shirts and blouses,,재고 없음
162412,PLAIN,Women,Clothing,Tshirts and polo shirts,,재고 없음
162834,GRIFONI,Women,Clothing,Shirts and blouses,Italy,재고 없음
162735,DOLCE E GABBANA,Women,Shoes,Flat Shoes,Italy,재고 없음
30313892,CUBA LAB,Woman,Bags,Bags..,ITALIA,원가 없음 또는 0원
30313892,CUBA LAB,Woman,Bags,Bags..,ITALIA,원가 없음 또는 0원
30313892,CUBA LAB,Woman,Bags,Bags..,ITALIA,원가 없음 또는 0원
30313892,CUBA LAB,Woman,Bags,Bags..,ITALIA,원가 없음 또는 0원
30313892,CUBA LAB,Woman,Bags,Bags..,ITALIA,원가 없음 또는 0원
30313892,CUBA LAB,Woman,Bags,Bags..,ITALIA,원가 없음 또는 0원
163103,SELF-PORTRAIT,Women,Clothing,Dresses,China,재고 없음
163287,EQUIPMENT,Women,Clothing,Shirts and blouses,China,재고 없음
163276,BA&SH,Women,Clothing,Blazers,,재고 없음
AL19CEM00134003,EMPORIO ARMANI,U,AL,TIE Colore unico,MADE IN ITALY,재고 없음
AL19CEM00134003,EMPORIO ARMANI,U,AL,TIE Colore unico,MADE IN ITALY,재고 없음
163704,ANITA BILARDI,Women,Bags,Tote bags,Italy,재고 없음
164316,FEDERICA TOSI,Women,Clothing,Skirts,,재고 없음
AB01X250WCA0002,THE ATTICO,D,AB,DRESS,MADE IN ITALY,재고 없음
AB01X250WCA0002,THE ATTICO,D,AB,DRESS,MADE IN ITALY,재고 없음
AB09CDW7A31X001,DOUDOU,K,AB,SKIRT Colore unico,MADE IN ITALY,재고 없음
AB09CDW7A31X001,DOUDOU,K,AB,SKIRT Colore unico,MADE IN ITALY,재고 없음
AB03XK10982B001,MONCLER GRENOBLE,D,AB,SHORT,MADE IN ROMANIA,재고 없음
AB03XK10982B001,MONCLER GRENOBLE,D,AB,SHORT,MADE IN ROMANIA,재고 없음
165315,PLAIN,Women,Clothing,Outerwear,,재고 없음
165436,LONGCHAMP,Women,Bags,Tote bags,China,재고 없음
166141,REPRESENT,Men,Clothing,Tshirts and polo shirts,Portugal,재고 없음
29504174,MC2 Saint Barth,Woman,Bags,Bags..,Portogallo,원가 없음 또는 0원
29504174,MC2 Saint Barth,Woman,Bags,Bags..,Portogallo,원가 없음 또는 0원
29504174,MC2 Saint Barth,Woman,Bags,Bags..,Portogallo,원가 없음 또는 0원
29504174,MC2 Saint Barth,Woman,Bags,Bags..,Portogallo,원가 없음 또는 0원
29504174,MC2 Saint Barth,Woman,Bags,Bags..,Portogallo,원가 없음 또는 0원
29504174,MC2 Saint Barth,Woman,Bags,Bags..,Portogallo,원가 없음 또는 0원
29504131,MC2 Saint Barth,Woman,Bags,Bags..,Cina,원가 없음 또는 0원
29504131,MC2 Saint Barth,Woman,Bags,Bags..,Cina,원가 없음 또는 0원
29504131,MC2 Saint Barth,Woman,Bags,Bags..,Cina,원가 없음 또는 0원
29504131,MC2 Saint Barth,Woman,Bags,Bags..,Cina,원가 없음 또는 0원
29504131,MC2 Saint Barth,Woman,Bags,Bags..,Cina,원가 없음 또는 0원
29504131,MC2 Saint Barth,Woman,Bags,Bags..,Cina,원가 없음 또는 0원
AB04CEM00177001,EMPORIO ARMANI,U,AB,SHIRT Colore unico,MADE IN CHINA,재고 없음
29924807,SORBET ISLAND,Woman,Clothing,Sea clothing,Europa,원가 없음 또는 0원
29924807,SORBET ISLAND,Woman,Clothing,Sea clothing,Europa,원가 없음 또는 0원
29924807,SORBET ISLAND,Woman,Clothing,Sea clothing,Europa,원가 없음 또는 0원
29924807,SORBET ISLAND,Woman,Clothing,Sea clothing,Europa,원가 없음 또는 0원
29924807,SORBET ISLAND,Woman,Clothing,Sea clothing,Europa,원가 없음 또는 0원
29924807,SORBET ISLAND,Woman,Clothing,Sea clothing,Europa,원가 없음 또는 0원
166496,AUTRY,Women,Shoes,Sneakers,,재고 없음
31717598,,Girl,Accessories,Accessories,China,브랜드 실패(사유: None) / 카테고리 성공 / 원산지 성공
31717598,,Girl,Accessories,Accessories,China,브랜드 실패(사유: None) / 카테고리 성공 / 원산지 성공
31717598,,Girl,Accessories,Accessories,China,브랜드 실패(사유: None) / 카테고리 성공 / 원산지 성공
31717598,,Girl,Accessories,Accessories,China,브랜드 실패(사유: None) / 카테고리 성공 / 원산지 성공
31717598,,Girl,Accessories,Accessories,China,브랜드 실패(사유: None) / 카테고리 성공 / 원산지 성공
31717598,,Girl,Accessories,Accessories,China,브랜드 실패(사유: None) / 카테고리 성공 / 원산지 성공
AB07XAA9V042002,ALAIA,D,AB,JACKET,MADE IN ITALY,재고 없음
AB07XAA9V042002,ALAIA,D,AB,JACKET,MADE IN ITALY,재고 없음
26888249,Haikure,Woman,Clothing,T-shirts and Polos,I,브랜드 성공 / 카테고리 성공 / 원산지 실패(사유: I)
26888249,Haikure,Woman,Clothing,T-shirts and Polos,I,브랜드 성공 / 카테고리 성공 / 원산지 실패(사유: I)
26888249,Haikure,Woman,Clothing,T-shirts and Polos,I,브랜드 성공 / 카테고리 성공 / 원산지 실패(사유: I)
26888249,Haikure,Woman,Clothing,T-shirts and Polos,I,브랜드 성공 / 카테고리 성공 / 원산지 실패(사유: I)
26888249,Haikure,Woman,Clothing,T-shirts and Polos,I,브랜드 성공 / 카테고리 성공 / 원산지 실패(사유: I)
26888249,Haikure,Woman,Clothing,T-shirts and Polos,I,브랜드 성공 / 카테고리 성공 / 원산지 실패(사유: I)
167976,GUCCI,Women,Accessories,Leather Products,,재고 없음
AB09XAA9J224001,ALAIA,D,AB,SKIRT,MADE IN ITALY,재고 없음
AB09XAA9J224001,ALAIA,D,AB,SKIRT,MADE IN ITALY,재고 없음
168547,TOD'S,Women,Bags,Hand bags,,재고 없음
169736,FEDERICA TOSI,Women,Jewelry,Rings,,재고 없음
AB22CK61137_003,KENZO,K,AB,T-SHIRT Colore unico,MADE IN TURKEY,재고 없음
AB22CK61137_003,KENZO,K,AB,T-SHIRT Colore unico,MADE IN TURKEY,재고 없음
AB22CEW00061001,EMPORIO ARMANI,D,AB,T-SHIRT Colore unico,MADE IN TURKEY,재고 없음
AB22CEW00061001,EMPORIO ARMANI,D,AB,T-SHIRT Colore unico,MADE IN TURKEY,재고 없음
136498,ROHE,Women,Clothing,Shorts and Bermuda shorts,Lithuania,재고 없음
31126400,MC2 Saint Barth,Woman,Bags,Bags..,Cina,원가 없음 또는 0원
31126400,MC2 Saint Barth,Woman,Bags,Bags..,Cina,원가 없음 또는 0원
31126400,MC2 Saint Barth,Woman,Bags,Bags..,Cina,원가 없음 또는 0원
31126400,MC2 Saint Barth,Woman,Bags,Bags..,Cina,원가 없음 또는 0원
31126400,MC2 Saint Barth,Woman,Bags,Bags..,Cina,원가 없음 또는 0원
31126400,MC2 Saint Barth,Woman,Bags,Bags..,Cina,원가 없음 또는 0원
139828,GUCCI,Men,Shoes,Sneakers,Italy,재고 없음
140353,FENDI,Men,Clothing,Tshirts and polo shirts,Italy,재고 없음
AB01X328978X001,FARM RIO,D,AB,DRESS,MADE IN CHINA,재고 없음
AB01X328978X001,FARM RIO,D,AB,DRESS,MADE IN CHINA,재고 없음
140686,VERSACE,Men,Clothing,Beachwear,Italy,재고 없음
140737,JACOB COHEN,Men,Clothing,Tshirts and polo shirts,Italy,재고 없음
142734,BALENCIAGA,Women,Clothing,Shirts and blouses,Italy,재고 없음
BO01X25SS812001,CHLOE',D,BO,mini bag,MADE IN ITALY,재고 없음
BO01X25SS812001,CHLOE',D,BO,mini bag,MADE IN ITALY,재고 없음
143517,PURPLE BRAND,Men,Clothing,Jeans,China,재고 없음
142971,PLAIN,Women,Clothing,Long Dresses,Italy,재고 없음
AB07XS52BN01004,MM6,D,AB,JACKET,MADE IN ITALY,재고 없음
AB07XS52BN01004,MM6,D,AB,JACKET,MADE IN ITALY,재고 없음
148568,DOLCE E GABBANA,Women,Clothing,Long Dresses,Italy,재고 없음
AB07XTEIERAX001,MAX MARA STUDIO,D,AB,JACKET,MADE IN CHINA,재고 없음
AB07XTEIERAX001,MAX MARA STUDIO,D,AB,JACKET,MADE IN CHINA,재고 없음
148711,TORY BURCH,Women,Jewelry,Earrings,China,재고 없음
149447,JACQUEMUS,Men,Accessories,Hats and Gloves,Bulgaria,재고 없음
29492580,UNDER ARMOUR,Man,Clothing,Sweaters,MALAISIA,브랜드 성공 / 카테고리 성공 / 원산지 실패(사유: MALAISIA)
29492580,UNDER ARMOUR,Man,Clothing,Sweaters,MALAISIA,브랜드 성공 / 카테고리 성공 / 원산지 실패(사유: MALAISIA)
29492580,UNDER ARMOUR,Man,Clothing,Sweaters,MALAISIA,브랜드 성공 / 카테고리 성공 / 원산지 실패(사유: MALAISIA)
29492580,UNDER ARMOUR,Man,Clothing,Sweaters,MALAISIA,브랜드 성공 / 카테고리 성공 / 원산지 실패(사유: MALAISIA)
149746,FARM RIO,Women,Clothing,Long Dresses,China,재고 없음
149962,THE ROW,Women,Shoes,Flat Shoes,Italy,재고 없음
BO01XCOPBA01005,COPERNI,D,BO,LEATHER BAG,MADE IN ITALY,재고 없음
BO01XCOPBA01005,COPERNI,D,BO,LEATHER BAG,MADE IN ITALY,재고 없음
150276,GANNI,Women,Clothing,Tshirts and polo shirts,Portugal,재고 없음
150314,CASTANER,Women,Shoes,Wedges,Spain,재고 없음
150374,TELA,Women,Clothing,Skirts,Italy,재고 없음
150620,ROTATE,Women,Clothing,Skirts,China,재고 없음
150758,AGUA BY AGUA BENDITA,Women,Clothing,Dresses,Colombia,재고 없음
150825,JACQUEMUS,Women,Clothing,Tshirts and polo shirts,Portugal,재고 없음
150836,JACQUEMUS,Women,Accessories,Hats and Gloves,Bulgaria,재고 없음
150831,JACQUEMUS,Women,Bags,Tote bags,Marocco,재고 없음
150868,JACQUEMUS,Women,Clothing,Skirts,France,재고 없음
151076,CAREL,Women,Shoes,Ballerinas,,재고 없음
BO09X8BS098X002,FENDI,D,BO,POUCH BAG,MADE IN ITALY,재고 없음
BO09X8BS098X002,FENDI,D,BO,POUCH BAG,MADE IN ITALY,재고 없음
152368,JACQUEMUS,Men,Clothing,Tshirts and polo shirts,Portugal,재고 없음
152854,VIVIENNE WESTWOOD,Women,Accessories,Leather Products,Italy,재고 없음
153485,ANJUNA,Women,Clothing,Long Dresses,,재고 없음
AB02XLIG0004003,SAINT BARTH,U,AB,BEACHWEAR,MADE IN CHINA,재고 없음
AB02XLIG0004003,SAINT BARTH,U,AB,BEACHWEAR,MADE IN CHINA,재고 없음
CA03CX4X659X001,EMPORIO ARMANI,U,CA,SNEAKERS Colore unico,MADE IN VIETNAM,재고 없음
CA03CX4X659X001,EMPORIO ARMANI,U,CA,SNEAKERS Colore unico,MADE IN VIETNAM,재고 없음
153576,HERNO,Women,Clothing,Tops,Bulgaria,재고 없음
AB11XD300792001,P.A.R.O.S.H.,D,AB,KNITWEAR,MADE IN INDIA,재고 없음
AB11XD300792001,P.A.R.O.S.H.,D,AB,KNITWEAR,MADE IN INDIA,재고 없음
AB02XBI005BX001,VENUJA,D,AB,BEACHWEAR,MADE IN ITALY,재고 없음
AB02XBI005BX001,VENUJA,D,AB,BEACHWEAR,MADE IN ITALY,재고 없음
AB04XWRIA002003,ETRO,D,AB,SHIRT,MADE IN ITALY,재고 없음
AB04XWRIA002003,ETRO,D,AB,SHIRT,MADE IN ITALY,재고 없음
AB11XVELOCEX003,MAX MARA,D,AB,KNITWEAR,MADE IN EXTRA UE,재고 없음
AB11XVELOCEX003,MAX MARA,D,AB,KNITWEAR,MADE IN EXTRA UE,재고 없음
154390,P.A.R.O.S.H.,Women,Clothing,Trousers,Italy,재고 없음
154514,FENDI,Women,Accessories,Belts,Italy,재고 없음
154502,FENDI,Women,Bags,Mini Bags,Italy,재고 없음
154688,DUNST,Women,Clothing,Jersey,Korea,재고 없음
154879,THE ROW,Women,Clothing,Skirts,Italy,재고 없음
AB03CP25PB19001,IL GUFO,K,AB,SHORT Colore unico,MADE IN ITALY,재고 없음
AB03CP25PB19001,IL GUFO,K,AB,SHORT Colore unico,MADE IN ITALY,재고 없음
AB07X650116X001,STELLA MCCARTNEY,D,AB,JACKET,MADE IN POLAND,재고 없음
AB04X823673X001,SAINT LAURENT,D,AB,SHIRT,MADE IN ITALY,재고 없음
AB04X823673X001,SAINT LAURENT,D,AB,SHIRT,MADE IN ITALY,재고 없음
155096,MARGESHERWOOD,Women,Bags,Shoulder bags,South Korea,재고 없음
155130,ROTATE,Women,Clothing,Long Dresses,China,재고 없음
AB07CEM00043001,EMPORIO ARMANI,U,AB,JACKET Colore unico,,재고 없음
AB07CEM00043001,EMPORIO ARMANI,U,AB,JACKET Colore unico,,재고 없음
AB07X823616X001,SAINT LAURENT,D,AB,JACKET,,재고 없음
AB07X823616X001,SAINT LAURENT,D,AB,JACKET,,재고 없음
30313959,MC2 Saint Barth,Man,Clothing,Sea clothing,China,원가 없음 또는 0원
30313959,MC2 Saint Barth,Man,Clothing,Sea clothing,China,원가 없음 또는 0원
30313959,MC2 Saint Barth,Man,Clothing,Sea clothing,China,원가 없음 또는 0원
30313959,MC2 Saint Barth,Man,Clothing,Sea clothing,China,원가 없음 또는 0원
30313959,MC2 Saint Barth,Man,Clothing,Sea clothing,China,원가 없음 또는 0원
30313959,MC2 Saint Barth,Man,Clothing,Sea clothing,China,원가 없음 또는 0원
AB01XJ02CT04001,JIL SANDER,D,AB,DRESS,MADE IN ITALY,재고 없음
AB01XJ02CT04001,JIL SANDER,D,AB,DRESS,MADE IN ITALY,재고 없음
155143,HUNZA G,Women,Clothing,Beachwear,Morocco,재고 없음
AB04C8N1CG1X007,EMPORIO ARMANI,U,AB,SHIRT Colore unico,MADE IN CHINA,재고 없음
AB04C8N1CG1X007,EMPORIO ARMANI,U,AB,SHIRT Colore unico,MADE IN CHINA,재고 없음
155194,VALENTINO,Men,Clothing,Jeans,Italy,재고 없음
AB11XLTAT24A006,TATRAS,D,AB,KNITWEAR,MADE IN CHINA,재고 없음
AB11XLTAT24A006,TATRAS,D,AB,KNITWEAR,MADE IN CHINA,재고 없음
155255,FERRAGAMO,Women,Bags,Tote bags,Italy,재고 없음
155411,MICHAEL MICHAEL KORS,Women,Bags,Hand bags,Vietnam,재고 없음
155479,HAIKURE,Women,Clothing,Jeans,Italy,재고 없음
AB04X6B3AB78001,VALENTINO,D,AB,SHIRT,,재고 없음
AB04X6B3AB78001,VALENTINO,D,AB,SHIRT,,재고 없음
AB07XH225GEB001,HEBE STUDIO,D,AB,JACKET,MADE IN ITALY,재고 없음
AB07XH225GEB001,HEBE STUDIO,D,AB,JACKET,MADE IN ITALY,재고 없음
155927,PLAIN,Women,Clothing,Blazers,Italy,재고 없음
AB11CEM00067002,EMPORIO ARMANI,U,AB,KNITWEAR Colore unico,MADE IN CHINA,재고 없음
AB11CEM00067002,EMPORIO ARMANI,U,AB,KNITWEAR Colore unico,MADE IN CHINA,재고 없음
AB03XK1S15B1010,STONE ISLAND,U,AB,SHORT,MADE IN INDONESIA,재고 없음
156407,MOSCHINO KIDS,Baby girl,Clothing,Skirts,China,재고 없음
AB01X251DR23001,JACQUEMUS,D,AB,DRESS,,재고 없음
AB01X251DR23001,JACQUEMUS,D,AB,DRESS,,재고 없음
AB01X251DR24001,JACQUEMUS,D,AB,DRESS,MADE IN PORTUGAL,재고 없음
AB01X251DR24001,JACQUEMUS,D,AB,DRESS,MADE IN PORTUGAL,재고 없음
AB04CK1S1612002,STONE ISLAND,K,AB,SHIRT Colore unico,MADE IN ITALY,재고 없음
AB04CK1S1612002,STONE ISLAND,K,AB,SHIRT Colore unico,MADE IN ITALY,재고 없음
156920,GUCCI,Women,Clothing,Blazers,,재고 없음
AB01X251DR22003,JACQUEMUS,D,AB,DRESS,MADE IN BULGARIA,재고 없음
AB01X251DR22003,JACQUEMUS,D,AB,DRESS,MADE IN BULGARIA,재고 없음
156934,GUCCI,Women,Accessories,Scarfs and foulards,Italy,재고 없음
156912,FARM RIO,Women,Clothing,Dresses,,재고 없음
156990,MABE,Women,Clothing,Shirts and blouses,,재고 없음
AB01XPS2460X001,COSTARELLOS,D,AB,DRESS,MADE IN GREECE,재고 없음
AB01XPS2460X001,COSTARELLOS,D,AB,DRESS,MADE IN GREECE,재고 없음
AB01XHT0637F001,ISABEL MARANT,D,AB,DRESS,MADE IN INDIA,재고 없음
AB01XHT0637F001,ISABEL MARANT,D,AB,DRESS,MADE IN INDIA,재고 없음
157022,TWENTY FOURHAITCH,Women,Bags,Hand bags,,재고 없음
AB02XLIGHTIN080,SAINT BARTH,U,AB,BEACHWEAR,MADE IN CHINA,재고 없음
AB02XLIGHTIN080,SAINT BARTH,U,AB,BEACHWEAR,MADE IN CHINA,재고 없음
AB02XGLORIAX001,HUNZA G,D,AB,BEACHWEAR,MADE IN MOROCCO,재고 없음
AB03CKS10230006,KONGES SLOJD,K,AB,SHORT,MADE IN CHINA,재고 없음
AB03CKS10230006,KONGES SLOJD,K,AB,SHORT,MADE IN CHINA,재고 없음
AB03CC20602_001,CHLOE',K,AB,SHORT Colore unico,MADE IN TUNISIA,재고 없음
AB03CC20602_001,CHLOE',K,AB,SHORT Colore unico,MADE IN TUNISIA,재고 없음
AB06XSDN01XX001,BLAZE,D,AB,DENIM,MADE IN ITALY,재고 없음
AB06XSDN01XX001,BLAZE,D,AB,DENIM,MADE IN ITALY,재고 없음
CA05X1009527001,BIRKENSTOCK,D,CA,SANDALS,MADE IN GERMANY,재고 없음
AB13CEW00149002,EMPORIO ARMANI,D,AB,TROUSERS Colore unico,,재고 없음
AB13CEW00149002,EMPORIO ARMANI,D,AB,TROUSERS Colore unico,,재고 없음
AB03CS5DIJBB003,DIADORA,K,AB,SHORT Colore unico,,재고 없음
AB03CS5DIJBB003,DIADORA,K,AB,SHORT Colore unico,,재고 없음
AB04X788991X001,GUCCI,D,AB,SHIRT,MADE IN ITALY,재고 없음
AB04X788991X001,GUCCI,D,AB,SHIRT,MADE IN ITALY,재고 없음
157594,SILVIA GNECCHI,Women,Jewelry,Necklaces,,재고 없음
26889556,,Unisex,Homeware,Living,Italia,브랜드 실패(사유: None) / 카테고리 성공 / 원산지 성공
26889556,,Unisex,Homeware,Living,Italia,브랜드 실패(사유: None) / 카테고리 성공 / 원산지 성공
26889556,,Unisex,Homeware,Living,Italia,브랜드 실패(사유: None) / 카테고리 성공 / 원산지 성공
26889556,,Unisex,Homeware,Living,Italia,브랜드 실패(사유: None) / 카테고리 성공 / 원산지 성공
26889556,,Unisex,Homeware,Living,Italia,브랜드 실패(사유: None) / 카테고리 성공 / 원산지 성공
26889556,,Unisex,Homeware,Living,Italia,브랜드 실패(사유: None) / 카테고리 성공 / 원산지 성공
157601,SILVIA GNECCHI,Women,Jewelry,Necklaces,Italy,재고 없음
157609,SILVIA GNECCHI,Women,Jewelry,Necklaces,Italy,재고 없음
157610,SILVIA GNECCHI,Women,Jewelry,Necklaces,Italy,재고 없음
157633,ERES,Women,Clothing,Beachwear,,재고 없음
AB02CKS10249001,KONGES SLOJD,K,AB,BEACHWEAR,MADE IN CHINA,재고 없음
AB02CKS10249001,KONGES SLOJD,K,AB,BEACHWEAR,MADE IN CHINA,재고 없음
157747,STONE ISLAND KIDS,Baby boy,Clothing,Tshirts and polo shirts,Tunisia,원가 없음 또는 0원
AB02X820749X001,GUCCI,D,AB,BEACHWEAR,,재고 없음
AB02X820749X001,GUCCI,D,AB,BEACHWEAR,,재고 없음
157904,BOTTEGA VENETA,Women,Bags,Hand bags,Italy,재고 없음
158154,CELINE,Women,Bags,Hand bags,Italy,재고 없음
AB03CM01329X001,MARNI,K,AB,SHORT Colore unico,MADE IN BULGARIA,재고 없음
AB03CM01329X001,MARNI,K,AB,SHORT Colore unico,MADE IN BULGARIA,재고 없음
158014,VALENTINO GARAVANI,Women,Jewelry,Bracelet,,재고 없음
AB04XSWC0088001,SEAFARER,D,AB,SHIRT,MADE IN ITALY,재고 없음
AB04XSWC0088001,SEAFARER,D,AB,SHIRT,MADE IN ITALY,재고 없음
AB06X815185X001,GUCCI,D,AB,DENIM,MADE IN ITALY,재고 없음
AB06X815185X001,GUCCI,D,AB,DENIM,MADE IN ITALY,재고 없음
AB07XCOPBL28001,COPERNI,D,AB,JACKET,,재고 없음
AB07XCOPBL28001,COPERNI,D,AB,JACKET,,재고 없음
AB02X042509X001,ERES,D,AB,BEACHWEAR,MADE IN ITALY,재고 없음
158565,SEMICOUTURE,Women,Clothing,Shirts and blouses,Italy,재고 없음
AB09X250WCR0001,THE ATTICO,D,AB,SKIRT,MADE IN ITALY,재고 없음
AB09X250WCR0001,THE ATTICO,D,AB,SKIRT,MADE IN ITALY,재고 없음
AB07X3WHGG12001,GIORGIO ARMANI,D,AB,JACKET,MADE IN ITALY,재고 없음
AB07X3WHGG12001,GIORGIO ARMANI,D,AB,JACKET,MADE IN ITALY,재고 없음
158612,MC2 SAINT BARTH KIDS,Baby boy,Clothing,Tshirts and polo shirts,Portugal,재고 없음
AB01X6B3VAEP001,VALENTINO,D,AB,DRESS,,재고 없음
AB01X6B3VAEP001,VALENTINO,D,AB,DRESS,,재고 없음
158659,MC2 SAINT BARTH KIDS,Baby girl,Bags,Hand bags,China,재고 없음
158668,MC2 SAINT BARTH KIDS,Baby girl,Clothing,Beachwear,,재고 없음
AB13CEM00012001,EMPORIO ARMANI,U,AB,TROUSERS Colore unico,MADE IN EGYPT,재고 없음
AB13CEM00012001,EMPORIO ARMANI,U,AB,TROUSERS Colore unico,MADE IN EGYPT,재고 없음
AB10X18CMTS1004,CP COMPANY,U,AB,JERSEY,MADE IN CHINA,재고 없음
AB10X18CMTS1004,CP COMPANY,U,AB,JERSEY,MADE IN CHINA,재고 없음
29006390,,Unisex,Accessories,Accessories,,원가 없음 또는 0원
29006390,,Unisex,Accessories,Accessories,,원가 없음 또는 0원
29006390,,Unisex,Accessories,Accessories,,원가 없음 또는 0원
29006390,,Unisex,Accessories,Accessories,,원가 없음 또는 0원
29006390,,Unisex,Accessories,Accessories,,원가 없음 또는 0원
29006390,,Unisex,Accessories,Accessories,,원가 없음 또는 0원
AB08XS50FB01001,MAISON MARGIELA,D,AB,VEST,MADE IN ITALY,재고 없음
AB08XS50FB01001,MAISON MARGIELA,D,AB,VEST,MADE IN ITALY,재고 없음
AB23CS05GSWK002,BONPOINT,K,AB,SWEATSHIRT Colore unico,MADE IN INDIA,재고 없음
AB23CS05GSWK002,BONPOINT,K,AB,SWEATSHIRT Colore unico,MADE IN INDIA,재고 없음
159433,BOTTEGA VENETA,Women,Bags,Clutches and pochettes,Italy,재고 없음
159472,BOTTEGA VENETA,Women,Bags,Hand bags,,재고 없음
29006549,,Unisex,Accessories,Accessories,,원가 없음 또는 0원
29006549,,Unisex,Accessories,Accessories,,원가 없음 또는 0원
29006549,,Unisex,Accessories,Accessories,,원가 없음 또는 0원
29006549,,Unisex,Accessories,Accessories,,원가 없음 또는 0원
29006549,,Unisex,Accessories,Accessories,,원가 없음 또는 0원
29006549,,Unisex,Accessories,Accessories,,원가 없음 또는 0원
AB13X818541X001,GUCCI,D,AB,TROUSERS,,재고 없음
AB13X818541X001,GUCCI,D,AB,TROUSERS,,재고 없음
AB11XLTAT24A004,TATRAS,D,AB,KNITWEAR,MADE IN CHINA,재고 없음
AB11XLTAT24A004,TATRAS,D,AB,KNITWEAR,MADE IN CHINA,재고 없음
AB02XCAP0001001,SAINT BARTH,U,AB,BEACHWEAR,MADE IN CHINA,재고 없음
AB02XCAP0001001,SAINT BARTH,U,AB,BEACHWEAR,MADE IN CHINA,재고 없음
160061,ISABEL MARANT,Women,Clothing,Shirts and blouses,India,재고 없음
AB02XJULIAXX002,HUNZA G,D,AB,BEACHWEAR,MADE IN MAROCCO,재고 없음
AB02XJULIAXX002,HUNZA G,D,AB,BEACHWEAR,MADE IN MAROCCO,재고 없음
AB18X381XXXX002,EXTREME CASHMERE,D,AB,TOP,MADE IN CHINA,재고 없음
AB18X381XXXX002,EXTREME CASHMERE,D,AB,TOP,MADE IN CHINA,재고 없음
160971,VERSACE,Men,Accessories,Scarfs and foulards,Italy,재고 없음
161719,SOSUE,Women,Clothing,Shirts and blouses,,재고 없음
AB07XJ-PARIG003,TAGLIATORE,D,AB,JACKET,MADE IN ITALY,재고 없음
AB07XJ-PARIG003,TAGLIATORE,D,AB,JACKET,MADE IN ITALY,재고 없음
162058,YVMIN X SHUSHU TONG,Women,Jewelry,Necklaces,,재고 없음
162166,MERCI,Women,Clothing,Blazers,Italy,재고 없음
162179,MERCI,Women,Clothing,Blazers,,재고 없음
162360,ME369,Women,Accessories,Scarfs and foulards,China,재고 없음
162362,ME369,Women,Clothing,Trousers,China,재고 없음
162405,PLAIN,Women,Clothing,Trousers,,재고 없음
AB13XBG25170001,BUTTER GOODS,U,AB,TROUSERS,,재고 없음
AB13XBG25170001,BUTTER GOODS,U,AB,TROUSERS,,재고 없음
AB13XGWP0179001,GOLDEN GOOSE,D,AB,TROUSERS,MADE IN ITALY,재고 없음
AB13XGWP0179001,GOLDEN GOOSE,D,AB,TROUSERS,MADE IN ITALY,재고 없음
AB13XS62LB01003,MM6,D,AB,TROUSERS,MADE IN ITALY,재고 없음
AB13XS62LB01003,MM6,D,AB,TROUSERS,MADE IN ITALY,재고 없음
AB13XWRNB000002,ETRO,D,AB,TROUSERS,MADE IN ITALY,재고 없음
AB13XWRNB000002,ETRO,D,AB,TROUSERS,MADE IN ITALY,재고 없음
163209,FEDERICA TOSI,Women,Jewelry,Necklaces,,재고 없음
BO01XXBWAPAT019,TODS,D,BO,LEATHER BAG,MADE IN ITALY,재고 없음
BO01XXBWAPAT019,TODS,D,BO,LEATHER BAG,MADE IN ITALY,재고 없음
150855,JACQUEMUS,Women,Clothing,Tshirts and polo shirts,Portugal,재고 없음
163229,MERCI,Women,Clothing,Shirts and blouses,,재고 없음
AB01X254612X001,CHARO RUIZ,D,AB,DRESS,MADE IN PORTUGAL,재고 없음
AB01X254612X001,CHARO RUIZ,D,AB,DRESS,MADE IN PORTUGAL,재고 없음
163386,BURBERRY,Women,Accessories,Scarfs and foulards,England,재고 없음
AB03CK1S1662002,STONE ISLAND,K,AB,SHORT Colore unico,,재고 없음
AB03CK1S1662002,STONE ISLAND,K,AB,SHORT Colore unico,,재고 없음
164226,LONGCHAMP,Women,Bags,Hand bags,Tunisia,재고 없음
AB13XHTR450X001,AMI,U,AB,TROUSERS,MADE IN PORTUGAL,재고 없음
AB13XHTR450X001,AMI,U,AB,TROUSERS,MADE IN PORTUGAL,재고 없음
164909,GUCCI,Women,Bags,Shoulder bags,Italy,재고 없음
165176,OBIDI,Women,Clothing,Shirts and blouses,Italy,재고 없음
AB25CDW2P77X001,DOUDOU,K,AB,WINDBREAKER Colore unico,MADE IN TURKEY,재고 없음
AB25CDW2P77X001,DOUDOU,K,AB,WINDBREAKER Colore unico,MADE IN TURKEY,재고 없음
165301,FEDERICO CINA,Women,Bags,Hand bags,,재고 없음
165251,AMIRI,Men,Accessories,Hats and Gloves,United states,재고 없음
165362,LONGCHAMP,Women,Accessories,Leather Products,China,재고 없음
AB13X824146X001,GUCCI,U,AB,TROUSERS,,재고 없음
AB13X824146X001,GUCCI,U,AB,TROUSERS,,재고 없음
AB13XA16693X001,DIESEL,U,AB,TROUSERS,MADE IN CHINA,재고 없음
AB13XA16693X001,DIESEL,U,AB,TROUSERS,MADE IN CHINA,재고 없음
AB13XA9079BX001,AGOLDE,D,AB,TROUSERS,MADE IN TURKEY,재고 없음
AB13XA9079BX001,AGOLDE,D,AB,TROUSERS,MADE IN TURKEY,재고 없음
AB03CM60280X001,MM6,K,AB,SHORT Colore unico,MADE IN TUNISIA,재고 없음
AB03CM60280X001,MM6,K,AB,SHORT Colore unico,MADE IN TUNISIA,재고 없음
116341,SABINA MUSAYEV,Women,Clothing,Dresses,Israele,브랜드 실패(사유: SABINA MUSAYEV) / 카테고리 성공 / 원산지 실패(사유: Israele)
145139,CHLOÉ KIDS,Unisex bab,Clothing,Jersey,China,브랜드 실패(사유: CHLOÉ KIDS) / 카테고리 성공 / 원산지 성공
166075,BIRKENSTOCK KIDS,Baby girl,Shoes,Flat Shoes,,재고 없음
159025,BA&SH,Women,Clothing,Dresses,India,브랜드 실패(사유: BA&SH) / 카테고리 성공 / 원산지 성공
31121926,ADIDAS X AVAVAV,Unisex,Clothing,Underwear,China,브랜드 실패(사유: ADIDAS X AVAVAV) / 카테고리 성공 / 원산지 성공
31121926,ADIDAS X AVAVAV,Unisex,Clothing,Underwear,China,브랜드 실패(사유: ADIDAS X AVAVAV) / 카테고리 성공 / 원산지 성공
31121926,ADIDAS X AVAVAV,Unisex,Clothing,Underwear,China,브랜드 실패(사유: ADIDAS X AVAVAV) / 카테고리 성공 / 원산지 성공
31121926,ADIDAS X AVAVAV,Unisex,Clothing,Underwear,China,브랜드 실패(사유: ADIDAS X AVAVAV) / 카테고리 성공 / 원산지 성공
166341,BALENCIAGA,Men,Clothing,Outerwear,Italy ,재고 없음
AB07XCOPBL30001,COPERNI,D,AB,JACKET,MADE IN ITALY,재고 없음
AB07XCOPBL30001,COPERNI,D,AB,JACKET,MADE IN ITALY,재고 없음
166588,AUTRY,Women,Shoes,Sneakers,,재고 없음
AB22XAA9H043004,ALAIA,D,AB,T-SHIRT,MADE IN ITALY,재고 없음
AB22XAA9H043004,ALAIA,D,AB,T-SHIRT,MADE IN ITALY,재고 없음
AL12X823486X001,GUCCI,D,AL,WOMEN SILK,MADE IN ITALY,재고 없음
AL12X823486X001,GUCCI,D,AL,WOMEN SILK,MADE IN ITALY,재고 없음
AB31CK19541A040,MONCLER,K,AB,DOWNJACKET Colore unico,MADE IN ARMENIA,재고 없음
AB31CK19541A040,MONCLER,K,AB,DOWNJACKET Colore unico,MADE IN ARMENIA,재고 없음
166930,FENDI KIDS,Baby boy,Accessories,Hats and Gloves,,재고 없음
AB22XFY0985X003,FENDI,U,AB,T-SHIRT,MADE IN ITALY,재고 없음
AB22XFY0985X003,FENDI,U,AB,T-SHIRT,MADE IN ITALY,재고 없음
AB22XG8RZ2TX001,DOLCE&GABBANA,U,AB,T-SHIRT,MADE IN ITALY,재고 없음
AB22XG8RZ2TX001,DOLCE&GABBANA,U,AB,T-SHIRT,MADE IN ITALY,재고 없음
26890422,Levi's,Woman,Clothing,Shorts,Turkey; Sri Lanka,브랜드 성공 / 카테고리 성공 / 원산지 실패(사유: Turkey; Sri Lanka)
26890422,Levi's,Woman,Clothing,Shorts,Turkey; Sri Lanka,브랜드 성공 / 카테고리 성공 / 원산지 실패(사유: Turkey; Sri Lanka)
26890422,Levi's,Woman,Clothing,Shorts,Turkey; Sri Lanka,브랜드 성공 / 카테고리 성공 / 원산지 실패(사유: Turkey; Sri Lanka)
26890422,Levi's,Woman,Clothing,Shorts,Turkey; Sri Lanka,브랜드 성공 / 카테고리 성공 / 원산지 실패(사유: Turkey; Sri Lanka)
AB01X208424X001,MAGDA BUTRYM,D,AB,DRESS,MADE IN POLAND,재고 없음
AB01X208424X001,MAGDA BUTRYM,D,AB,DRESS,MADE IN POLAND,재고 없음
167496,SAINT LAURENT,Women,Accessories,Leather Products,Italy,재고 없음
AB01X1125WDR005,VICTORIA BECKHAM,D,AB,DRESS,MADE IN PORTUGAL,재고 없음
AB01X1125WDR005,VICTORIA BECKHAM,D,AB,DRESS,MADE IN PORTUGAL,재고 없음
167993,ZIMMERMANN,Women,Bags,Shoulder bags,,재고 없음
AB01X25URO37001,CHLOE',D,AB,DRESS,MADE IN FRANCE,재고 없음
AB01X25URO37001,CHLOE',D,AB,DRESS,MADE IN FRANCE,재고 없음
87896,SAINT LAURENT,Men,Accessories,Hats and Gloves,Italy,재고 없음
AL04XWENGENX006,SAINT BARTH,U,AL,HAT,MADE IN CHINA,재고 없음
AL04XWENGENX006,SAINT BARTH,U,AL,HAT,MADE IN CHINA,재고 없음
AL04X2514571004,MAX MARA,D,AL,HAT,MADE IN ITALY,재고 없음
AL04X2514571004,MAX MARA,D,AL,HAT,MADE IN ITALY,재고 없음
AB04XKNUTXXX001,MAX MARA,D,AB,SHIRT,MADE IN EXTRA UE,재고 없음
AB04XKNUTXXX001,MAX MARA,D,AB,SHIRT,MADE IN EXTRA UE,재고 없음
111755,NANUSHKA,Men,Clothing,Trousers,Hungary,재고 없음
115630,GUCCI,Women,Shoes,Heels,Italy           ,재고 없음
118952,BOTTEGA VENETA,Women,Accessories,Sunglasses,Japan,재고 없음
123960,FERRAGAMO,Women,Shoes,Heels,Italy,재고 없음
125152,BALENCIAGA,Women,Clothing,Outerwear,Italy      ,재고 없음
128644,BOTTEGA VENETA,Women,Bags,Crossbody Bags,Italy,재고 없음
AB22CM60807X001,MM6,K,AB,T-SHIRT Colore unico,MADE IN PORTUGAL,재고 없음
AB22CM60807X001,MM6,K,AB,T-SHIRT Colore unico,MADE IN PORTUGAL,재고 없음
AB08XK1S15G1002,STONE ISLAND,U,AB,VEST,MADE IN VIETNAM,재고 없음
AB08XK1S15G1002,STONE ISLAND,U,AB,VEST,MADE IN VIETNAM,재고 없음
AB31CK19541A020,MONCLER,K,AB,DOWNJACKET Colore unico,MADE IN MOLDOVA,재고 없음
AB31CK19541A020,MONCLER,K,AB,DOWNJACKET Colore unico,MADE IN MOLDOVA,재고 없음
86412,GIVENCHY,Women,Clothing,Dresses,France,재고 없음
AB31XK1S1512002,STONE ISLAND,U,AB,DOWNJACKET,MADE IN ITALY,재고 없음
AB31XK1S1512002,STONE ISLAND,U,AB,DOWNJACKET,MADE IN ITALY,재고 없음
AB31XPI1304D006,HERNO,D,AB,DOWNJACKET,MADE IN POLAND,재고 없음
AB31XPI1304D006,HERNO,D,AB,DOWNJACKET,MADE IN POLAND,재고 없음
AB31XK109U1A004,MONCLER X FRAGMENT,U,AB,DOWNJACKET,MADE IN ROMANIA,재고 없음
AB31XK109U1A004,MONCLER X FRAGMENT,U,AB,DOWNJACKET,MADE IN ROMANIA,재고 없음
107185,STEPHAN JANSON,Women,Clothing,Shirts and blouses,Italy,재고 없음
AB10CCNM00LX002,CP COMPANY,K,AB,JERSEY Colore unico,,재고 없음
AB10CCNM00LX002,CP COMPANY,K,AB,JERSEY Colore unico,,재고 없음
119421,MISSONI HOME,home,Textiles,Cushions,Italy,재고 없음
AB31X18CMOW0002,CP COMPANY,U,AB,DOWNJACKET,MADE IN CHINA,재고 없음
AB31X18CMOW0002,CP COMPANY,U,AB,DOWNJACKET,MADE IN CHINA,재고 없음
121809,MONCLER GRENOBLE,Women,Accessories,Hats and Gloves,Italy,재고 없음
AL04XYOGAHEL001,IDEA,U,AL,HAT,MADE IN CHINA,재고 없음
AL04XYOGAHEL001,IDEA,U,AL,HAT,MADE IN CHINA,재고 없음
AL02XC24AFO6001,CHLOE',D,AL,JEWELLERY,MADE IN ITALY,재고 없음
AL02XC24AFO6001,CHLOE',D,AL,JEWELLERY,MADE IN ITALY,재고 없음
127037,JACQUEMUS,Women,Clothing,Skirts,Bulgaria,재고 없음
BO09XALIN001002,SAINT BARTH,U,BO,POUCH BAG,MADE IN CHINA,재고 없음
BO09XALIN001002,SAINT BARTH,U,BO,POUCH BAG,MADE IN CHINA,재고 없음
AB02X250WCR0001,THE ATTICO,D,AB,BEACHWEAR,MADE IN ITALY,재고 없음
AB02X250WCR0001,THE ATTICO,D,AB,BEACHWEAR,MADE IN ITALY,재고 없음
BO01X34178XX002,LONGCHAMP,D,BO,LEATHER BAG,MADE IN TUNISIA,재고 없음
BO01X34178XX002,LONGCHAMP,D,BO,LEATHER BAG,MADE IN TUNISIA,재고 없음
133898,P.A.R.O.S.H.,Women,Clothing,Long Dresses,Italy,재고 없음
135306,MAISON KITSUNE,Men,Clothing,Shirts and blouses,Lituania,재고 없음
AB04CM60511X001,MM6,K,AB,SHIRT Colore unico,MADE IN INDIA,재고 없음
AB04CM60511X001,MM6,K,AB,SHIRT Colore unico,MADE IN INDIA,재고 없음
AB01X105085X001,PINKO,D,AB,DRESS,MADE IN TURKEY,재고 없음
AB01X105085X001,PINKO,D,AB,DRESS,MADE IN TURKEY,재고 없음
AB04X52567XX001,PATAGONIA,U,AB,SHIRT,MADE IN VIETNAM,재고 없음
AB03XK14018H001,MONCLER X MERCEDES-BENZ BY NIGO,U,AB,SHORT,MADE IN TURKEY,재고 없음
AB03XK14018H001,MONCLER X MERCEDES-BENZ BY NIGO,U,AB,SHORT,MADE IN TURKEY,재고 없음
AB03XNF0A8BJ001,THE NORTH FACE,U,AB,SHORT,MADE IN CAMBOGIA,재고 없음
AB03XNF0A8BJ001,THE NORTH FACE,U,AB,SHORT,MADE IN CAMBOGIA,재고 없음
BO01X5C01000005,VIVIENNE WESTWOOD,D,BO,LEATHER BAG,MADE IN ITALY,재고 없음
BO01X5C01000005,VIVIENNE WESTWOOD,D,BO,LEATHER BAG,MADE IN ITALY,재고 없음
AL02X735915X002,ALEXANDER MCQUEEN,U,AL,JEWELLERY,,재고 없음
AL02X735915X002,ALEXANDER MCQUEEN,U,AL,JEWELLERY,,재고 없음
PP07XJ07UI00009,JIL SANDER,D,PP,WALLET,MADE IN IRELAND,재고 없음
PP07XJ07UI00009,JIL SANDER,D,PP,WALLET,MADE IN IRELAND,재고 없음
AB23CM01424X001,MARNI,K,AB,SWEATSHIRT Colore unico,MADE IN PORTUGAL,재고 없음
AB23CM01424X001,MARNI,K,AB,SWEATSHIRT Colore unico,MADE IN PORTUGAL,재고 없음
139698,BOTTEGA VENETA,Men,Clothing,Tshirts and polo shirts,Italy ,재고 없음
AB02XCAP0001002,SAINT BARTH,U,AB,BEACHWEAR,MADE IN CHINA,재고 없음
AB02XCAP0001002,SAINT BARTH,U,AB,BEACHWEAR,MADE IN CHINA,재고 없음
AB04XPMGG00A001,PALM ANGELS,U,AB,SHIRT,MADE IN BULGARIA,재고 없음
AB04XPMGG00A001,PALM ANGELS,U,AB,SHIRT,MADE IN BULGARIA,재고 없음
140522,NEW BALANCE,Women,Shoes,Sneakers,Vietnam,재고 없음
140734,JACOB COHEN,Men,Clothing,Jeans,Italy,재고 없음
AB04XA14634X001,DIESEL,U,AB,SHIRT,MADE IN TURKEY,재고 없음
AB04XA14634X001,DIESEL,U,AB,SHIRT,MADE IN TURKEY,재고 없음
AB04XGW00110001,GIORGIO ARMANI,D,AB,SHIRT,MADE IN ITALY,재고 없음
AB04XGW00110001,GIORGIO ARMANI,D,AB,SHIRT,MADE IN ITALY,재고 없음
CA03X662654X002,ALEXANDER MCQUEEN,U,CA,SNEAKERS,MADE IN ITALY,재고 없음
CA03X662654X002,ALEXANDER MCQUEEN,U,CA,SNEAKERS,MADE IN ITALY,재고 없음
AB07X104877X001,PINKO,D,AB,JACKET,MADE IN INDIA,재고 없음
AB07X104877X001,PINKO,D,AB,JACKET,MADE IN INDIA,재고 없음
AB07X8104102001,BURBERRY,U,AB,JACKET,MADE IN ROMANIA,재고 없음
AB07X8104102001,BURBERRY,U,AB,JACKET,MADE IN ROMANIA,재고 없음
AB09CP25GN22002,IL GUFO,K,AB,SKIRT Colore unico,MADE IN ITALY,재고 없음
AB09CP25GN22002,IL GUFO,K,AB,SKIRT Colore unico,MADE IN ITALY,재고 없음
CA03CX4X264X004,EMPORIO ARMANI,U,CA,SNEAKERS Colore unico,,재고 없음
CA03CX4X264X004,EMPORIO ARMANI,U,CA,SNEAKERS Colore unico,,재고 없음
AB10X18CMTS1003,CP COMPANY,U,AB,JERSEY,MADE IN CHINA,재고 없음
AB10X18CMTS1003,CP COMPANY,U,AB,JERSEY,MADE IN CHINA,재고 없음
AB11CK19548M007,MONCLER,K,AB,KNITWEAR Colore unico,MADE IN TURKEY,재고 없음
AB11CK19548M007,MONCLER,K,AB,KNITWEAR Colore unico,MADE IN TURKEY,재고 없음
143140,COPERNI,Women,Clothing,Shirts and blouses,Bulgaria,재고 없음
AB13CK1S1631002,STONE ISLAND,K,AB,TROUSERS Colore unico,MADE IN TUNISIA,재고 없음
AB13CK1S1631002,STONE ISLAND,K,AB,TROUSERS Colore unico,MADE IN TUNISIA,재고 없음
AB13COBCH005003,OFF WHITE,K,AB,TROUSERS Colore unico,MADE IN PORTUGAL,재고 없음
AB13COBCH005003,OFF WHITE,K,AB,TROUSERS Colore unico,MADE IN PORTUGAL,재고 없음
AB13CEW00168001,EMPORIO ARMANI,D,AB,TROUSERS Colore unico,MADE IN ROMANIA,재고 없음
AB13CEW00168001,EMPORIO ARMANI,D,AB,TROUSERS Colore unico,MADE IN ROMANIA,재고 없음
AB13CM60734X001,MM6,K,AB,TROUSERS Colore unico,MADE IN CHINA,재고 없음
AB13CM60734X001,MM6,K,AB,TROUSERS Colore unico,MADE IN CHINA,재고 없음
AB10X18CMTS1008,CP COMPANY,U,AB,JERSEY,MADE IN ITALY,재고 없음
AB10X18CMTS1008,CP COMPANY,U,AB,JERSEY,MADE IN ITALY,재고 없음
AB09XJU0193F001,ISABEL MARANT,D,AB,SKIRT,MADE IN INDIA,재고 없음
AB09XJU0193F001,ISABEL MARANT,D,AB,SKIRT,MADE IN INDIA,재고 없음
AB11CP25GF44003,IL GUFO,K,AB,KNITWEAR Colore unico,MADE IN ITALY,재고 없음
AB11CP25GF44003,IL GUFO,K,AB,KNITWEAR Colore unico,MADE IN ITALY,재고 없음
AB11XK2341XX001,GANNI,D,AB,KNITWEAR,MADE IN CHINA,재고 없음
AB11XK2341XX001,GANNI,D,AB,KNITWEAR,MADE IN CHINA,재고 없음
AB04XCALLASX001,MAX MARA,D,AB,SHIRT,MADE IN ITALY,재고 없음
AB04XCALLASX001,MAX MARA,D,AB,SHIRT,MADE IN ITALY,재고 없음
AB13XJD0783X001,ADIDAS ORIGINALS,D,AB,TROUSERS,MADE IN INDONESIA,재고 없음
AB13XJD0783X001,ADIDAS ORIGINALS,D,AB,TROUSERS,MADE IN INDONESIA,재고 없음
AB08XNF0A8BK001,THE NORTH FACE,U,AB,VEST,MADE IN VIETNAM,재고 없음
AB08XNF0A8BK001,THE NORTH FACE,U,AB,VEST,MADE IN VIETNAM,재고 없음
AB03X824267X002,GUCCI,U,AB,SHORT,,재고 없음
AB03X824267X002,GUCCI,U,AB,SHORT,,재고 없음
145657,LONGCHAMP,Women,Bags,Crossbody Bags,France,재고 없음
AB03XP25SP02001,PLEASURES,U,AB,SHORT,MADE IN CHINA,재고 없음
AB03XP25SP02001,PLEASURES,U,AB,SHORT,MADE IN CHINA,재고 없음
AB04C323-964001,RALPH LAUREN,K,AB,SHIRT Colore unico,MADE IN VIETNAM,재고 없음
AB04C323-964001,RALPH LAUREN,K,AB,SHIRT Colore unico,MADE IN VIETNAM,재고 없음
146013,MONCLER,Men,Accessories,Hats and Gloves,China,재고 없음
AB01XDS24SG2001,MISSONI,D,AB,DRESS,MADE IN ITALY,재고 없음
AB01XDS24SG2001,MISSONI,D,AB,DRESS,MADE IN ITALY,재고 없음
AB13XD232290001,P.A.R.O.S.H.,D,AB,TROUSERS,MADE IN ITALY,재고 없음
AB13XD232290001,P.A.R.O.S.H.,D,AB,TROUSERS,MADE IN ITALY,재고 없음
AB11XLTAT24A002,TATRAS,D,AB,KNITWEAR,MADE IN CHINA,재고 없음
AB11XLTAT24A002,TATRAS,D,AB,KNITWEAR,MADE IN CHINA,재고 없음
146999,GUCCI,Women,Bags,Hand bags,,재고 없음
AB13XH225BIP001,HEBE STUDIO,D,AB,TROUSERS,MADE IN ALBANIA,재고 없음
AB13XH225BIP001,HEBE STUDIO,D,AB,TROUSERS,MADE IN ALBANIA,재고 없음
26888220,,Unisex,Homeware,Living,Italia,브랜드 실패(사유: None) / 카테고리 성공 / 원산지 성공
26888220,,Unisex,Homeware,Living,Italia,브랜드 실패(사유: None) / 카테고리 성공 / 원산지 성공
26888220,,Unisex,Homeware,Living,Italia,브랜드 실패(사유: None) / 카테고리 성공 / 원산지 성공
26888220,,Unisex,Homeware,Living,Italia,브랜드 실패(사유: None) / 카테고리 성공 / 원산지 성공
26888220,,Unisex,Homeware,Living,Italia,브랜드 실패(사유: None) / 카테고리 성공 / 원산지 성공
26888220,,Unisex,Homeware,Living,Italia,브랜드 실패(사유: None) / 카테고리 성공 / 원산지 성공
AB13XA0310XX003,PHILOSOPHY,D,AB,TROUSERS,MADE IN ITALY,재고 없음
AB13XA0310XX003,PHILOSOPHY,D,AB,TROUSERS,MADE IN ITALY,재고 없음
AB18X242WCT2001,THE ATTICO,D,AB,TOP,MADE IN ITALY,재고 없음
AB18X242WCT2001,THE ATTICO,D,AB,TOP,MADE IN ITALY,재고 없음
AB13XPT00007002,HERNO,U,AB,TROUSERS,MADE IN MOLDOVA,재고 없음
AB13XPT00007002,HERNO,U,AB,TROUSERS,MADE IN MOLDOVA,재고 없음
AB13XI030468001,CARHARTT WIP,U,AB,TROUSERS,MADE IN TUNISIA,재고 없음
AB13XI030468001,CARHARTT WIP,U,AB,TROUSERS,MADE IN TUNISIA,재고 없음
29347250,Je t'aime Milano,Woman,Accessories,Bijoux,,원가 없음 또는 0원
29347250,Je t'aime Milano,Woman,Accessories,Bijoux,,원가 없음 또는 0원
29347250,Je t'aime Milano,Woman,Accessories,Bijoux,,원가 없음 또는 0원
29347250,Je t'aime Milano,Woman,Accessories,Bijoux,,원가 없음 또는 0원
29347250,Je t'aime Milano,Woman,Accessories,Bijoux,,원가 없음 또는 0원
29347250,Je t'aime Milano,Woman,Accessories,Bijoux,,원가 없음 또는 0원
BO01CEM00120001,EMPORIO ARMANI,U,BO,LEATHER BAG,MADE IN CHINA,재고 없음
BO01CEM00120001,EMPORIO ARMANI,U,BO,LEATHER BAG,MADE IN CHINA,재고 없음
AB22CC20478X001,CHLOE',K,AB,T-SHIRT Colore unico,MADE IN TUNISIA,재고 없음
AB22CC20478X001,CHLOE',K,AB,T-SHIRT Colore unico,MADE IN TUNISIA,재고 없음
AB04X818406X001,SAINT LAURENT,D,AB,SHIRT,MADE IN ITALY,재고 없음
AB04X818406X001,SAINT LAURENT,D,AB,SHIRT,MADE IN ITALY,재고 없음
AB16XFEDERIC002,FLORA,D,AB,WEDDING,,재고 없음
AB16XFEDERIC002,FLORA,D,AB,WEDDING,,재고 없음
AB13XS51LA00005,MAISON MARGIELA,D,AB,TROUSERS,MADE IN ITALY,재고 없음
AB13XS51LA00005,MAISON MARGIELA,D,AB,TROUSERS,MADE IN ITALY,재고 없음
AB01XAA9R232002,ALAIA,D,AB,DRESS,MADE IN ITALY,재고 없음
AB01XAA9R232002,ALAIA,D,AB,DRESS,MADE IN ITALY,재고 없음
AB01XNA01LN0001,NEW ARRIVALS,D,AB,DRESS,MADE IN TURKEY,재고 없음
AB01XNA01LN0001,NEW ARRIVALS,D,AB,DRESS,MADE IN TURKEY,재고 없음
PP02CY4S196X001,EMPORIO ARMANI,U,PP,BELT Colore unico,MADE IN ITALY,재고 없음
PP02CY4S196X001,EMPORIO ARMANI,U,PP,BELT Colore unico,MADE IN ITALY,재고 없음
AB03X8107272001,BURBERRY,U,AB,SHORT,MADE IN THAILANDIA,재고 없음
AB03X8107272001,BURBERRY,U,AB,SHORT,MADE IN THAILANDIA,재고 없음
AB04XPMGG008001,PALM ANGELS,U,AB,SHIRT,,재고 없음
AB04XPMGG008001,PALM ANGELS,U,AB,SHIRT,,재고 없음
AB02CKS10249003,KONGES SLOJD,K,AB,BEACHWEAR,MADE IN CHINA,재고 없음
AB02CKS10249003,KONGES SLOJD,K,AB,BEACHWEAR,MADE IN CHINA,재고 없음
148736,TORY BURCH,Women,Bags,Shoulder bags,China,재고 없음
AB03XS50MU00004,MAISON MARGIELA,U,AB,SHORT,MADE IN ITALY,재고 없음
AB03XS50MU00004,MAISON MARGIELA,U,AB,SHORT,MADE IN ITALY,재고 없음
AB07X6157709001,KHAITE,D,AB,JACKET,,재고 없음
AB07X6157709001,KHAITE,D,AB,JACKET,,재고 없음
AB01X1718DRS001,ZIMMERMANN,D,AB,DRESS,MADE IN CHINA,재고 없음
AB01X1718DRS001,ZIMMERMANN,D,AB,DRESS,MADE IN CHINA,재고 없음
AB07XJKT09SS001,MOUTY,U,AB,JACKET,MADE IN TURKEY,재고 없음
AB07XJKT09SS001,MOUTY,U,AB,JACKET,MADE IN TURKEY,재고 없음
27616917,ARMARIUM,Woman,Clothing,Trousers,0,브랜드 성공 / 카테고리 성공 / 원산지 실패(사유: 0)
27616917,ARMARIUM,Woman,Clothing,Trousers,0,브랜드 성공 / 카테고리 성공 / 원산지 실패(사유: 0)
27616917,ARMARIUM,Woman,Clothing,Trousers,0,브랜드 성공 / 카테고리 성공 / 원산지 실패(사유: 0)
27616917,ARMARIUM,Woman,Clothing,Trousers,0,브랜드 성공 / 카테고리 성공 / 원산지 실패(사유: 0)
27616917,ARMARIUM,Woman,Clothing,Trousers,0,브랜드 성공 / 카테고리 성공 / 원산지 실패(사유: 0)
27616917,ARMARIUM,Woman,Clothing,Trousers,0,브랜드 성공 / 카테고리 성공 / 원산지 실패(사유: 0)
AB03X2511141001,MAX MARA,D,AB,SHORT,MADE IN ITALY,재고 없음
AB03X2511141001,MAX MARA,D,AB,SHORT,MADE IN ITALY,재고 없음
AB01X9724439001,KHAITE,D,AB,DRESS,MADE IN ITALY,재고 없음
AB01X9724439001,KHAITE,D,AB,DRESS,MADE IN ITALY,재고 없음
149385,REVERES 1949,Men,Clothing,Blazers,Italy,재고 없음
AB07XRU01E56001,RICK OWENS,U,AB,JACKET,MADE IN ITALY,재고 없음
AB07XRU01E56001,RICK OWENS,U,AB,JACKET,MADE IN ITALY,재고 없음
AB07XWRCA002002,ETRO,D,AB,JACKET,MADE IN ITALY,재고 없음
AB07XWRCA002002,ETRO,D,AB,JACKET,MADE IN ITALY,재고 없음
149416,VALENTINO GARAVANI,Women,Bags,Crossbody Bags,Italy,재고 없음
149431,JACQUEMUS,Men,Accessories,Scarfs and foulards,Italy,재고 없음
AB03XPMCL004008,PALM ANGELS,U,AB,SHORT,MADE IN PORTUGAL,재고 없음
AB03XPMCL004008,PALM ANGELS,U,AB,SHORT,MADE IN PORTUGAL,재고 없음
AB03CKS10241002,KONGES SLOJD,K,AB,SHORT,MADE IN ALBANIA,재고 없음
AB03CKS10241002,KONGES SLOJD,K,AB,SHORT,MADE IN ALBANIA,재고 없음
149494,VALENTINO GARAVANI,Women,Shoes,Heels,Italy,재고 없음
AB18XNA02LN0001,NEW ARRIVALS,D,AB,TOP,MADE IN TURKEY,재고 없음
AB18XNA02LN0001,NEW ARRIVALS,D,AB,TOP,MADE IN TURKEY,재고 없음
AB11CS05GJUK001,BONPOINT,K,AB,KNITWEAR Colore unico,MADE IN CHINA,재고 없음
AB11CS05GJUK001,BONPOINT,K,AB,KNITWEAR Colore unico,MADE IN CHINA,재고 없음
AB31XK1S1512003,STONE ISLAND,U,AB,2000031998589,MADE IN ITALY,재고 없음
AB31XK1S1512003,STONE ISLAND,U,AB,2000031998589,MADE IN ITALY,재고 없음
AB02X55SSSE0001,AMOTEA,D,AB,BEACHWEAR,MADE IN ITALY,재고 없음
AB02X55SSSE0001,AMOTEA,D,AB,BEACHWEAR,MADE IN ITALY,재고 없음
AB03CP25PB19007,IL GUFO,K,AB,SHORT Colore unico,MADE IN ITALY,재고 없음
AB03CP25PB19007,IL GUFO,K,AB,SHORT Colore unico,MADE IN ITALY,재고 없음
26889197,,Woman,Clothing,Jackets,KR - South Korea,브랜드 실패(사유: None) / 카테고리 성공 / 원산지 실패(사유: KR - South Korea)
26889197,,Woman,Clothing,Jackets,KR - South Korea,브랜드 실패(사유: None) / 카테고리 성공 / 원산지 실패(사유: KR - South Korea)
26889197,,Woman,Clothing,Jackets,KR - South Korea,브랜드 실패(사유: None) / 카테고리 성공 / 원산지 성공
26889197,,Woman,Clothing,Jackets,KR - South Korea,브랜드 실패(사유: None) / 카테고리 성공 / 원산지 성공
26889197,,Woman,Clothing,Jackets,KR - South Korea,브랜드 실패(사유: None) / 카테고리 성공 / 원산지 실패(사유: KR - South Korea)
26889197,,Woman,Clothing,Jackets,KR - South Korea,브랜드 실패(사유: None) / 카테고리 성공 / 원산지 실패(사유: KR - South Korea)
AB01X1179DRS001,ZIMMERMANN,D,AB,DRESS,MADE IN PORTUGAL,재고 없음
AB01X1179DRS001,ZIMMERMANN,D,AB,DRESS,MADE IN PORTUGAL,재고 없음
AB02XGUS0001001,SAINT BARTH,U,AB,BEACHWEAR,MADE IN ITALY,재고 없음
AB02XGUS0001001,SAINT BARTH,U,AB,BEACHWEAR,MADE IN ITALY,재고 없음
AB18XAA9H121001,ALAIA,D,AB,TOP,,재고 없음
AB18XAA9H121001,ALAIA,D,AB,TOP,,재고 없음
149978,GUCCI,Women,Shoes,Sneakers,Italy,재고 없음
AB22C8096554001,BURBERRY,K,AB,T-SHIRT Colore unico,MADE IN VIETNAM,재고 없음
AB22C8096554001,BURBERRY,K,AB,T-SHIRT Colore unico,MADE IN VIETNAM,재고 없음
AB01XRO0378F001,ISABEL MARANT,D,AB,DRESS,MADE IN INDIA,재고 없음
AB01XRO0378F001,ISABEL MARANT,D,AB,DRESS,MADE IN INDIA,재고 없음
AB02CMAD0001005,SAINT BARTH,K,AB,BEACHWEAR,MADE IN ITALY,재고 없음
AB02CMAD0001005,SAINT BARTH,K,AB,BEACHWEAR,MADE IN ITALY,재고 없음
AB03CS05YBEW001,BONPOINT,K,AB,SHORT Colore unico,MADE IN VIETNAM,재고 없음
AB03CS05YBEW001,BONPOINT,K,AB,SHORT Colore unico,MADE IN VIETNAM,재고 없음
AB09XD621510001,P.A.R.O.S.H.,D,AB,SKIRT,MADE IN INDIA,재고 없음
AB09XD621510001,P.A.R.O.S.H.,D,AB,SKIRT,MADE IN INDIA,재고 없음
AB22C4338XXX001,MAYORAL,K,AB,T-SHIRT Colore unico,MADE IN BANGLADESH,재고 없음
AB22C4338XXX001,MAYORAL,K,AB,T-SHIRT Colore unico,MADE IN BANGLADESH,재고 없음
AB22X225JTS2001,COURREGES,D,AB,T-SHIRT,MADE IN PORTUGAL,재고 없음
AB22X225JTS2001,COURREGES,D,AB,T-SHIRT,MADE IN PORTUGAL,재고 없음
AB11XFAN3805001,LORO PIANA,D,AB,KNITWEAR,MADE IN ITALY,재고 없음
AB11XFAN3805001,LORO PIANA,D,AB,KNITWEAR,MADE IN ITALY,재고 없음
AB22XA18211X001,DIESEL,D,AB,T-SHIRT,MADE IN BULGARIA,재고 없음
AB22XA18211X001,DIESEL,D,AB,T-SHIRT,MADE IN BULGARIA,재고 없음
AB22XAA9I000001,ALAIA,D,AB,T-SHIRT,MADE IN ITALY,재고 없음
AB22XAA9I000001,ALAIA,D,AB,T-SHIRT,MADE IN ITALY,재고 없음
AB23X18CMSS0004,CP COMPANY,U,AB,SWEATSHIRT,MADE IN ITALY,재고 없음
AB23X18CMSS0004,CP COMPANY,U,AB,SWEATSHIRT,MADE IN ITALY,재고 없음
150708,SAINT LAURENT,Women,Clothing,Jeans,Japon,재고 없음
AB28CS05GDRW003,BONPOINT,K,AB,BABY DRESS Colore unico,MADE IN PORTUGAL,재고 없음
AB28CS05GDRW003,BONPOINT,K,AB,BABY DRESS Colore unico,MADE IN PORTUGAL,재고 없음
150799,JACQUEMUS,Women,Bags,Tote bags,Marocco,재고 없음
AB23XPMBD058004,PALM ANGELS,U,AB,SWEATSHIRT,MADE IN ITALY,재고 없음
AB23XPMBD058004,PALM ANGELS,U,AB,SWEATSHIRT,MADE IN ITALY,재고 없음
AB22X38518XX003,PATAGONIA,U,AB,T-SHIRT,MADE IN MEXICO,재고 없음
AB22X38518XX003,PATAGONIA,U,AB,T-SHIRT,MADE IN MEXICO,재고 없음
AB22XNF0A8C4003,THE NORTH FACE,U,AB,T-SHIRT,MADE IN TURKEY,재고 없음
AB22XNF0A8C4003,THE NORTH FACE,U,AB,T-SHIRT,MADE IN TURKEY,재고 없음
AB22X22MC000001,OBEY,U,AB,T-SHIRT,MADE IN MEXICO,재고 없음
AB22X22MC000001,OBEY,U,AB,T-SHIRT,MADE IN MEXICO,재고 없음
AB22X255JS32002,JACQUEMUS,U,AB,T-SHIRT,,재고 없음
AB22X255JS32002,JACQUEMUS,U,AB,T-SHIRT,,재고 없음
AB29XBFUPL00008,AMI,U,AB,POLO,MADE IN PORTUGAL,재고 없음
AB29XBFUPL00008,AMI,U,AB,POLO,MADE IN PORTUGAL,재고 없음
AB22XA16185X001,DIESEL,U,AB,T-SHIRT,MADE IN INDIA,재고 없음
AB22XA16185X001,DIESEL,U,AB,T-SHIRT,MADE IN INDIA,재고 없음
AB04XEM00108001,EMPORIO ARMANI,U,AB,SHIRT,,재고 없음
AB04XEM00108001,EMPORIO ARMANI,U,AB,SHIRT,,재고 없음
151169,RABANNE,Women,Accessories,Hats and Gloves,Madagascar,재고 없음
AB22XDJS03F5001,COPERNI,D,AB,T-SHIRT,MADE IN PORTUGAL,재고 없음
AB22XDJS03F5001,COPERNI,D,AB,T-SHIRT,MADE IN PORTUGAL,재고 없음
AB01X25SRO54001,CHLOE',D,AB,DRESS,MADE IN MADAGASCAR,재고 없음
AB01X25SRO54001,CHLOE',D,AB,DRESS,MADE IN MADAGASCAR,재고 없음
AB01XWRHA008002,ETRO,D,AB,DRESS,,재고 없음
AB01XWRHA008002,ETRO,D,AB,DRESS,,재고 없음
AB22XPMAA001122,PALM ANGELS,U,AB,T-SHIRT,MADE IN TURKEY,재고 없음
AB22XPMAA001122,PALM ANGELS,U,AB,T-SHIRT,MADE IN TURKEY,재고 없음
AB01XDRE0225004,LA DOUBLE J,D,AB,DRESS,MADE IN ITALY,재고 없음
AB01XDRE0225004,LA DOUBLE J,D,AB,DRESS,MADE IN ITALY,재고 없음
AB01XNDSS24D001,NENSI DOJAKA,D,AB,DRESS,MADE IN ITALY,재고 없음
AB01XNDSS24D001,NENSI DOJAKA,D,AB,DRESS,MADE IN ITALY,재고 없음
28463200,,Man,Clothing,Shirts,JAPAN,브랜드 실패(사유: None) / 카테고리 성공 / 원산지 성공
28463200,,Man,Clothing,Shirts,JAPAN,브랜드 실패(사유: None) / 카테고리 성공 / 원산지 성공
28463200,,Man,Clothing,Shirts,JAPAN,브랜드 실패(사유: None) / 카테고리 성공 / 원산지 성공
28463200,,Man,Clothing,Shirts,JAPAN,브랜드 실패(사유: None) / 카테고리 성공 / 원산지 성공
28463200,,Man,Clothing,Shirts,JAPAN,브랜드 실패(사유: None) / 카테고리 성공 / 원산지 성공
28463200,,Man,Clothing,Shirts,JAPAN,브랜드 실패(사유: None) / 카테고리 성공 / 원산지 성공
29347277,Pero,Woman,Clothing,Shirts,India,원가 없음 또는 0원
29347277,Pero,Woman,Clothing,Shirts,India,원가 없음 또는 0원
29347277,Pero,Woman,Clothing,Shirts,India,원가 없음 또는 0원
29347277,Pero,Woman,Clothing,Shirts,India,원가 없음 또는 0원
29347277,Pero,Woman,Clothing,Shirts,India,원가 없음 또는 0원
29347277,Pero,Woman,Clothing,Shirts,India,원가 없음 또는 0원
151958,MARC JACOBS,Women,Bags,Hand bags,Vietnam,재고 없음
29364850,Valentino,Woman,Clothing,Jackets,Italy,원가 없음 또는 0원
29364850,Valentino,Woman,Clothing,Jackets,Italy,원가 없음 또는 0원
29364850,Valentino,Woman,Clothing,Jackets,Italy,원가 없음 또는 0원
29364850,Valentino,Woman,Clothing,Jackets,Italy,원가 없음 또는 0원
29364850,Valentino,Woman,Clothing,Jackets,Italy,원가 없음 또는 0원
29364850,Valentino,Woman,Clothing,Jackets,Italy,원가 없음 또는 0원
AB13X241WCP1002,THE ATTICO,D,AB,TROUSERS,MADE IN ITALY,재고 없음
AB13X241WCP1002,THE ATTICO,D,AB,TROUSERS,MADE IN ITALY,재고 없음
29504182,MC2 Saint Barth,Woman,Bags,Bags..,Cina,원가 없음 또는 0원
29504182,MC2 Saint Barth,Woman,Bags,Bags..,Cina,원가 없음 또는 0원
29504182,MC2 Saint Barth,Woman,Bags,Bags..,Cina,원가 없음 또는 0원
29504182,MC2 Saint Barth,Woman,Bags,Bags..,Cina,원가 없음 또는 0원
29504182,MC2 Saint Barth,Woman,Bags,Bags..,Cina,원가 없음 또는 0원
29504182,MC2 Saint Barth,Woman,Bags,Bags..,Cina,원가 없음 또는 0원
AB03XJC5937X001,ADIDAS ORIGINALS,D,AB,SHORT,MADE IN EGYPT,재고 없음
AB03XJC5937X001,ADIDAS ORIGINALS,D,AB,SHORT,MADE IN EGYPT,재고 없음
AB22XS25M448001,MAJESTIC FILATURES,U,AB,T-SHIRT,MADE IN PORTUGAL,재고 없음
AB22XS25M448001,MAJESTIC FILATURES,U,AB,T-SHIRT,MADE IN PORTUGAL,재고 없음
28563676,,Woman,Clothing,Jackets,ITALY,브랜드 실패(사유: None) / 카테고리 성공 / 원산지 성공
28563676,,Woman,Clothing,Jackets,ITALY,브랜드 실패(사유: None) / 카테고리 성공 / 원산지 성공
28563676,,Woman,Clothing,Jackets,ITALY,브랜드 실패(사유: None) / 카테고리 성공 / 원산지 성공
28563676,,Woman,Clothing,Jackets,ITALY,브랜드 실패(사유: None) / 카테고리 성공 / 원산지 성공
28563676,,Woman,Clothing,Jackets,ITALY,브랜드 실패(사유: None) / 카테고리 성공 / 원산지 성공
28563676,,Woman,Clothing,Jackets,ITALY,브랜드 실패(사유: None) / 카테고리 성공 / 원산지 성공
AB03CS05YBEW002,BONPOINT,K,AB,SHORT Colore unico,MADE IN VIETNAM,재고 없음
AB03CS05YBEW002,BONPOINT,K,AB,SHORT Colore unico,MADE IN VIETNAM,재고 없음
AB13XAA9P116001,ALAIA,D,AB,TROUSERS,MADE IN ITALY,재고 없음
AB13XAA9P116001,ALAIA,D,AB,TROUSERS,MADE IN ITALY,재고 없음
AB28CK19518I001,MONCLER,K,AB,BABY DRESS Colore unico,MADE IN TURKEY,재고 없음
AB28CK19518I001,MONCLER,K,AB,BABY DRESS Colore unico,MADE IN TURKEY,재고 없음
153106,PUMA,Unisex,Shoes,Sneakers,China,재고 없음
153133,MULBERRY,Women,Bags,Hand bags,United Kingdom,재고 없음
153295,LOW BRAND,Men,Clothing,Trousers,Italy,재고 없음
AB04C323-713001,RALPH LAUREN,K,AB,SHIRT Colore unico,MADE IN VIETNAM,재고 없음
AB04C323-713001,RALPH LAUREN,K,AB,SHIRT Colore unico,MADE IN VIETNAM,재고 없음
29006097,,Man,Accessories,Accessories,China,원가 없음 또는 0원
29006097,,Man,Accessories,Accessories,China,원가 없음 또는 0원
29006097,,Man,Accessories,Accessories,China,원가 없음 또는 0원
29006097,,Man,Accessories,Accessories,China,원가 없음 또는 0원
29006097,,Man,Accessories,Accessories,China,원가 없음 또는 0원
29006097,,Man,Accessories,Accessories,China,원가 없음 또는 0원
AB13XIY7251X001,ADIDAS ORIGINALS,D,AB,TROUSERS,MADE IN INDONESIA,재고 없음
AB13XIY7251X001,ADIDAS ORIGINALS,D,AB,TROUSERS,MADE IN INDONESIA,재고 없음
AB04CEW00154001,EMPORIO ARMANI,D,AB,SHIRT Colore unico,MADE IN ROMANIA,재고 없음
AB04CEW00154001,EMPORIO ARMANI,D,AB,SHIRT Colore unico,MADE IN ROMANIA,재고 없음
AB22XBW70BFX011,GIVENCHY,D,AB,T-SHIRT,MADE IN PORTUGAL,재고 없음
AB22XBW70BFX011,GIVENCHY,D,AB,T-SHIRT,MADE IN PORTUGAL,재고 없음
153486,ANJUNA,Women,Clothing,Dresses,,재고 없음
AB13XMTR19_X001,DARKPARK,U,AB,TROUSERS,MADE IN ITALY,재고 없음
AB13XMTR19_X001,DARKPARK,U,AB,TROUSERS,MADE IN ITALY,재고 없음
PP02X6Y2T0Q9001,VALENTINO GARAVANI,U,PP,BELT,MADE IN ITALY,재고 없음
PP02X6Y2T0Q9001,VALENTINO GARAVANI,U,PP,BELT,MADE IN ITALY,재고 없음
AB22XTS0001F023,ISABEL MARANT ETOILE,D,AB,T-SHIRT,MADE IN TUNISIA,재고 없음
AB22XTS0001F023,ISABEL MARANT ETOILE,D,AB,T-SHIRT,MADE IN TUNISIA,재고 없음
AB13XVERVEXX001,MAX MARA STUDIO,D,AB,TROUSERS,MADE IN CHINA,재고 없음
AB13XVERVEXX001,MAX MARA STUDIO,D,AB,TROUSERS,MADE IN CHINA,재고 없음
29924946,,Woman,Shoes,Sandals,,브랜드 실패(사유: None) / 카테고리 성공 / 원산지 성공
29924946,,Woman,Shoes,Sandals,,브랜드 실패(사유: None) / 카테고리 성공 / 원산지 성공
29924946,,Woman,Shoes,Sandals,,브랜드 실패(사유: None) / 카테고리 성공 / 원산지 성공
29924946,,Woman,Shoes,Sandals,,브랜드 실패(사유: None) / 카테고리 성공 / 원산지 성공
29924946,,Woman,Shoes,Sandals,,브랜드 실패(사유: None) / 카테고리 성공 / 원산지 성공
29924946,,Woman,Shoes,Sandals,,브랜드 실패(사유: None) / 카테고리 성공 / 원산지 성공
AB04XDANTES-001,PIERRE LOUIS MASCIA,D,AB,SHIRT,MADE IN ITALY,재고 없음
AB04XDANTES-001,PIERRE LOUIS MASCIA,D,AB,SHIRT,MADE IN ITALY,재고 없음
153748,SALOMON,Unisex,Shoes,Sneakers,Vietnam,재고 없음
AB04XLELIAXX001,SPORTMAX,D,AB,SHIRT,MADE IN CHINA,재고 없음
AB04XLELIAXX001,SPORTMAX,D,AB,SHIRT,MADE IN CHINA,재고 없음
AB04XMM69506001,BRUNELLO CUCINELLI,U,AB,SHIRT,MADE IN ITALY,재고 없음
AB04XMM69506001,BRUNELLO CUCINELLI,U,AB,SHIRT,MADE IN ITALY,재고 없음
AB31CK19541A043,MONCLER,K,AB,DOWNJACKET Colore unico,MADE IN ARMENIA,재고 없음
AB31CK19541A043,MONCLER,K,AB,DOWNJACKET Colore unico,MADE IN ARMENIA,재고 없음
29925028,SORBET ISLAND,Woman,Clothing,Sea clothing,Grecia,원가 없음 또는 0원
29925028,SORBET ISLAND,Woman,Clothing,Sea clothing,Grecia,원가 없음 또는 0원
29925028,SORBET ISLAND,Woman,Clothing,Sea clothing,Grecia,원가 없음 또는 0원
29925028,SORBET ISLAND,Woman,Clothing,Sea clothing,Grecia,원가 없음 또는 0원
29925028,SORBET ISLAND,Woman,Clothing,Sea clothing,Grecia,원가 없음 또는 0원
29925028,SORBET ISLAND,Woman,Clothing,Sea clothing,Grecia,원가 없음 또는 0원
AB23C3410XXX001,MAYORAL,K,AB,SWEATSHIRT,MADE IN CHINA,재고 없음
AB23C3410XXX001,MAYORAL,K,AB,SWEATSHIRT,MADE IN CHINA,재고 없음
AB22CJUI181X004,FENDI,K,AB,T-SHIRT Colore unico,MADE IN ITALY,재고 없음
AB22CJUI181X004,FENDI,K,AB,T-SHIRT Colore unico,MADE IN ITALY,재고 없음
AB07X6500723001,STELLA MCCARTNEY,D,AB,JACKET,MADE IN HUNGARY,재고 없음
AB07X6500723001,STELLA MCCARTNEY,D,AB,JACKET,MADE IN HUNGARY,재고 없음
29006415,,Man,Bags,Bags..,VN,브랜드 실패(사유: None) / 카테고리 성공 / 원산지 성공
29006415,,Man,Bags,Bags..,VN,브랜드 실패(사유: None) / 카테고리 성공 / 원산지 성공
29006415,,Man,Bags,Bags..,VN,브랜드 실패(사유: None) / 카테고리 성공 / 원산지 성공
29006415,,Man,Bags,Bags..,VN,브랜드 실패(사유: None) / 카테고리 성공 / 원산지 성공
29006415,,Man,Bags,Bags..,VN,브랜드 실패(사유: None) / 카테고리 성공 / 원산지 성공
29006415,,Man,Bags,Bags..,VN,브랜드 실패(사유: None) / 카테고리 성공 / 원산지 성공
AB07XEND01XX005,BLAZE,D,AB,JACKET,MADE IN ITALY,재고 없음
AB07XEND01XX005,BLAZE,D,AB,JACKET,MADE IN ITALY,재고 없음
AB08XB9D0038001,AMARANTO,U,AB,VEST,MADE IN ITALY,재고 없음
AB08XB9D0038001,AMARANTO,U,AB,VEST,MADE IN ITALY,재고 없음
154630,OSOI,Women,Bags,Shoulder bags,Korea,재고 없음
AB01XAA9R256001,ALAIA,D,AB,DRESS,MADE IN ITALY,재고 없음
AB01XAA9R256001,ALAIA,D,AB,DRESS,MADE IN ITALY,재고 없음
29006473,,Unisex,Accessories,Accessories,,원가 없음 또는 0원
29006473,,Unisex,Accessories,Accessories,,원가 없음 또는 0원
29006473,,Unisex,Accessories,Accessories,,원가 없음 또는 0원
29006473,,Unisex,Accessories,Accessories,,원가 없음 또는 0원
29006473,,Unisex,Accessories,Accessories,,원가 없음 또는 0원
29006473,,Unisex,Accessories,Accessories,,원가 없음 또는 0원
AB01X205424X001,MAGDA BUTRYM,D,AB,DRESS,MADE IN POLAND,재고 없음
AB01X205424X001,MAGDA BUTRYM,D,AB,DRESS,MADE IN POLAND,재고 없음
AB28C787372X002,GUCCI,K,AB,BABY DRESS Colore unico,MADE IN ITALY,재고 없음
AB28C787372X002,GUCCI,K,AB,BABY DRESS Colore unico,MADE IN ITALY,재고 없음
155007,HUNZA G,Women,Clothing,Beachwear,Morocco,재고 없음
AB22XD1LC100001,DRUMOHR,U,AB,T-SHIRT,MADE IN ITALY,재고 없음
AB22XD1LC100001,DRUMOHR,U,AB,T-SHIRT,MADE IN ITALY,재고 없음
155117,ROTATE,Women,Clothing,Dresses,China,재고 없음
29006562,,Man,Bags,Bags..,VN,브랜드 실패(사유: None) / 카테고리 성공 / 원산지 성공
29006562,,Man,Bags,Bags..,VN,브랜드 실패(사유: None) / 카테고리 성공 / 원산지 성공
29006562,,Man,Bags,Bags..,VN,브랜드 실패(사유: None) / 카테고리 성공 / 원산지 성공
29006562,,Man,Bags,Bags..,VN,브랜드 실패(사유: None) / 카테고리 성공 / 원산지 성공
29006562,,Man,Bags,Bags..,VN,브랜드 실패(사유: None) / 카테고리 성공 / 원산지 성공
29006562,,Man,Bags,Bags..,VN,브랜드 실패(사유: None) / 카테고리 성공 / 원산지 성공
AB04XHT0012F001,ISABEL MARANT,D,AB,SHIRT,MADE IN PORTUGAL,재고 없음
AB04XHT0012F001,ISABEL MARANT,D,AB,SHIRT,MADE IN PORTUGAL,재고 없음
AB22XSH0GC00015,MM6 X SALOMON,U,AB,T-SHIRT,MADE IN TURKEY,재고 없음
AB22XSH0GC00015,MM6 X SALOMON,U,AB,T-SHIRT,MADE IN TURKEY,재고 없음
AB22XSS25-11003,ARTE,U,AB,T-SHIRT,MADE IN PORTUGAL,재고 없음
AB22XSS25-11003,ARTE,U,AB,T-SHIRT,MADE IN PORTUGAL,재고 없음
31946490,Zadig & Voltaire,Woman,Bags,Bags..,IN,브랜드 성공 / 카테고리 성공 / 원산지 실패(사유: IN)
31946490,Zadig & Voltaire,Woman,Bags,Bags..,IN,브랜드 성공 / 카테고리 성공 / 원산지 실패(사유: IN)
31946490,Zadig & Voltaire,Woman,Bags,Bags..,IN,브랜드 성공 / 카테고리 성공 / 원산지 실패(사유: IN)
31946490,Zadig & Voltaire,Woman,Bags,Bags..,IN,브랜드 성공 / 카테고리 성공 / 원산지 실패(사유: IN)
155769,SAINT LAURENT,Women,Clothing,Trousers,Italy,재고 없음
AB22XTS0001F021,ISABEL MARANT ETOILE,D,AB,T-SHIRT,MADE IN TUNISIA,재고 없음
AB22XTS0001F021,ISABEL MARANT ETOILE,D,AB,T-SHIRT,MADE IN TUNISIA,재고 없음
30313940,MC2 Saint Barth,Man,Clothing,Sea clothing,China,원가 없음 또는 0원
30313940,MC2 Saint Barth,Man,Clothing,Sea clothing,China,원가 없음 또는 0원
30313940,MC2 Saint Barth,Man,Clothing,Sea clothing,China,원가 없음 또는 0원
30313940,MC2 Saint Barth,Man,Clothing,Sea clothing,China,원가 없음 또는 0원
30313940,MC2 Saint Barth,Man,Clothing,Sea clothing,China,원가 없음 또는 0원
30313940,MC2 Saint Barth,Man,Clothing,Sea clothing,China,원가 없음 또는 0원
31946493,Zadig & Voltaire,Woman,Clothing,T-shirts and Polos,IN,브랜드 성공 / 카테고리 성공 / 원산지 실패(사유: IN)
AB05X828240X001,GUCCI,D,AB,COAT,MADE IN ITALY,재고 없음
AB05X828240X001,GUCCI,D,AB,COAT,MADE IN ITALY,재고 없음
29347039,Herno,Man,Clothing,Trousers,ITALIA,원가 없음 또는 0원
29347039,Herno,Man,Clothing,Trousers,ITALIA,원가 없음 또는 0원
29347039,Herno,Man,Clothing,Trousers,ITALIA,원가 없음 또는 0원
29347039,Herno,Man,Clothing,Trousers,ITALIA,원가 없음 또는 0원
29347039,Herno,Man,Clothing,Trousers,ITALIA,원가 없음 또는 0원
29347039,Herno,Man,Clothing,Trousers,ITALIA,원가 없음 또는 0원
137714,FENDI,Men,Clothing,Shorts and Bermuda shorts,Italy,재고 없음
156003,BALENCIAGA,Men,Clothing,Tshirts and polo shirts,Portugal,재고 없음
AB07XT153001001,THE ANDAMANE,D,AB,JACKET,MADE IN ITALY,재고 없음
AB07XT153001001,THE ANDAMANE,D,AB,JACKET,MADE IN ITALY,재고 없음
AB31XPI00194002,HERNO,D,AB,DOWNJACKET,MADE IN ROMANIA,재고 없음
AB31XPI00194002,HERNO,D,AB,DOWNJACKET,MADE IN ROMANIA,재고 없음
AB22CK61137_002,KENZO,K,AB,T-SHIRT Colore unico,MADE IN TURKEY,재고 없음
AB22CK61137_002,KENZO,K,AB,T-SHIRT Colore unico,MADE IN TURKEY,재고 없음
156118,A.EMERY,Women,Shoes,Flat Shoes,India,재고 없음
156159,GUCCI,Men,Accessories,Hats and Gloves,Italy,재고 없음
AB07CEM00115001,EMPORIO ARMANI,U,AB,JACKET Colore unico,MADE IN CHINA,재고 없음
AB07CEM00115001,EMPORIO ARMANI,U,AB,JACKET Colore unico,MADE IN CHINA,재고 없음
AB07X815833X001,GUCCI,D,AB,JACKET,MADE IN ITALY,재고 없음
AB07X815833X001,GUCCI,D,AB,JACKET,MADE IN ITALY,재고 없음
AB07X762930X003,SAINT LAURENT,D,AB,JACKET,MADE IN ITALY,재고 없음
AB07X762930X003,SAINT LAURENT,D,AB,JACKET,MADE IN ITALY,재고 없음
AB07XHEW0910002,HAIKURE,D,AB,JACKET,MADE IN ITALY,재고 없음
AB07XHEW0910002,HAIKURE,D,AB,JACKET,MADE IN ITALY,재고 없음
AB21XGM00070001,GIORGIO ARMANI,U,AB,SUIT,,재고 없음
AB21XGM00070001,GIORGIO ARMANI,U,AB,SUIT,,재고 없음
156311,CHLOÉ KIDS,Baby girl,Clothing,Trousers,Tunisia,원가 없음 또는 0원
156363,VEJA KIDS,Baby boy,Shoes,Sneakers,Brazil,원가 없음 또는 0원
AB07XFJ7562_001,FENDI,D,AB,JACKET,,재고 없음
AB07XFJ7562_001,FENDI,D,AB,JACKET,,재고 없음
AB07CEM00014003,EMPORIO ARMANI,U,AB,JACKET Colore unico,MADE IN TUNISIA,재고 없음
AB07CEM00014003,EMPORIO ARMANI,U,AB,JACKET Colore unico,MADE IN TUNISIA,재고 없음
AB09XJ03MA02002,JIL SANDER,D,AB,SKIRT,MADE IN ITALY,재고 없음
AB09XJ03MA02002,JIL SANDER,D,AB,SKIRT,MADE IN ITALY,재고 없음
AB09X241WCS1001,THE ATTICO,D,AB,SKIRT,MADE IN ITALY,재고 없음
AB09X241WCS1001,THE ATTICO,D,AB,SKIRT,MADE IN ITALY,재고 없음
AB23X245JS24001,JACQUEMUS,U,AB,SWEATSHIRT,MADE IN PORTUGAL,재고 없음
AB23X245JS24001,JACQUEMUS,U,AB,SWEATSHIRT,MADE IN PORTUGAL,재고 없음
AB09X3841MDD002,MSGM,D,AB,SKIRT,MADE IN ITALY,재고 없음
AB09X3841MDD002,MSGM,D,AB,SKIRT,MADE IN ITALY,재고 없음
AB10X18CMTS1002,CP COMPANY,U,AB,JERSEY,MADE IN CHINA,재고 없음
AB10X18CMTS1002,CP COMPANY,U,AB,JERSEY,MADE IN CHINA,재고 없음
AB09XGENNYXX001,SPORTMAX,D,AB,SKIRT,MADE IN CHINA,재고 없음
AB09XGENNYXX001,SPORTMAX,D,AB,SKIRT,MADE IN CHINA,재고 없음
156922,FARM RIO,Women,Clothing,Long Dresses,,재고 없음
156918,FARM RIO,Women,Clothing,Long Dresses,,재고 없음
AB10X18CMTS1009,CP COMPANY,U,AB,JERSEY,MADE IN MOLDOVA,재고 없음
AB10X18CMTS1009,CP COMPANY,U,AB,JERSEY,MADE IN MOLDOVA,재고 없음
156939,ERES,Women,Clothing,Beachwear,France,재고 없음
AB29C8N1F97X007,EMPORIO ARMANI,U,AB,POLO Colore unico,MADE IN VIETNAM,재고 없음
AB29C8N1F97X007,EMPORIO ARMANI,U,AB,POLO Colore unico,MADE IN VIETNAM,재고 없음
27170455,ARMARIUM,Woman,Shoes,With Heel,0,브랜드 성공 / 카테고리 성공 / 원산지 실패(사유: 0)
27170455,ARMARIUM,Woman,Shoes,With Heel,0,브랜드 성공 / 카테고리 성공 / 원산지 실패(사유: 0)
27170455,ARMARIUM,Woman,Shoes,With Heel,0,브랜드 성공 / 카테고리 성공 / 원산지 실패(사유: 0)
27170455,ARMARIUM,Woman,Shoes,With Heel,0,브랜드 성공 / 카테고리 성공 / 원산지 실패(사유: 0)
27170455,ARMARIUM,Woman,Shoes,With Heel,0,브랜드 성공 / 카테고리 성공 / 원산지 실패(사유: 0)
27170455,ARMARIUM,Woman,Shoes,With Heel,0,브랜드 성공 / 카테고리 성공 / 원산지 실패(사유: 0)
156961,BOTTEGA VENETA,Men,Bags,Crossbody Bags,Italy,재고 없음
156988,MABE,Women,Clothing,Shirts and blouses,,재고 없음
156986,MABE,Women,Clothing,Tops,,재고 없음
AB13X25UPA08001,CHLOE',D,AB,TROUSERS,MADE IN ITALY,재고 없음
AB13X25UPA08001,CHLOE',D,AB,TROUSERS,MADE IN ITALY,재고 없음
156985,MABE,Women,Clothing,Dresses,,재고 없음
AB13X817341X001,SAINT LAURENT,D,AB,TROUSERS,MADE IN ITALY,재고 없음
AB13X817341X001,SAINT LAURENT,D,AB,TROUSERS,MADE IN ITALY,재고 없음
157030,TWENTY FOURHAITCH,Women,Bags,Hand bags,,재고 없음
157035,TWENTY FOURHAITCH,Women,Bags,Clutches and pochettes,,재고 없음
AB13XWREA003001,ETRO,D,AB,TROUSERS,MADE IN ITALY,재고 없음
AB13XWREA003001,ETRO,D,AB,TROUSERS,MADE IN ITALY,재고 없음
AL20X822274X001,SAINT LAURENT,D,AL,SUNGLASSES,MADE IN ITALY,재고 없음
AL20X822274X001,SAINT LAURENT,D,AL,SUNGLASSES,MADE IN ITALY,재고 없음
157483,NEMA,Women,Clothing,Dresses,Greece,재고 없음
157573,MONCLER,Men,Shoes,Flat Shoes,,재고 없음
157595,SILVIA GNECCHI,Women,Bags,Hand bags,Italy,재고 없음
AB18X819107X001,ALEXANDER MCQUEEN,D,AB,TOP,MADE IN ITALY,재고 없음
AB18X819107X001,ALEXANDER MCQUEEN,D,AB,TOP,MADE IN ITALY,재고 없음
157837,BALENCIAGA,Women,Bags,Crossbody Bags,Italy,재고 없음
AB25X104598X001,PINKO,D,AB,WINDBREAKER,MADE IN CHINA,재고 없음
AB25X104598X001,PINKO,D,AB,WINDBREAKER,MADE IN CHINA,재고 없음
AB22X6B3MG24004,VALENTINO,D,AB,T-SHIRT,MADE IN ITALY,재고 없음
AB22X6B3MG24004,VALENTINO,D,AB,T-SHIRT,MADE IN ITALY,재고 없음
AB22X8084233002,BURBERRY,U,AB,T-SHIRT,MADE IN PORTUGAL,재고 없음
AB22X8084233002,BURBERRY,U,AB,T-SHIRT,MADE IN PORTUGAL,재고 없음
BO01X100039X029,PINKO,D,BO,LEATHER BAG,MADE IN CHINA,재고 없음
BO01X100039X029,PINKO,D,BO,LEATHER BAG,MADE IN CHINA,재고 없음
AL02X65156XX003,TORY BURCH,D,AL,JEWELLERY,MADE IN CHINA,재고 없음
AL02X65156XX003,TORY BURCH,D,AL,JEWELLERY,MADE IN CHINA,재고 없음
AB22CM01413X002,MARNI,K,AB,T-SHIRT Colore unico,MADE IN BULGARIA,재고 없음
AB22CM01413X002,MARNI,K,AB,T-SHIRT Colore unico,MADE IN BULGARIA,재고 없음
AB09CS05GSKW001,BONPOINT,K,AB,SKIRT Colore unico,MADE IN INDIA,재고 없음
AB09CS05GSKW001,BONPOINT,K,AB,SKIRT Colore unico,MADE IN INDIA,재고 없음
AB09XT170351001,THE ANDAMANE,D,AB,SKIRT,MADE IN ITALY,재고 없음
AB09XT170351001,THE ANDAMANE,D,AB,SKIRT,MADE IN ITALY,재고 없음
AB13X6B3RB68002,VALENTINO,D,AB,TROUSERS,MADE IN ITALY,재고 없음
AB13X6B3RB68002,VALENTINO,D,AB,TROUSERS,MADE IN ITALY,재고 없음
AB18X224JBD0001,COURREGES,D,AB,TOP,MADE IN ITALY,재고 없음
AB18X224JBD0001,COURREGES,D,AB,TOP,MADE IN ITALY,재고 없음
BO01X24PSS04002,RABANNE,D,BO,LEATHER BAG,MADE IN MADAGASCAR,재고 없음
BO01X24PSS04002,RABANNE,D,BO,LEATHER BAG,MADE IN MADAGASCAR,재고 없음
158518,SEMICOUTURE,Women,Clothing,Trousers,Italy,재고 없음
BO01XX08396X013,DIESEL,D,BO,LEATHER BAG,MADE IN ITALY,재고 없음
BO01XX08396X013,DIESEL,D,BO,LEATHER BAG,MADE IN ITALY,재고 없음
BO01X6W2B0R3001,VALENTINO GARAVANI,D,BO,LEATHER BAG,MADE IN ITALY,재고 없음
BO01X6W2B0R3001,VALENTINO GARAVANI,D,BO,LEATHER BAG,MADE IN ITALY,재고 없음
AB22COBAA002034,OFF WHITE,K,AB,T-SHIRT Colore unico,MADE IN PORTUGAL,재고 없음
AB22COBAA002034,OFF WHITE,K,AB,T-SHIRT Colore unico,MADE IN PORTUGAL,재고 없음
BO01X2T78XXX001,JW PEI,D,BO,LEATHER BAG,MADE IN ITALY,재고 없음
BO01X2T78XXX001,JW PEI,D,BO,LEATHER BAG,MADE IN ITALY,재고 없음
BO01X2T78XXX002,JW PEI,D,BO,LEATHER BAG,MADE IN ITALY,재고 없음
BO01X2T78XXX002,JW PEI,D,BO,LEATHER BAG,MADE IN ITALY,재고 없음
CA03CX4X687X001,EMPORIO ARMANI,U,CA,SNEAKERS Colore unico,MADE IN INDONESIA,재고 없음
CA03CX4X687X001,EMPORIO ARMANI,U,CA,SNEAKERS Colore unico,MADE IN INDONESIA,재고 없음
AB01XDRE0316004,LA DOUBLE J,D,AB,DRESS,MADE IN ITALY,재고 없음
AB01XDRE0316004,LA DOUBLE J,D,AB,DRESS,MADE IN ITALY,재고 없음
AB01X791315X001,BOTTEGA VENETA,D,AB,DRESS,MADE IN ITALY,재고 없음
AB01X791315X001,BOTTEGA VENETA,D,AB,DRESS,MADE IN ITALY,재고 없음
158667,MC2 SAINT BARTH KIDS,Baby girl,Bags,Mini Bags,India,재고 없음
AB01X818349X001,GUCCI,D,AB,DRESS,MADE IN ITALY,재고 없음
AB01X818349X001,GUCCI,D,AB,DRESS,MADE IN ITALY,재고 없음
AB03XF4114XX001,FORET,U,AB,SHORT,MADE IN TURKEY,재고 없음
AB03XF4114XX001,FORET,U,AB,SHORT,MADE IN TURKEY,재고 없음
AB02CKS10251001,KONGES SLOJD,K,AB,BEACHWEAR,MADE IN CHINA,재고 없음
AB02CKS10251001,KONGES SLOJD,K,AB,BEACHWEAR,MADE IN CHINA,재고 없음
AB03C323-958001,RALPH LAUREN,K,AB,SHORT Colore unico,MADE IN INDIA,재고 없음
AB03C323-958001,RALPH LAUREN,K,AB,SHORT Colore unico,MADE IN INDIA,재고 없음
158844,PLAIN,Women,Clothing,Shirts and blouses,Italy,재고 없음
158852,ANITA BILARDI,Women,Bags,Tote bags,Italy,재고 없음
AL11X226AC43013,JACQUEMUS,D,AL,SCARF,MADE IN ITALY,재고 없음
AL11X226AC43013,JACQUEMUS,D,AL,SCARF,MADE IN ITALY,재고 없음
158916,MOMONì ,Women,Clothing,Shirts and blouses,Italy,재고 없음
CA03XAULWLL1013,AUTRY,D,CA,SNEAKERS,MADE IN ITALY,재고 없음
CA03XAULWLL1013,AUTRY,D,CA,SNEAKERS,MADE IN ITALY,재고 없음
158931,NORMA KAMALI,Women,Clothing,Jumpsuits,China,재고 없음
AB04XF79FGTX001,DOLCE&GABBANA,D,AB,SHIRT,MADE IN ITALY,재고 없음
AB04XF79FGTX001,DOLCE&GABBANA,D,AB,SHIRT,MADE IN ITALY,재고 없음
AB07XW4029R0002,WARDROBE NYC,D,AB,JACKET,MADE IN SLOVAKIA,재고 없음
AB07XW4029R0002,WARDROBE NYC,D,AB,JACKET,MADE IN SLOVAKIA,재고 없음
AB02XJERRYXX001,HUNZA G,D,AB,BEACHWEAR,MADE IN MOROCCO,재고 없음
AB02XJERRYXX001,HUNZA G,D,AB,BEACHWEAR,MADE IN MOROCCO,재고 없음
AB13CS05GPAW001,BONPOINT,K,AB,TROUSERS Colore unico,MADE IN ALBANIA,재고 없음
AB13CS05GPAW001,BONPOINT,K,AB,TROUSERS Colore unico,MADE IN ALBANIA,재고 없음
AB04XWRIA004001,ETRO,D,AB,SHIRT,MADE IN ITALY,재고 없음
AB04XWRIA004001,ETRO,D,AB,SHIRT,MADE IN ITALY,재고 없음
BO01X786187X002,BALENCIAGA,D,BO,LEATHER BAG,MADE IN ITALY,재고 없음
BO01X786187X002,BALENCIAGA,D,BO,LEATHER BAG,MADE IN ITALY,재고 없음
AB13X18CMPA0004,CP COMPANY,U,AB,TROUSERS,MADE IN CHINA,재고 없음
AB13X18CMPA0004,CP COMPANY,U,AB,TROUSERS,MADE IN CHINA,재고 없음
AB01X830263X001,SAINT LAURENT,D,AB,DRESS,,재고 없음
AB01X830263X001,SAINT LAURENT,D,AB,DRESS,,재고 없음
AB03COBCI001009,OFF WHITE,K,AB,SHORT Colore unico,MADE IN PORTUGAL,재고 없음
AB03COBCI001009,OFF WHITE,K,AB,SHORT Colore unico,MADE IN PORTUGAL,재고 없음
AB03COBCI001008,OFF WHITE,K,AB,SHORT Colore unico,MADE IN PORTUGAL,재고 없음
AB03COBCI001008,OFF WHITE,K,AB,SHORT Colore unico,MADE IN PORTUGAL,재고 없음
AB31CKS10281002,KONGES SLOJD,K,AB,DOWNJACKET,MADE IN CHINA,재고 없음
AB31CKS10281002,KONGES SLOJD,K,AB,DOWNJACKET,MADE IN CHINA,재고 없음
AB01X104996X001,PINKO,D,AB,DRESS,MADE IN CHINA,재고 없음
AB01X104996X001,PINKO,D,AB,DRESS,MADE IN CHINA,재고 없음
AB02CKS10223002,KONGES SLOJD,K,AB,BEACHWEAR,MADE IN CHINA,재고 없음
AB02CKS10223002,KONGES SLOJD,K,AB,BEACHWEAR,MADE IN CHINA,재고 없음
AB02XBONNIEX002,HUNZA G,D,AB,BEACHWEAR,MADE IN MAROCCO,재고 없음
AB02XBONNIEX002,HUNZA G,D,AB,BEACHWEAR,MADE IN MAROCCO,재고 없음
AB02XBX005AX002,VENUJA,D,AB,BEACHWEAR,MADE IN CHINA,재고 없음
AB02XBX005AX002,VENUJA,D,AB,BEACHWEAR,MADE IN CHINA,재고 없음
AB03XFR6543X001,FENDI,D,AB,SHORT,MADE IN ITALY,재고 없음
AB03XFR6543X001,FENDI,D,AB,SHORT,MADE IN ITALY,재고 없음
BO01XC25SS91001,CHLOE',D,BO,LEATHER BAG,MADE IN ITALY,재고 없음
BO01XC25SS91001,CHLOE',D,BO,LEATHER BAG,MADE IN ITALY,재고 없음
AB03XSS25-23001,ARTE,U,AB,SHORT,MADE IN PORTUGAL,재고 없음
AB03XSS25-23001,ARTE,U,AB,SHORT,MADE IN PORTUGAL,재고 없음
AB03XK1S15B1011,STONE ISLAND,U,AB,SHORT,MADE IN INDONESIA,재고 없음
AB03XK1S15B1011,STONE ISLAND,U,AB,SHORT,MADE IN INDONESIA,재고 없음
AL02X153719X001,TORY BURCH,D,AL,2000029974496,MADE IN CHINA,재고 없음
AL02X153719X001,TORY BURCH,D,AL,2000029974496,MADE IN CHINA,재고 없음
29924993,SORBET ISLAND,Woman,Clothing,Sea clothing,Grecia,원가 없음 또는 0원
29924993,SORBET ISLAND,Woman,Clothing,Sea clothing,Grecia,원가 없음 또는 0원
29924993,SORBET ISLAND,Woman,Clothing,Sea clothing,Grecia,원가 없음 또는 0원
29924993,SORBET ISLAND,Woman,Clothing,Sea clothing,Grecia,원가 없음 또는 0원
29924993,SORBET ISLAND,Woman,Clothing,Sea clothing,Grecia,원가 없음 또는 0원
29924993,SORBET ISLAND,Woman,Clothing,Sea clothing,Grecia,원가 없음 또는 0원
CA03XCS2305X002,DOLCE&GABBANA,U,CA,SNEAKERS,MADE IN ITALY,재고 없음
CA03XCS2305X002,DOLCE&GABBANA,U,CA,SNEAKERS,MADE IN ITALY,재고 없음
AB22CC20486_001,CHLOE',K,AB,T-SHIRT Colore unico,MADE IN TUNISIA,재고 없음
AB22CC20486_001,CHLOE',K,AB,T-SHIRT Colore unico,MADE IN TUNISIA,재고 없음
AB07CEM00014002,EMPORIO ARMANI,U,AB,JACKET Colore unico,MADE IN TUNISIA,재고 없음
AB07CEM00014002,EMPORIO ARMANI,U,AB,JACKET Colore unico,MADE IN TUNISIA,재고 없음
AB02CEM00058007,EMPORIO ARMANI,U,AB,BEACHWEAR Colore unico,MADE IN VIETNAM,재고 없음
AB02CEM00058007,EMPORIO ARMANI,U,AB,BEACHWEAR Colore unico,MADE IN VIETNAM,재고 없음
AB09XQ221GOX001,QUIRA,D,AB,SKIRT,MADE IN ITALY,재고 없음
AB09XQ221GOX001,QUIRA,D,AB,SKIRT,MADE IN ITALY,재고 없음
160076,'S MAXMARA,Women,Clothing,Jersey,,재고 없음
AB04CKS10230002,KONGES SLOJD,K,AB,SHIRT,MADE IN CHINA,재고 없음
AB04CKS10230002,KONGES SLOJD,K,AB,SHIRT,MADE IN CHINA,재고 없음
AB22X37768XX004,PATAGONIA,U,AB,T-SHIRT,MADE IN MEXICO,재고 없음
AB22X37768XX004,PATAGONIA,U,AB,T-SHIRT,MADE IN MEXICO,재고 없음
BO01X103765X001,PINKO,D,BO,LEATHER BAG,MADE IN CHINA,재고 없음
BO01X103765X001,PINKO,D,BO,LEATHER BAG,MADE IN CHINA,재고 없음
AB31X2052MXX006,CANADA GOOSE,U,AB,2000031316543,MADE IN CANADA,재고 없음
AB31X2052MXX006,CANADA GOOSE,U,AB,2000031316543,MADE IN CANADA,재고 없음
AB13CEW00071002,EMPORIO ARMANI,D,AB,TROUSERS,MADE IN TURKEY,재고 없음
AB13CEW00071002,EMPORIO ARMANI,D,AB,TROUSERS,MADE IN TURKEY,재고 없음
AB07XJ-NAYAD001,TAGLIATORE,D,AB,JACKET,MADE IN ITALY,재고 없음
AB07XJ-NAYAD001,TAGLIATORE,D,AB,JACKET,MADE IN ITALY,재고 없음
CA03C772410X001,GUCCI,K,CA,SNEAKERS Colore unico,MADE IN ITALY,재고 없음
CA03C772410X001,GUCCI,K,CA,SNEAKERS Colore unico,MADE IN ITALY,재고 없음
29945726,Longchamp,Woman,Bags,Bags..,Cina,원가 없음 또는 0원
29945726,Longchamp,Woman,Bags,Bags..,Cina,원가 없음 또는 0원
29945726,Longchamp,Woman,Bags,Bags..,Cina,원가 없음 또는 0원
29945726,Longchamp,Woman,Bags,Bags..,Cina,원가 없음 또는 0원
29945726,Longchamp,Woman,Bags,Bags..,Cina,원가 없음 또는 0원
29945726,Longchamp,Woman,Bags,Bags..,Cina,원가 없음 또는 0원
AB23X18CMSS0005,CP COMPANY,U,AB,SWEATSHIRT,MADE IN MYANMAR,재고 없음
AB23X18CMSS0005,CP COMPANY,U,AB,SWEATSHIRT,MADE IN MYANMAR,재고 없음
AB01X167777X001,TORY BURCH,D,AB,DRESS,MADE IN CHINA,재고 없음
AB01X167777X001,TORY BURCH,D,AB,DRESS,MADE IN CHINA,재고 없음
AB01XF8842XX001,GANNI,D,AB,DRESS,MADE IN INDIA,재고 없음
AB01XF8842XX001,GANNI,D,AB,DRESS,MADE IN INDIA,재고 없음
161723,SOSUE,Women,Clothing,Shirts and blouses,,재고 없음
AB01X813259X001,GUCCI,D,AB,DRESS,MADE IN ITALY,재고 없음
AB01X813259X001,GUCCI,D,AB,DRESS,MADE IN ITALY,재고 없음
AB01XFW2349X001,COSTARELLOS,D,AB,DRESS,MADE IN GREECE,재고 없음
AB01XFW2349X001,COSTARELLOS,D,AB,DRESS,MADE IN GREECE,재고 없음
AB01XJ1611XX001,GANNI,D,AB,DRESS,MADE IN TUNISIA,재고 없음
AB01XJ1611XX001,GANNI,D,AB,DRESS,MADE IN TUNISIA,재고 없음
162053,YVMIN X SHUSHU TONG,Women,Jewelry,Necklaces,,재고 없음
162165,MERCI,Women,Clothing,Outerwear,,재고 없음
162168,MERCI,Women,Clothing,Dresses,,재고 없음
162180,MERCI,Women,Clothing,Blazers,,재고 없음
29006086,SportMax,Woman,Clothing,Trousers,ITALIA,원가 없음 또는 0원
29006086,SportMax,Woman,Clothing,Trousers,ITALIA,원가 없음 또는 0원
29006086,SportMax,Woman,Clothing,Trousers,ITALIA,원가 없음 또는 0원
29006086,SportMax,Woman,Clothing,Trousers,ITALIA,원가 없음 또는 0원
29006086,SportMax,Woman,Clothing,Trousers,ITALIA,원가 없음 또는 0원
29006086,SportMax,Woman,Clothing,Trousers,ITALIA,원가 없음 또는 0원
AB01XFABX360001,ALESSANDRA RICH,D,AB,DRESS,MADE IN ITALY,재고 없음
AB01XFABX360001,ALESSANDRA RICH,D,AB,DRESS,MADE IN ITALY,재고 없음
162358,ME369,Women,Clothing,Skirts,China,재고 없음
AB01XARMTMKN001,ARMARIUM,D,AB,T SHIRT,MADE IN ITALY,재고 없음
AB01XARMTMKN001,ARMARIUM,D,AB,T SHIRT,MADE IN ITALY,재고 없음
162409,PLAIN,Women,Clothing,Shirts and blouses,,재고 없음
AB01XPF23-03001,SELF PORTRAIT,D,AB,DRESS,MADE IN CHINA,재고 없음
AB01XPF23-03001,SELF PORTRAIT,D,AB,DRESS,MADE IN CHINA,재고 없음
28563605,Burberry,Woman,Clothing,Shirts,Romania,원가 없음 또는 0원
28563605,Burberry,Woman,Clothing,Shirts,Romania,원가 없음 또는 0원
28563605,Burberry,Woman,Clothing,Shirts,Romania,원가 없음 또는 0원
28563605,Burberry,Woman,Clothing,Shirts,Romania,원가 없음 또는 0원
28563605,Burberry,Woman,Clothing,Shirts,Romania,원가 없음 또는 0원
28563605,Burberry,Woman,Clothing,Shirts,Romania,원가 없음 또는 0원
AB03C7M00032001,EA7,U,AB,SHORT Colore unico,MADE IN CAMBOGIA,재고 없음
AB03C7M00032001,EA7,U,AB,SHORT Colore unico,MADE IN CAMBOGIA,재고 없음
AB03C813476X001,GUCCI,K,AB,SHORT Colore unico,MADE IN ITALY,재고 없음
AB03C813476X001,GUCCI,K,AB,SHORT Colore unico,MADE IN ITALY,재고 없음
BO01X815118X002,GUCCI,D,BO,mini bag,MADE IN ITALY,재고 없음
BO01X815118X002,GUCCI,D,BO,mini bag,MADE IN ITALY,재고 없음
AB03CKS10230004,KONGES SLOJD,K,AB,SHORT,MADE IN CHINA,재고 없음
AB03CKS10230004,KONGES SLOJD,K,AB,SHORT,MADE IN CHINA,재고 없음
AL02X696433X003,FERRAGAMO,D,AL,JEWELLERY,MADE IN ITALY,재고 없음
AL02X696433X003,FERRAGAMO,D,AL,JEWELLERY,MADE IN ITALY,재고 없음
AB03XCF1MA12001,BALMAIN,D,AB,SHORT,MADE IN ITALY,재고 없음
AB03XCF1MA12001,BALMAIN,D,AB,SHORT,MADE IN ITALY,재고 없음
162830,PHOEBE PHILO,Women,Accessories,Sunglasses,,재고 없음
CA03XJI2734X001,ADIDAS ORIGINALS,D,CA,SNEAKERS,MADE IN INDONESIA,재고 없음
CA03XJI2734X001,ADIDAS ORIGINALS,D,CA,SNEAKERS,MADE IN INDONESIA,재고 없음
162998,PLAIN,Women,Clothing,Outerwear,,재고 없음
AB03COBCI001006,OFF WHITE,K,AB,SHORT Colore unico,MADE IN PORTUGAL,재고 없음
AB03COBCI001006,OFF WHITE,K,AB,SHORT Colore unico,MADE IN PORTUGAL,재고 없음
BO01X251BA42002,JACQUEMUS,D,BO,LEATHER BAG,,재고 없음
BO01X251BA42002,JACQUEMUS,D,BO,LEATHER BAG,,재고 없음
AB03CP25PB19004,IL GUFO,K,AB,SHORT Colore unico,MADE IN ITALY,재고 없음
AB03CP25PB19004,IL GUFO,K,AB,SHORT Colore unico,MADE IN ITALY,재고 없음
CA03XHXW6470001,HOGAN,D,CA,SNEAKERS,MADE IN ITALY,재고 없음
CA03XHXW6470001,HOGAN,D,CA,SNEAKERS,MADE IN ITALY,재고 없음
154893,THE ROW,Women,Clothing,Outerwear,Italy,재고 없음
AB03XPMCL004006,PALM ANGELS,U,AB,SHORT,MADE IN PORTUGAL,재고 없음
AB03XPMCL004006,PALM ANGELS,U,AB,SHORT,MADE IN PORTUGAL,재고 없음
AB03XK14012B001,MONCLER X MERCEDES-BENZ BY NIGO,U,AB,SHORT,MADE IN ROMANIA,재고 없음
AB03XK14012B001,MONCLER X MERCEDES-BENZ BY NIGO,U,AB,SHORT,MADE IN ROMANIA,재고 없음
AB03CK1S1662011,STONE ISLAND,K,AB,SHORT Colore unico,MADE IN ROMANIA,재고 없음
AB03CK1S1662011,STONE ISLAND,K,AB,SHORT Colore unico,MADE IN ROMANIA,재고 없음
AL02X140674X001,TORY BURCH,D,AL,JEWELLERY,MADE IN CHINA,재고 없음
AL02X140674X001,TORY BURCH,D,AL,JEWELLERY,MADE IN CHINA,재고 없음
AB28CS05GDRW006,BONPOINT,K,AB,BABY DRESS Colore unico,MADE IN MADAGASCAR,재고 없음
AB28CS05GDRW006,BONPOINT,K,AB,BABY DRESS Colore unico,MADE IN MADAGASCAR,재고 없음
AB29CKS10241003,KONGES SLOJD,K,AB,POLO,MADE IN BANGLADESH,재고 없음
AB29CKS10241003,KONGES SLOJD,K,AB,POLO,MADE IN BANGLADESH,재고 없음
AB03COBYC002001,OFF WHITE,K,AB,SHORT Colore unico,MADE IN PORTUGAL,재고 없음
AB03COBYC002001,OFF WHITE,K,AB,SHORT Colore unico,MADE IN PORTUGAL,재고 없음
163215,FEDERICA TOSI,Women,Jewelry,Earrings,,재고 없음
AB04CK1S1612003,STONE ISLAND,K,AB,SHIRT Colore unico,MADE IN ITALY,재고 없음
AB04CK1S1612003,STONE ISLAND,K,AB,SHIRT Colore unico,MADE IN ITALY,재고 없음
AB03CS05BBEW002,BONPOINT,K,AB,SHORT Colore unico,MADE IN ALBANIA,재고 없음
AB03CS05BBEW002,BONPOINT,K,AB,SHORT Colore unico,MADE IN ALBANIA,재고 없음
AB03CS05GBEK001,BONPOINT,K,AB,SHORT Colore unico,MADE IN INDIA,재고 없음
AB03CS05GBEK001,BONPOINT,K,AB,SHORT Colore unico,MADE IN INDIA,재고 없음
163318,FENDI,Men,Clothing,Sweatshirts,Italy,재고 없음
AB04CP25CC10007,IL GUFO,K,AB,SHIRT Colore unico,MADE IN ITALY,재고 없음
AB04CP25CC10007,IL GUFO,K,AB,SHIRT Colore unico,MADE IN ITALY,재고 없음
AB04XMRIC001007,ETRO,U,AB,SHIRT,MADE IN ITALY,재고 없음
AB04XMRIC001007,ETRO,U,AB,SHIRT,MADE IN ITALY,재고 없음
AB04XNOLAXXX002,MAX MARA,D,AB,SHIRT,MADE IN ITALY,재고 없음
AB04XNOLAXXX002,MAX MARA,D,AB,SHIRT,MADE IN ITALY,재고 없음
AB04XLEESHOW002,JOHN SMEDLEY,U,AB,SHIRT,MADE IN U.K.,재고 없음
AB04XLEESHOW002,JOHN SMEDLEY,U,AB,SHIRT,MADE IN U.K.,재고 없음
AB03XRU01E53001,RICK OWENS,U,AB,SHORT,MADE IN ITALY,재고 없음
AB03XRU01E53001,RICK OWENS,U,AB,SHORT,MADE IN ITALY,재고 없음
AB04XSARONGX001,SPORTMAX,D,AB,SHIRT,MADE IN CHINA,재고 없음
AB04XSARONGX001,SPORTMAX,D,AB,SHIRT,MADE IN CHINA,재고 없음
164229,LONGCHAMP,Women,Bags,Hand bags,China,재고 없음
29006339,,Man,Bags,Bags..,VN,브랜드 실패(사유: None) / 카테고리 성공 / 원산지 성공
29006339,,Man,Bags,Bags..,VN,브랜드 실패(사유: None) / 카테고리 성공 / 원산지 성공
29006339,,Man,Bags,Bags..,VN,브랜드 실패(사유: None) / 카테고리 성공 / 원산지 성공
29006339,,Man,Bags,Bags..,VN,브랜드 실패(사유: None) / 카테고리 성공 / 원산지 성공
29006339,,Man,Bags,Bags..,VN,브랜드 실패(사유: None) / 카테고리 성공 / 원산지 성공
29006339,,Man,Bags,Bags..,VN,브랜드 실패(사유: None) / 카테고리 성공 / 원산지 성공
AB04X8731XXX001,SWORD,D,AB,SHIRT,MADE IN INDIA,재고 없음
AB04X8731XXX001,SWORD,D,AB,SHIRT,MADE IN INDIA,재고 없음
BO02X167972X001,TORY BURCH,D,BO,FABRIC BAG,MADE IN CHINA,재고 없음
BO02X167972X001,TORY BURCH,D,BO,FABRIC BAG,MADE IN CHINA,재고 없음
164315,BRUNELLO CUCINELLI,Women,Shoes,Flat Shoes,,재고 없음
AB01X822231X001,SAINT LAURENT,D,AB,DRESS,MADE IN ITALY,재고 없음
AB01X822231X001,SAINT LAURENT,D,AB,DRESS,MADE IN ITALY,재고 없음
AB04XA0213XX003,PHILOSOPHY,D,AB,SHIRT,MADE IN ITALY,재고 없음
AB04XA0213XX003,PHILOSOPHY,D,AB,SHIRT,MADE IN ITALY,재고 없음
AB04XRU01E52001,RICK OWENS,U,AB,SHIRT,MADE IN ITALY,재고 없음
AB04XRU01E52001,RICK OWENS,U,AB,SHIRT,MADE IN ITALY,재고 없음
AB01CEW00083001,EMPORIO ARMANI,D,AB,DRESS Colore unico,MADE IN CHINA,재고 없음
AB01CEW00083001,EMPORIO ARMANI,D,AB,DRESS Colore unico,MADE IN CHINA,재고 없음
AB01X1125LDR001,VICTORIA BECKHAM,D,AB,DRESS,MADE IN MAURITIUS,재고 없음
AB01X1125LDR001,VICTORIA BECKHAM,D,AB,DRESS,MADE IN MAURITIUS,재고 없음
AB07X4SHGG17001,GIORGIO ARMANI,D,AB,JACKET,MADE IN ITALY,재고 없음
AB07X4SHGG17001,GIORGIO ARMANI,D,AB,JACKET,MADE IN ITALY,재고 없음
AB04CP25CC10008,IL GUFO,K,AB,SHIRT Colore unico,MADE IN ITALY,재고 없음
AB04CP25CC10008,IL GUFO,K,AB,SHIRT Colore unico,MADE IN ITALY,재고 없음
29006424,Her Shirt,Woman,Clothing,Shirts,ITALIA,원가 없음 또는 0원
29006424,Her Shirt,Woman,Clothing,Shirts,ITALIA,원가 없음 또는 0원
29006424,Her Shirt,Woman,Clothing,Shirts,ITALIA,원가 없음 또는 0원
29006424,Her Shirt,Woman,Clothing,Shirts,ITALIA,원가 없음 또는 0원
29006424,Her Shirt,Woman,Clothing,Shirts,ITALIA,원가 없음 또는 0원
29006424,Her Shirt,Woman,Clothing,Shirts,ITALIA,원가 없음 또는 0원
164901,GUCCI,Women,Accessories,Leather Products,Italy,재고 없음
165173,OBIDI,Women,Clothing,Shirts and blouses,Italy,재고 없음
BO01X162450X002,TORY BURCH,D,BO,LEATHER BAG,MADE IN VIETNAM,재고 없음
BO01X162450X002,TORY BURCH,D,BO,LEATHER BAG,MADE IN VIETNAM,재고 없음
AB01X164803X001,TORY BURCH,D,AB,DRESS,MADE IN CHINA,재고 없음
AB01X164803X001,TORY BURCH,D,AB,DRESS,MADE IN CHINA,재고 없음
AB01X1125WDR002,VICTORIA BECKHAM,D,AB,DRESS,MADE IN PORTUGAL,재고 없음
AB01X1125WDR002,VICTORIA BECKHAM,D,AB,DRESS,MADE IN PORTUGAL,재고 없음
AB01X25SRO26001,CHLOE',D,AB,DRESS,MADE IN MADAGASCAR,재고 없음
AB01X25SRO26001,CHLOE',D,AB,DRESS,MADE IN MADAGASCAR,재고 없음
AB01XTM17016001,THE ANDAMANE,D,AB,DRESS,MADE IN ITALY,재고 없음
AB01XTM17016001,THE ANDAMANE,D,AB,DRESS,MADE IN ITALY,재고 없음
AB01XFDD297X001,FENDI,D,AB,DRESS,MADE IN ITALY,재고 없음
AB01XFDD297X001,FENDI,D,AB,DRESS,MADE IN ITALY,재고 없음
165335,LONGCHAMP,Women,Accessories,Leather Products,China,재고 없음
AB01XVT118XX001,MAYGEL CORONEL,D,AB,DRESS,MADE IN COLOMBIA,재고 없음
AB01XVT118XX001,MAYGEL CORONEL,D,AB,DRESS,MADE IN COLOMBIA,재고 없음
165345,LONGCHAMP,Women,Bags,Tote bags,Romania,재고 없음
AB01XA14186X001,DIESEL,D,AB,DRESS,,재고 없음
AB01X251DR22002,JACQUEMUS,D,AB,DRESS,MADE IN BULGARIA,재고 없음
AB01X251DR22002,JACQUEMUS,D,AB,DRESS,MADE IN BULGARIA,재고 없음
AB01XF6TYSTX001,DOLCE&GABBANA,D,AB,DRESS,,재고 없음
AB01XA18905X001,DIESEL,D,AB,DRESS,,재고 없음
165371,LONGCHAMP,Women,Bags,Tote bags,China,재고 없음
AB03CEM00190002,EMPORIO ARMANI,U,AB,SHORT Colore unico,MADE IN TUNISIA,재고 없음
AB03CEM00190002,EMPORIO ARMANI,U,AB,SHORT Colore unico,MADE IN TUNISIA,재고 없음
AB11CS05GJUK003,BONPOINT,K,AB,KNITWEAR Colore unico,MADE IN CHINA,재고 없음
AB11CS05GJUK003,BONPOINT,K,AB,KNITWEAR Colore unico,MADE IN CHINA,재고 없음
BO01X8BS073X006,FENDI,D,BO,LEATHER BAG,,재고 없음
BO01X8BS073X006,FENDI,D,BO,LEATHER BAG,,재고 없음
CA03XML610XX002,NEW BALANCE,D,CA,SNEAKERS,MADE IN INDONESIA,재고 없음
CA03XML610XX002,NEW BALANCE,D,CA,SNEAKERS,MADE IN INDONESIA,재고 없음
AB01XAA9R258001,ALAIA,D,AB,DRESS,MADE IN ITALY,재고 없음
AB01XAA9R258001,ALAIA,D,AB,DRESS,MADE IN ITALY,재고 없음
AB01X6A0491X001,STELLA MCCARTNEY,D,AB,DRESS,MADE IN ITALY,재고 없음
AB01X6A0491X001,STELLA MCCARTNEY,D,AB,DRESS,MADE IN ITALY,재고 없음
AB01XPS2342X002,COSTARELLOS,D,AB,DRESS,MADE IN GREECE,재고 없음
AB01XPS2342X002,COSTARELLOS,D,AB,DRESS,MADE IN GREECE,재고 없음
AL04CKS10230002,KONGES SLOJD,K,AL,HAT,MADE IN CHINA,재고 없음
AL04CKS10230002,KONGES SLOJD,K,AL,HAT,MADE IN CHINA,재고 없음
AL04XJ209T3B001,MONCLER,D,AL,HAT,MADE IN BULGARIA,재고 없음
AL04XJ209T3B001,MONCLER,D,AL,HAT,MADE IN BULGARIA,재고 없음
AB01XRO0842F001,ISABEL MARANT ETOILE,D,AB,DRESS,,재고 없음
AB11CS05GJUK004,BONPOINT,K,AB,KNITWEAR Colore unico,MADE IN CHINA,재고 없음
AB11CS05GJUK004,BONPOINT,K,AB,KNITWEAR Colore unico,MADE IN CHINA,재고 없음
AB13X18CMSP1001,CP COMPANY,U,AB,TROUSERS,MADE IN TURKEY,재고 없음
AB13X18CMSP1001,CP COMPANY,U,AB,TROUSERS,MADE IN TURKEY,재고 없음
AB03CK1S16L1003,STONE ISLAND,K,AB,SHORT Colore unico,MADE IN TUNISIA,재고 없음
AB03CK1S16L1003,STONE ISLAND,K,AB,SHORT Colore unico,MADE IN TUNISIA,재고 없음
AB03X255DE06001,JACQUEMUS,U,AB,SHORT,,재고 없음
AB03X255DE06001,JACQUEMUS,U,AB,SHORT,,재고 없음
AB09CKS10286001,KONGES SLOJD,K,AB,SKIRT,MADE IN CHINA,재고 없음
AB09CKS10286001,KONGES SLOJD,K,AB,SKIRT,MADE IN CHINA,재고 없음
AL11XALOEUWS010,PIERRE LOUIS MASCIA,D,AL,SCARF,MADE IN ITALY,재고 없음
AL11XALOEUWS010,PIERRE LOUIS MASCIA,D,AL,SCARF,MADE IN ITALY,재고 없음
166173,AUTRY,Men,Shoes,Sneakers,,재고 없음
AB28CS05GDRW008,BONPOINT,K,AB,BABY DRESS Colore unico,MADE IN INDIA,재고 없음
AB28CS05GDRW008,BONPOINT,K,AB,BABY DRESS Colore unico,MADE IN INDIA,재고 없음
AB02CEM00058006,EMPORIO ARMANI,U,AB,BEACHWEAR Colore unico,MADE IN TURKEY,재고 없음
AB02CEM00058006,EMPORIO ARMANI,U,AB,BEACHWEAR Colore unico,MADE IN TURKEY,재고 없음
AB11XHKS163X002,AMI,U,AB,2000031398471,MADE IN ITALY,재고 없음
AB11XHKS163X002,AMI,U,AB,2000031398471,MADE IN ITALY,재고 없음
AB02X790916X001,GUCCI,U,AB,BEACHWEAR,MADE IN ITALY,재고 없음
AB02X790916X001,GUCCI,U,AB,BEACHWEAR,MADE IN ITALY,재고 없음
AB04XBW70EWX001,GIVENCHY,D,AB,SHIRT,MADE IN PORTUGAL,재고 없음
AB04XBW70EWX001,GIVENCHY,D,AB,SHIRT,MADE IN PORTUGAL,재고 없음
AB13XDALLASX001,MAX MARA,D,AB,TROUSERS,MADE IN ITALY,재고 없음
AB13XDALLASX001,MAX MARA,D,AB,TROUSERS,MADE IN ITALY,재고 없음
AB04XGWP0203002,GOLDEN GOOSE,D,AB,SHIRT,MADE IN ITALY,재고 없음
AB04XGWP0203002,GOLDEN GOOSE,D,AB,SHIRT,MADE IN ITALY,재고 없음
AB13XHANGARX002,MAX MARA,D,AB,TROUSERS,MADE IN ITALY,재고 없음
AB13XHANGARX002,MAX MARA,D,AB,TROUSERS,MADE IN ITALY,재고 없음
29504235,SORBET ISLAND,Woman,Accessories,Bijoux,Grecia,원가 없음 또는 0원
29504235,SORBET ISLAND,Woman,Accessories,Bijoux,Grecia,원가 없음 또는 0원
29504235,SORBET ISLAND,Woman,Accessories,Bijoux,Grecia,원가 없음 또는 0원
29504235,SORBET ISLAND,Woman,Accessories,Bijoux,Grecia,원가 없음 또는 0원
29504235,SORBET ISLAND,Woman,Accessories,Bijoux,Grecia,원가 없음 또는 0원
29504235,SORBET ISLAND,Woman,Accessories,Bijoux,Grecia,원가 없음 또는 0원
AB04X25SHT16001,CHLOE',D,AB,SHIRT,MADE IN ITALY,재고 없음
AB04X25SHT16001,CHLOE',D,AB,SHIRT,MADE IN ITALY,재고 없음
AB11XLTAT24A001,TATRAS,D,AB,KNITWEAR,MADE IN CHINA,재고 없음
AB11XLTAT24A001,TATRAS,D,AB,KNITWEAR,MADE IN CHINA,재고 없음
AB02XCAMILLE001,HUNZA G,D,AB,BEACHWEAR,MADE IN MAROCCO,재고 없음
AB02XCAMILLE001,HUNZA G,D,AB,BEACHWEAR,MADE IN MAROCCO,재고 없음
AB18X784970X001,BOTTEGA VENETA,D,AB,TOP,MADE IN ITALY,재고 없음
AB18X784970X001,BOTTEGA VENETA,D,AB,TOP,MADE IN ITALY,재고 없음
AB13CAZZURRA002,MADILLY,K,AB,TROUSERS,MADE IN ITALY,재고 없음
AB13CAZZURRA002,MADILLY,K,AB,TROUSERS,MADE IN ITALY,재고 없음
AB24X18CMKN0001,CP COMPANY,U,AB,CARDIGAN,MADE IN MOLDOVA,재고 없음
AB24X18CMKN0001,CP COMPANY,U,AB,CARDIGAN,MADE IN MOLDOVA,재고 없음
AB04XWF520ML020,XACUS,U,AB,SHIRT,MADE IN TUNISIA,재고 없음
AB04XWF520ML020,XACUS,U,AB,SHIRT,MADE IN TUNISIA,재고 없음
AB02XBI005AX001,VENUJA,D,AB,BEACHWEAR,MADE IN CHINA,재고 없음
AB02XBI005AX001,VENUJA,D,AB,BEACHWEAR,MADE IN CHINA,재고 없음
AB02XOMFD011001,OFF WHITE,U,AB,BEACHWEAR,MADE IN ITALY,재고 없음
AB02XOMFD011001,OFF WHITE,U,AB,BEACHWEAR,MADE IN ITALY,재고 없음
CA03X3240019001,CHRISTIAN LOUBOUTIN,U,CA,SNEAKERS,MADE IN ITALY,재고 없음
CA03X3240019001,CHRISTIAN LOUBOUTIN,U,CA,SNEAKERS,MADE IN ITALY,재고 없음
AB02XOP005AX001,VENUJA,D,AB,BEACHWEAR,MADE IN CHINA,재고 없음
AB02XOP005AX001,VENUJA,D,AB,BEACHWEAR,MADE IN CHINA,재고 없음
AB02XRUBYXXX011,HUNZA G,D,AB,BEACHWEAR,MADE IN MAROCCO,재고 없음
AB02XRUBYXXX011,HUNZA G,D,AB,BEACHWEAR,MADE IN MAROCCO,재고 없음
AB06XA026EXX001,AGOLDE,D,AB,DENIM,MADE IN TURKEY,재고 없음
AB06XA026EXX001,AGOLDE,D,AB,DENIM,MADE IN TURKEY,재고 없음
AB18X25SJH12001,CHLOE',D,AB,TOP,MADE IN PORTUGAL,재고 없음
AB18X25SJH12001,CHLOE',D,AB,TOP,MADE IN PORTUGAL,재고 없음
AB07X831867X001,GUCCI,D,AB,JACKET,MADE IN ITALY,재고 없음
AB07X831867X001,GUCCI,D,AB,JACKET,MADE IN ITALY,재고 없음
AB07CP25GA44005,IL GUFO,K,AB,JACKET Colore unico,MADE IN ITALY,재고 없음
AB07CP25GA44005,IL GUFO,K,AB,JACKET Colore unico,MADE IN ITALY,재고 없음
AB03COBCI001007,OFF WHITE,K,AB,SHORT Colore unico,MADE IN PORTUGAL,재고 없음
AB03COBCI001007,OFF WHITE,K,AB,SHORT Colore unico,MADE IN PORTUGAL,재고 없음
167286,FEDERICA TOSI,Women,Jewelry,Earrings,,재고 없음
AB04CDW5A30X001,DOUDOU,K,AB,SHIRT Colore unico,MADE IN ITALY,재고 없음
AB04CDW5A30X001,DOUDOU,K,AB,SHIRT Colore unico,MADE IN ITALY,재고 없음
167796,FENDI,Women,Bags,Shoulder bags,Italy,재고 없음
AB13XPTMPA01001,BLAZE,D,AB,TROUSERS,MADE IN ITALY,재고 없음
AB13XPTMPA01001,BLAZE,D,AB,TROUSERS,MADE IN ITALY,재고 없음
AB03X8087335001,BURBERRY,U,AB,SHORT,MADE IN PORTUGAL,재고 없음
AB03X8087335001,BURBERRY,U,AB,SHORT,MADE IN PORTUGAL,재고 없음
AB03XAWKSP25001,AWAKE NY,U,AB,SHORT,,재고 없음
AB03XAWKSP25001,AWAKE NY,U,AB,SHORT,,재고 없음
167987,BOTTEGA VENETA,Women,Bags,Hand bags,Italy,재고 없음
AB03CS05GBEK002,BONPOINT,K,AB,SHORT Colore unico,MADE IN INDIA,재고 없음
AB03CS05GBEK002,BONPOINT,K,AB,SHORT Colore unico,MADE IN INDIA,재고 없음
AB22CB125AC0001,BOBO CHOSES,K,AB,T-SHIRT Colore unico,MADE IN PORTUGAL,재고 없음
AB22CB125AC0001,BOBO CHOSES,K,AB,T-SHIRT Colore unico,MADE IN PORTUGAL,재고 없음
AB09XDENVERX001,MAX MARA,D,AB,SKIRT,MADE IN ITALY,재고 없음
AB09XDENVERX001,MAX MARA,D,AB,SKIRT,MADE IN ITALY,재고 없음
AB10X18CMTS1010,CP COMPANY,U,AB,JERSEY,MADE IN MOLDOVA,재고 없음
AB10X18CMTS1010,CP COMPANY,U,AB,JERSEY,MADE IN MOLDOVA,재고 없음
AB03XK1S15B1001,STONE ISLAND,U,AB,SHORT,MADE IN INDONESIA,재고 없음
AB03XK1S15B1001,STONE ISLAND,U,AB,SHORT,MADE IN INDONESIA,재고 없음
AB18X25PITO0001,RABANNE,D,AB,TOP,MADE IN MADAGASCAR,재고 없음
AB18X25PITO0001,RABANNE,D,AB,TOP,MADE IN MADAGASCAR,재고 없음
168008,BOTTEGA VENETA,Women,Bags,Clutches and pochettes,Italy,재고 없음
AB01X820312X001,SAINT LAURENT,D,AB,DRESS,MADE IN FRANCE,재고 없음
AB01X820312X001,SAINT LAURENT,D,AB,DRESS,MADE IN FRANCE,재고 없음
168065,ERES,Women,Clothing,Beachwear,Italy,재고 없음
AB09XJU0009F001,ISABEL MARANT,D,AB,SKIRT,MADE IN PORTUGAL,재고 없음
AB09XJU0009F001,ISABEL MARANT,D,AB,SKIRT,MADE IN PORTUGAL,재고 없음
AB04CDW5B00X001,DOUDOU,K,AB,SHIRT Colore unico,MADE IN TURKEY,재고 없음
AB04CDW5B00X001,DOUDOU,K,AB,SHIRT Colore unico,MADE IN TURKEY,재고 없음
AB04CEM00152001,EMPORIO ARMANI,U,AB,SHIRT Colore unico,MADE IN CHINA,재고 없음
AB04CEM00152001,EMPORIO ARMANI,U,AB,SHIRT Colore unico,MADE IN CHINA,재고 없음
168182,MONCLER KIDS,Baby boy,Clothing,Blazers,Moldova,재고 없음
AB03XPT00051001,HERNO,U,AB,SHORT,MADE IN ITALY,재고 없음
AB03XPT00051001,HERNO,U,AB,SHORT,MADE IN ITALY,재고 없음
AB04X1802TRS001,ZIMMERMANN,D,AB,SHIRT,MADE IN CHINA,재고 없음
AB04X1802TRS001,ZIMMERMANN,D,AB,SHIRT,MADE IN CHINA,재고 없음
AB04X1834TRS001,ZIMMERMANN,D,AB,SHIRT,MADE IN CHINA,재고 없음
AB04X1834TRS001,ZIMMERMANN,D,AB,SHIRT,MADE IN CHINA,재고 없음
AB04X8091202001,BURBERRY,U,AB,SHIRT,MADE IN ITALY,재고 없음
AB04X8091202001,BURBERRY,U,AB,SHIRT,MADE IN ITALY,재고 없음
88141,THE ATTICO,Women,Clothing,Beachwear,Italy,재고 없음
AB01XRO0351F001,ISABEL MARANT,D,AB,DRESS,MADE IN INDIA,재고 없음
AB01XRO0351F001,ISABEL MARANT,D,AB,DRESS,MADE IN INDIA,재고 없음
AB11COBAB001002,OFF WHITE,K,AB,KNITWEAR Colore unico,MADE IN PORTUGAL,재고 없음
AB11COBAB001002,OFF WHITE,K,AB,KNITWEAR Colore unico,MADE IN PORTUGAL,재고 없음
AB22CC20486X001,CHLOE',K,AB,T-SHIRT Colore unico,MADE IN TUNISIA,재고 없음
AB22CC20486X001,CHLOE',K,AB,T-SHIRT Colore unico,MADE IN TUNISIA,재고 없음
93957,K. JACQUES,Women,Shoes,Flat Shoes,France,재고 없음
AB23CS05BSWK001,BONPOINT,K,AB,SWEATSHIRT Colore unico,MADE IN PORTUGAL,재고 없음
AB23CS05BSWK001,BONPOINT,K,AB,SWEATSHIRT Colore unico,MADE IN PORTUGAL,재고 없음
BO01X102790X008,PINKO,D,BO,LEATHER BAG,MADE IN CHINA,재고 없음
BO01X102790X008,PINKO,D,BO,LEATHER BAG,MADE IN CHINA,재고 없음
AB04X174734X001,TORY BURCH,D,AB,SHIRT,,재고 없음
AB03XK10938H001,MONCLER,D,AB,SHORT,MADE IN TURKEY,재고 없음
AB03XK10938H001,MONCLER,D,AB,SHORT,MADE IN TURKEY,재고 없음
120967,VALENTINO,Men,Clothing,Jersey,Italy,재고 없음
AB22XA06268X009,DIESEL,D,AB,T-SHIRT,MADE IN CHINA,재고 없음
AB22XA06268X009,DIESEL,D,AB,T-SHIRT,MADE IN CHINA,재고 없음
AB04CB125AC0001,BOBO CHOSES,K,AB,SHIRT Colore unico,MADE IN SPAIN,재고 없음
AB04CB125AC0001,BOBO CHOSES,K,AB,SHIRT Colore unico,MADE IN SPAIN,재고 없음
AB04XCOPCH52001,COPERNI,D,AB,SHIRT,MADE IN BULGARIA,재고 없음
AB04XCOPCH52001,COPERNI,D,AB,SHIRT,MADE IN BULGARIA,재고 없음
122936,ROTATE,Women,Clothing,Shirts and blouses,China,재고 없음
AB04X22MC000002,OBEY,U,AB,SHIRT,MADE IN INDIA,재고 없음
AB04X22MC000002,OBEY,U,AB,SHIRT,MADE IN INDIA,재고 없음
AB04X243SH06001,JACQUEMUS,D,AB,SHIRT,,재고 없음
AB04X243SH06001,JACQUEMUS,D,AB,SHIRT,,재고 없음
AB05XCA00058001,HERNO,D,AB,COAT,,재고 없음
AB05XMRBA008001,ETRO,U,AB,COAT,,재고 없음
AB04XSS25-02001,ARTE,U,AB,SHIRT,MADE IN PORTUGAL,재고 없음
AB04XSS25-02001,ARTE,U,AB,SHIRT,MADE IN PORTUGAL,재고 없음
AB04XA0214XX006,ALBERTA FERRETTI,D,AB,SHIRT,MADE IN ITALY,재고 없음
AB04XA0214XX006,ALBERTA FERRETTI,D,AB,SHIRT,MADE IN ITALY,재고 없음
AB23CB125AC0002,BOBO CHOSES,K,AB,SWEATSHIRT Colore unico,MADE IN PORTUGAL,재고 없음
AB23CB125AC0002,BOBO CHOSES,K,AB,SWEATSHIRT Colore unico,MADE IN PORTUGAL,재고 없음
AB04XMY63706001,BRUNELLO CUCINELLI,U,AB,SHIRT,,재고 없음
AB23C808721X001,GUCCI,K,AB,SWEATSHIRT Colore unico,MADE IN ITALY,재고 없음
AB23C808721X001,GUCCI,K,AB,SWEATSHIRT Colore unico,MADE IN ITALY,재고 없음
AB11CS05XOVW002,BONPOINT,K,AB,KNITWEAR Colore unico,MADE IN ALBANIA,재고 없음
AB11CS05XOVW002,BONPOINT,K,AB,KNITWEAR Colore unico,MADE IN ALBANIA,재고 없음
29504207,MC2 Saint Barth,Man,Clothing,T-shirts and Polos,Portogallo,원가 없음 또는 0원
29504207,MC2 Saint Barth,Man,Clothing,T-shirts and Polos,Portogallo,원가 없음 또는 0원
29504207,MC2 Saint Barth,Man,Clothing,T-shirts and Polos,Portogallo,원가 없음 또는 0원
29504207,MC2 Saint Barth,Man,Clothing,T-shirts and Polos,Portogallo,원가 없음 또는 0원
29504207,MC2 Saint Barth,Man,Clothing,T-shirts and Polos,Portogallo,원가 없음 또는 0원
29504207,MC2 Saint Barth,Man,Clothing,T-shirts and Polos,Portogallo,원가 없음 또는 0원
AB04XG5LH3TX001,DOLCE&GABBANA,U,AB,SHIRT,MADE IN ITALY,재고 없음
AB04XG5LH3TX001,DOLCE&GABBANA,U,AB,SHIRT,MADE IN ITALY,재고 없음
29504209,WOOLRICH BLACK LABEL,Man,Clothing,Shorts,ITALIA,원가 없음 또는 0원
29504209,WOOLRICH BLACK LABEL,Man,Clothing,Shorts,ITALIA,원가 없음 또는 0원
29504209,WOOLRICH BLACK LABEL,Man,Clothing,Shorts,ITALIA,원가 없음 또는 0원
29504209,WOOLRICH BLACK LABEL,Man,Clothing,Shorts,ITALIA,원가 없음 또는 0원
29504209,WOOLRICH BLACK LABEL,Man,Clothing,Shorts,ITALIA,원가 없음 또는 0원
29504209,WOOLRICH BLACK LABEL,Man,Clothing,Shorts,ITALIA,원가 없음 또는 0원
AB02X202516X001,ERES,D,AB,BEACHWEAR,MADE IN CHINA,재고 없음
AB02X202516X001,ERES,D,AB,BEACHWEAR,MADE IN CHINA,재고 없음
29504212,MC2 Saint Barth,Man,Clothing,T-shirts and Polos,Portogallo,원가 없음 또는 0원
29504212,MC2 Saint Barth,Man,Clothing,T-shirts and Polos,Portogallo,원가 없음 또는 0원
29504212,MC2 Saint Barth,Man,Clothing,T-shirts and Polos,Portogallo,원가 없음 또는 0원
29504212,MC2 Saint Barth,Man,Clothing,T-shirts and Polos,Portogallo,원가 없음 또는 0원
29504212,MC2 Saint Barth,Man,Clothing,T-shirts and Polos,Portogallo,원가 없음 또는 0원
29504212,MC2 Saint Barth,Man,Clothing,T-shirts and Polos,Portogallo,원가 없음 또는 0원
AB04XR13WR26001,R13,D,AB,SHIRT,MADE IN CHINA,재고 없음
AB04XR13WR26001,R13,D,AB,SHIRT,MADE IN CHINA,재고 없음
129975,BOTTEGA VENETA,Men,Clothing,Shirts and blouses,Italy,재고 없음
AB05X101597X002,PINKO,D,AB,COAT,MADE IN CHINA,재고 없음
AB05X101597X002,PINKO,D,AB,COAT,MADE IN CHINA,재고 없음
AB04XWRIA001003,ETRO,D,AB,SHIRT,,재고 없음
AB04XWRIA001003,ETRO,D,AB,SHIRT,,재고 없음
AB04XWSH16XX002,DARKPARK,D,AB,SHIRT,MADE IN ITALY,재고 없음
AB04XWSH16XX002,DARKPARK,D,AB,SHIRT,MADE IN ITALY,재고 없음
AB05XMA0440F001,ISABEL MARANT,D,AB,COAT,,재고 없음
AB04XS74DM09003,DSQUARED2,U,AB,SHIRT,,재고 없음
AB05XCA00058002,HERNO,D,AB,COAT,,재고 없음
29504230,SORBET ISLAND,Woman,Accessories,Bijoux,Grecia,원가 없음 또는 0원
29504230,SORBET ISLAND,Woman,Accessories,Bijoux,Grecia,원가 없음 또는 0원
29504230,SORBET ISLAND,Woman,Accessories,Bijoux,Grecia,원가 없음 또는 0원
29504230,SORBET ISLAND,Woman,Accessories,Bijoux,Grecia,원가 없음 또는 0원
29504230,SORBET ISLAND,Woman,Accessories,Bijoux,Grecia,원가 없음 또는 0원
29504230,SORBET ISLAND,Woman,Accessories,Bijoux,Grecia,원가 없음 또는 0원
31126364,Amiri,Boy,Clothing,T-shirts and Polos,IT,브랜드 실패(사유: None) / 카테고리 성공 / 원산지 성공
31126364,Amiri,Boy,Clothing,T-shirts and Polos,IT,브랜드 실패(사유: None) / 카테고리 성공 / 원산지 성공
31126364,Amiri,Boy,Clothing,T-shirts and Polos,IT,브랜드 실패(사유: None) / 카테고리 성공 / 원산지 성공
31126364,Amiri,Boy,Clothing,T-shirts and Polos,IT,브랜드 실패(사유: None) / 카테고리 성공 / 원산지 성공
31126364,Amiri,Boy,Clothing,T-shirts and Polos,IT,브랜드 실패(사유: None) / 카테고리 성공 / 원산지 성공
AB05XS74AA03001,DSQUARED2,U,AB,COAT,,재고 없음
29504231,MC2 Saint Barth,Man,Clothing,T-shirts and Polos,Portogallo,원가 없음 또는 0원
29504231,MC2 Saint Barth,Man,Clothing,T-shirts and Polos,Portogallo,원가 없음 또는 0원
29504231,MC2 Saint Barth,Man,Clothing,T-shirts and Polos,Portogallo,원가 없음 또는 0원
29504231,MC2 Saint Barth,Man,Clothing,T-shirts and Polos,Portogallo,원가 없음 또는 0원
29504231,MC2 Saint Barth,Man,Clothing,T-shirts and Polos,Portogallo,원가 없음 또는 0원
29504231,MC2 Saint Barth,Man,Clothing,T-shirts and Polos,Portogallo,원가 없음 또는 0원
AB05XMA0251F001,ISABEL MARANT ETOILE,D,AB,COAT,,재고 없음
AB13CMEMOLEX001,MADILLY,K,AB,TROUSERS,MADE IN ITALY,재고 없음
AB13CMEMOLEX001,MADILLY,K,AB,TROUSERS,MADE IN ITALY,재고 없음
29924728,,Woman,Shoes,Sandals,ITALIA,브랜드 실패(사유: None) / 카테고리 성공 / 원산지 성공
29924728,,Woman,Shoes,Sandals,ITALIA,브랜드 실패(사유: None) / 카테고리 성공 / 원산지 성공
29924728,,Woman,Shoes,Sandals,ITALIA,브랜드 실패(사유: None) / 카테고리 성공 / 원산지 성공
29924728,,Woman,Shoes,Sandals,ITALIA,브랜드 실패(사유: None) / 카테고리 성공 / 원산지 성공
29924728,,Woman,Shoes,Sandals,ITALIA,브랜드 실패(사유: None) / 카테고리 성공 / 원산지 성공
29924728,,Woman,Shoes,Sandals,ITALIA,브랜드 실패(사유: None) / 카테고리 성공 / 원산지 성공
AB04XS74DM09002,DSQUARED2,U,AB,SHIRT,,재고 없음
29924743,Y-3,Man,Shoes,Sneakers,Cina,원가 없음 또는 0원
29924743,Y-3,Man,Shoes,Sneakers,Cina,원가 없음 또는 0원
29924743,Y-3,Man,Shoes,Sneakers,Cina,원가 없음 또는 0원
29924743,Y-3,Man,Shoes,Sneakers,Cina,원가 없음 또는 0원
29924743,Y-3,Man,Shoes,Sneakers,Cina,원가 없음 또는 0원
29924743,Y-3,Man,Shoes,Sneakers,Cina,원가 없음 또는 0원
AB07XD603VQX001,DES PHEMMES,D,AB,JACKET,MADE IN ITALY,재고 없음
AB07XD603VQX001,DES PHEMMES,D,AB,JACKET,MADE IN ITALY,재고 없음
135470,PINKO,Women,Clothing,Tops,Tunisia,재고 없음
AB07X4170X001,SUNFLOWER,U,AB,JACKET,MADE IN PORTUGAL,재고 없음
AB07X4170X001,SUNFLOWER,U,AB,JACKET,MADE IN PORTUGAL,재고 없음
AL02XSM6UQ00002,MM6,D,AL,JEWELLERY,MADE IN ITALY,재고 없음
AL02XSM6UQ00002,MM6,D,AL,JEWELLERY,MADE IN ITALY,재고 없음
29924810,,Woman,Shoes,Sandals,,브랜드 실패(사유: None) / 카테고리 성공 / 원산지 성공
29924810,,Woman,Shoes,Sandals,,브랜드 실패(사유: None) / 카테고리 성공 / 원산지 성공
29924810,,Woman,Shoes,Sandals,,브랜드 실패(사유: None) / 카테고리 성공 / 원산지 성공
29924810,,Woman,Shoes,Sandals,,브랜드 실패(사유: None) / 카테고리 성공 / 원산지 성공
29924810,,Woman,Shoes,Sandals,,브랜드 실패(사유: None) / 카테고리 성공 / 원산지 성공
29924810,,Woman,Shoes,Sandals,,브랜드 실패(사유: None) / 카테고리 성공 / 원산지 성공
29924918,MC2 Saint Barth,Woman,Bags,Bags..,India,원가 없음 또는 0원
29924918,MC2 Saint Barth,Woman,Bags,Bags..,India,원가 없음 또는 0원
29924918,MC2 Saint Barth,Woman,Bags,Bags..,India,원가 없음 또는 0원
29924918,MC2 Saint Barth,Woman,Bags,Bags..,India,원가 없음 또는 0원
29924918,MC2 Saint Barth,Woman,Bags,Bags..,India,원가 없음 또는 0원
29924918,MC2 Saint Barth,Woman,Bags,Bags..,India,원가 없음 또는 0원
AB07X8109391001,BURBERRY,D,AB,JACKET,,재고 없음
AB07X8109391001,BURBERRY,D,AB,JACKET,,재고 없음
AB08XRU01E57001,RICK OWENS,U,AB,VEST,MADE IN MOLDOVA,재고 없음
AB08XRU01E57001,RICK OWENS,U,AB,VEST,MADE IN MOLDOVA,재고 없음
29924926,CUBA LAB,Woman,Bags,Bags..,ITALIA,원가 없음 또는 0원
29924926,CUBA LAB,Woman,Bags,Bags..,ITALIA,원가 없음 또는 0원
29924926,CUBA LAB,Woman,Bags,Bags..,ITALIA,원가 없음 또는 0원
29924926,CUBA LAB,Woman,Bags,Bags..,ITALIA,원가 없음 또는 0원
29924926,CUBA LAB,Woman,Bags,Bags..,ITALIA,원가 없음 또는 0원
29924926,CUBA LAB,Woman,Bags,Bags..,ITALIA,원가 없음 또는 0원
136182,TWINSET,Women,Clothing,Skirts,Tunisia,재고 없음
AB08X84623XX002,PATAGONIA,U,AB,VEST,MADE IN VIETNAM,재고 없음
AB08X84623XX002,PATAGONIA,U,AB,VEST,MADE IN VIETNAM,재고 없음
AB09X8107609001,BURBERRY,D,AB,SKIRT,MADE IN ITALY,재고 없음
AB09X8107609001,BURBERRY,D,AB,SKIRT,MADE IN ITALY,재고 없음
29924927,CUBA LAB,Woman,Bags,Bags..,ITALIA,원가 없음 또는 0원
29924927,CUBA LAB,Woman,Bags,Bags..,ITALIA,원가 없음 또는 0원
29924927,CUBA LAB,Woman,Bags,Bags..,ITALIA,원가 없음 또는 0원
29924927,CUBA LAB,Woman,Bags,Bags..,ITALIA,원가 없음 또는 0원
29924927,CUBA LAB,Woman,Bags,Bags..,ITALIA,원가 없음 또는 0원
29924927,CUBA LAB,Woman,Bags,Bags..,ITALIA,원가 없음 또는 0원
AB11XNF0A89F001,THE NORTH FACE,U,AB,KNITWEAR,MADE IN BANGLADESH,재고 없음
AB11XNF0A89F001,THE NORTH FACE,U,AB,KNITWEAR,MADE IN BANGLADESH,재고 없음
AB11XPU0663F001,ISABEL MARANT ETOILE,D,AB,KNITWEAR,,재고 없음
AB09X170830X001,TORY BURCH,D,AB,SKIRT,,재고 없음
AB07XVE0540F001,ISABEL MARANT,D,AB,JACKET,,재고 없음
AB11XS74HA14001,DSQUARED2,U,AB,KNITWEAR,,재고 없음
AB10X18CMTS1007,CP COMPANY,U,AB,JERSEY,MADE IN MOLDOVA,재고 없음
AB10X18CMTS1007,CP COMPANY,U,AB,JERSEY,MADE IN MOLDOVA,재고 없음
AB07X2852XXX003,L.B.M. 1911,U,AB,JACKET,MADE IN ITALY,재고 없음
AB07X2852XXX003,L.B.M. 1911,U,AB,JACKET,MADE IN ITALY,재고 없음
29924963,SORBET ISLAND,Woman,Clothing,Sea clothing,Grecia,원가 없음 또는 0원
29924963,SORBET ISLAND,Woman,Clothing,Sea clothing,Grecia,원가 없음 또는 0원
29924963,SORBET ISLAND,Woman,Clothing,Sea clothing,Grecia,원가 없음 또는 0원
29924963,SORBET ISLAND,Woman,Clothing,Sea clothing,Grecia,원가 없음 또는 0원
29924963,SORBET ISLAND,Woman,Clothing,Sea clothing,Grecia,원가 없음 또는 0원
29924963,SORBET ISLAND,Woman,Clothing,Sea clothing,Grecia,원가 없음 또는 0원
AB11XD5C103S002,DRUMOHR,U,AB,KNITWEAR,MADE IN ITALY,재고 없음
AB11XD5C103S002,DRUMOHR,U,AB,KNITWEAR,MADE IN ITALY,재고 없음
AB22XLDM1012003,LES DEUX,U,AB,T-SHIRT,MADE IN TURKEY,재고 없음
AB22XLDM1012003,LES DEUX,U,AB,T-SHIRT,MADE IN TURKEY,재고 없음
AB08X16CLOW0002,CP COMPANY,U,AB,VEST,MADE IN CHINA,재고 없음
AB08X16CLOW0002,CP COMPANY,U,AB,VEST,MADE IN CHINA,재고 없음
29924976,cultura,Man,Clothing,Shorts,ITALIA,원가 없음 또는 0원
29924976,cultura,Man,Clothing,Shorts,ITALIA,원가 없음 또는 0원
29924976,cultura,Man,Clothing,Shorts,ITALIA,원가 없음 또는 0원
29924976,cultura,Man,Clothing,Shorts,ITALIA,원가 없음 또는 0원
29924976,cultura,Man,Clothing,Shorts,ITALIA,원가 없음 또는 0원
29924976,cultura,Man,Clothing,Shorts,ITALIA,원가 없음 또는 0원
AB22XMK66YXX002,CARUSO,U,AB,T-SHIRT,MADE IN ITALY,재고 없음
AB22XMK66YXX002,CARUSO,U,AB,T-SHIRT,MADE IN ITALY,재고 없음
AB09CKS10318001,KONGES SLOJD,K,AB,SKIRT,MADE IN CHINA,재고 없음
AB09CKS10318001,KONGES SLOJD,K,AB,SKIRT,MADE IN CHINA,재고 없음
AB09X2511101001,MAX MARA,D,AB,SKIRT,MADE IN ITALY,재고 없음
AB09X2511101001,MAX MARA,D,AB,SKIRT,MADE IN ITALY,재고 없음
AB09XJU0371F001,ISABEL MARANT,D,AB,SKIRT,,재고 없음
AB13CK1S1631004,STONE ISLAND,K,AB,TROUSERS Colore unico,,재고 없음
AB13CK1S1631004,STONE ISLAND,K,AB,TROUSERS Colore unico,,재고 없음
AB09XJU0410F001,ISABEL MARANT,D,AB,SKIRT,,재고 없음
AB11XK1S1551006,STONE ISLAND,U,AB,KNITWEAR,MADE IN CROAZIA,재고 없음
AB11XK1S1551006,STONE ISLAND,U,AB,KNITWEAR,MADE IN CROAZIA,재고 없음
138682,FRAME,Women,Clothing,Tshirts and polo shirts,,재고 없음
BO01XC22SS38006,CHLOE',D,BO,LEATHER BAG,MADE IN TURKEY,재고 없음
BO01XC22SS38006,CHLOE',D,BO,LEATHER BAG,MADE IN TURKEY,재고 없음
AB13X8110647001,BURBERRY,U,AB,TROUSERS,,재고 없음
139533,BOTTEGA VENETA,Men,Shoes,Sneakers,Italy ,재고 없음
AB11XMKA002A002,THOM BROWNE,U,AB,KNITWEAR,MADE IN ITALY,재고 없음
AB11XMKA002A002,THOM BROWNE,U,AB,KNITWEAR,MADE IN ITALY,재고 없음
AB11XPU0695F001,ISABEL MARANT,D,AB,KNITWEAR,,재고 없음
AB11XNF0A87N003,THE NORTH FACE,U,AB,KNITWEAR,MADE IN TURKEY,재고 없음
AB11XNF0A87N003,THE NORTH FACE,U,AB,KNITWEAR,MADE IN TURKEY,재고 없음
BO01X802095X001,GUCCI,U,BO,LEATHER BAG,,재고 없음
BO01X802095X001,GUCCI,U,BO,LEATHER BAG,,재고 없음
AB11XPU0709F001,ISABEL MARANT,D,AB,KNITWEAR,,재고 없음
AB13CK1S1631003,STONE ISLAND,K,AB,TROUSERS Colore unico,,재고 없음
AB13CK1S1631003,STONE ISLAND,K,AB,TROUSERS Colore unico,,재고 없음
30030425,VANESSA BARONI,Woman,Accessories,Bijoux,ITALIA,원가 없음 또는 0원
30030425,VANESSA BARONI,Woman,Accessories,Bijoux,ITALIA,원가 없음 또는 0원
30030425,VANESSA BARONI,Woman,Accessories,Bijoux,ITALIA,원가 없음 또는 0원
30030425,VANESSA BARONI,Woman,Accessories,Bijoux,ITALIA,원가 없음 또는 0원
30030425,VANESSA BARONI,Woman,Accessories,Bijoux,ITALIA,원가 없음 또는 0원
30030425,VANESSA BARONI,Woman,Accessories,Bijoux,ITALIA,원가 없음 또는 0원
AB13CEM00066003,EMPORIO ARMANI,U,AB,TROUSERS,MADE IN CHINA,재고 없음
AB13CEM00066003,EMPORIO ARMANI,U,AB,TROUSERS,MADE IN CHINA,재고 없음
AB13XK1S1531004,STONE ISLAND,U,AB,TROUSERS,MADE IN INDONESIA,재고 없음
AB13XK1S1531004,STONE ISLAND,U,AB,TROUSERS,MADE IN INDONESIA,재고 없음
30030444,Bottega Veneta,Man,Bags,Bags..,Italy,원가 없음 또는 0원
30030444,Bottega Veneta,Man,Bags,Bags..,Italy,원가 없음 또는 0원
30030444,Bottega Veneta,Man,Bags,Bags..,Italy,원가 없음 또는 0원
30030444,Bottega Veneta,Man,Bags,Bags..,Italy,원가 없음 또는 0원
30030444,Bottega Veneta,Man,Bags,Bags..,Italy,원가 없음 또는 0원
30030444,Bottega Veneta,Man,Bags,Bags..,Italy,원가 없음 또는 0원
AB11XS74GU08001,DSQUARED2,U,AB,KNITWEAR,,재고 없음
AB13XFB1076X001,FENDI,U,AB,TROUSERS,MADE IN ITALY,재고 없음
AB13XFB1076X001,FENDI,U,AB,TROUSERS,MADE IN ITALY,재고 없음
AB13X1125WTR001,VICTORIA BECKHAM,D,AB,TROUSERS,MADE IN PORTUGAL,재고 없음
AB13X1125WTR001,VICTORIA BECKHAM,D,AB,TROUSERS,MADE IN PORTUGAL,재고 없음
AB13XPMCJ020016,PALM ANGELS,U,AB,TROUSERS,,재고 없음
AB13XS51LA01005,MAISON MARGIELA,D,AB,TROUSERS,MADE IN ITALY,재고 없음
AB13XS51LA01005,MAISON MARGIELA,D,AB,TROUSERS,MADE IN ITALY,재고 없음
AB13X241DE03001,JACQUEMUS,D,AB,TROUSERS,MADE IN ITALY,재고 없음
AB13X241DE03001,JACQUEMUS,D,AB,TROUSERS,MADE IN ITALY,재고 없음
AB13CS05BPAW002,BONPOINT,K,AB,TROUSERS Colore unico,MADE IN ALBANIA,재고 없음
AB13CS05BPAW002,BONPOINT,K,AB,TROUSERS Colore unico,MADE IN ALBANIA,재고 없음
AB18CEW00056001,EMPORIO ARMANI,D,AB,TOP Colore unico,MADE IN CHINA,재고 없음
AB18CEW00056001,EMPORIO ARMANI,D,AB,TOP Colore unico,MADE IN CHINA,재고 없음
AB13XGYJCCDX006,DOLCE&GABBANA,U,AB,TROUSERS,,재고 없음
AB04X0765TRS001,ZIMMERMANN,D,AB,SHIRT,MADE IN CHINA,재고 없음
AB04X0765TRS001,ZIMMERMANN,D,AB,SHIRT,MADE IN CHINA,재고 없음
AB22CM01316X001,MARNI,K,AB,T-SHIRT Colore unico,MADE IN BULGARIA,재고 없음
AB22CM01316X001,MARNI,K,AB,T-SHIRT Colore unico,MADE IN BULGARIA,재고 없음
AB18X6J0353X001,STELLA MCCARTNEY,D,AB,TOP,MADE IN PORTUGAL,재고 없음
AB18X6J0353X001,STELLA MCCARTNEY,D,AB,TOP,MADE IN PORTUGAL,재고 없음
AB13XSEROXXX001,LOULOU STUDIO,D,AB,TROUSERS,MADE IN ROMANIA,재고 없음
AB13XSEROXXX001,LOULOU STUDIO,D,AB,TROUSERS,MADE IN ROMANIA,재고 없음
AB13XA18652X001,DIESEL,U,AB,TROUSERS,,재고 없음
AB13XS52LA02007,MM6,D,AB,TROUSERS,MADE IN ITALY,재고 없음
AB13XS52LA02007,MM6,D,AB,TROUSERS,MADE IN ITALY,재고 없음
AB13XFTAMPTX008,DOLCE&GABBANA,D,AB,TROUSERS,MADE IN ITALY,재고 없음
AB13XFTAMPTX008,DOLCE&GABBANA,D,AB,TROUSERS,MADE IN ITALY,재고 없음
30313958,MC2 Saint Barth,Woman,Bags,Bags..,Cina,원가 없음 또는 0원
30313958,MC2 Saint Barth,Woman,Bags,Bags..,Cina,원가 없음 또는 0원
30313958,MC2 Saint Barth,Woman,Bags,Bags..,Cina,원가 없음 또는 0원
30313958,MC2 Saint Barth,Woman,Bags,Bags..,Cina,원가 없음 또는 0원
30313958,MC2 Saint Barth,Woman,Bags,Bags..,Cina,원가 없음 또는 0원
30313958,MC2 Saint Barth,Woman,Bags,Bags..,Cina,원가 없음 또는 0원
140093,VALENTINO GARAVANI,Men,Shoes,Sneakers,Italy,재고 없음
140735,JACOB COHEN,Men,Clothing,Jeans,Italy,재고 없음
AB13X2519131001,MAX MARA S,D,AB,TROUSERS,MADE IN CHINA,재고 없음
AB13X2519131001,MAX MARA S,D,AB,TROUSERS,MADE IN CHINA,재고 없음
AB22X2511941010,MAX MARA,D,AB,T-SHIRT,MADE IN ITALY,재고 없음
143191,ROTATE,Women,Clothing,Long Dresses,China,재고 없음
AB01XCOPR922001,COPERNI,D,AB,DRESS,MADE IN ITALY,재고 없음
AB01XCOPR922001,COPERNI,D,AB,DRESS,MADE IN ITALY,재고 없음
AB01XVT118XX002,MAYGEL CORONEL,D,AB,DRESS,MADE IN COLOMBIA,재고 없음
AB01XVT118XX002,MAYGEL CORONEL,D,AB,DRESS,MADE IN COLOMBIA,재고 없음
143194,ROTATE,Women,Clothing,Long Dresses,China,재고 없음
AB18XCOPT76F001,COPERNI,D,AB,TOP,MADE IN FRANCE,재고 없음
AB18XCOPT76F001,COPERNI,D,AB,TOP,MADE IN FRANCE,재고 없음
AB13XS51LA00006,MAISON MARGIELA,D,AB,TROUSERS,MADE IN ITALY,재고 없음
AB13XS51LA00006,MAISON MARGIELA,D,AB,TROUSERS,MADE IN ITALY,재고 없음
143323,THE ROW,Women,Shoes,Sneakers,,재고 없음
30356529,,Woman,Clothing,Sea clothing,ITALIA,브랜드 실패(사유: None) / 카테고리 성공 / 원산지 성공
30356529,,Woman,Clothing,Sea clothing,ITALIA,브랜드 실패(사유: None) / 카테고리 성공 / 원산지 성공
30356529,,Woman,Clothing,Sea clothing,ITALIA,브랜드 실패(사유: None) / 카테고리 성공 / 원산지 성공
30356529,,Woman,Clothing,Sea clothing,ITALIA,브랜드 실패(사유: None) / 카테고리 성공 / 원산지 성공
30356529,,Woman,Clothing,Sea clothing,ITALIA,브랜드 실패(사유: None) / 카테고리 성공 / 원산지 성공
30356529,,Woman,Clothing,Sea clothing,ITALIA,브랜드 실패(사유: None) / 카테고리 성공 / 원산지 성공
AB13X4170XX001,SUNFLOWER,U,AB,TROUSERS,MADE IN PORTUGAL,재고 없음
AB13X4170XX001,SUNFLOWER,U,AB,TROUSERS,MADE IN PORTUGAL,재고 없음
145264,ROTATE,Women,Clothing,Dresses,China,재고 없음
AB13XPA0105F002,ISABEL MARANT ETOILE,D,AB,TROUSERS,,재고 없음
AB22X241JS13002,JACQUEMUS,D,AB,T-SHIRT,MADE IN PORTUGAL,재고 없음
AB22X241JS13002,JACQUEMUS,D,AB,T-SHIRT,MADE IN PORTUGAL,재고 없음
146628,SAINT LAURENT,Men,Bags,Crossbody Bags,Italy,재고 없음
AB11CTW9A50X001,STELLA MCCARTNEY,K,AB,KNITWEAR Colore unico,MADE IN CHINA,재고 없음
AB11CTW9A50X001,STELLA MCCARTNEY,K,AB,KNITWEAR Colore unico,MADE IN CHINA,재고 없음
146657,BOTTEGA VENETA,Women,Bags,Shoulder bags,Italy,재고 없음
AB22X764235X033,BALENCIAGA,D,AB,T-SHIRT,MADE IN PORTUGAL,재고 없음
AB22X764235X033,BALENCIAGA,D,AB,T-SHIRT,MADE IN PORTUGAL,재고 없음
147372,VALENTINO GARAVANI,Men,Shoes,Sneakers,Italy,재고 없음
AB11X104735X002,PINKO,D,AB,KNITWEAR,MADE IN CHINA,재고 없음
AB11X104735X002,PINKO,D,AB,KNITWEAR,MADE IN CHINA,재고 없음
147821,BOTTEGA VENETA,Women,Shoes,Heels,Italy,재고 없음
AB18X225MTO4002,COURREGES,D,AB,TOP,MADE IN BULGARIA,재고 없음
AB18X225MTO4002,COURREGES,D,AB,TOP,MADE IN BULGARIA,재고 없음
AB18XHALEXXX001,LOULOU STUDIO,D,AB,TOP,MADE IN ROMANIA,재고 없음
AB18XHALEXXX001,LOULOU STUDIO,D,AB,TOP,MADE IN ROMANIA,재고 없음
AB13XFTR031X001,AMI,D,AB,TROUSERS,MADE IN PORTUGAL,재고 없음
148937,P.A.R.O.S.H.,Women,Clothing,Trousers,,원가 없음 또는 0원
AB13XGMP0169001,GOLDEN GOOSE,U,AB,TROUSERS,MADE IN ITALY,재고 없음
AB13XGMP0169001,GOLDEN GOOSE,U,AB,TROUSERS,MADE IN ITALY,재고 없음
AB13XGP02XDX008,DOLCE&GABBANA,U,AB,TROUSERS,,재고 없음
AB22XA14187X001,DIESEL,D,AB,T-SHIRT,,재고 없음
AB13XPT00015002,HERNO,U,AB,TROUSERS,,재고 없음
AB19X815555X001,SAINT LAURENT,U,AB,TRENCH,MADE IN ITALY,재고 없음
AB19X815555X001,SAINT LAURENT,U,AB,TRENCH,MADE IN ITALY,재고 없음
149500,VALENTINO GARAVANI,Women,Accessories,Belts,Italy,재고 없음
AB22XA14189X002,DIESEL,D,AB,T-SHIRT,,재고 없음
149550,44 LABEL GROUP,Men,Clothing,Tshirts and polo shirts,Italy,재고 없음
AB22CJUI181X001,FENDI,K,AB,T-SHIRT Colore unico,MADE IN ITALY,재고 없음
AB22CJUI181X001,FENDI,K,AB,T-SHIRT Colore unico,MADE IN ITALY,재고 없음
AB13XPT00015001,HERNO,U,AB,TROUSERS,,재고 없음
AB22X2511941014,MAX MARA,D,AB,T-SHIRT,MADE IN CHINA,재고 없음
150222,OSOI,Women,Bags,Shoulder bags,South Korea,재고 없음
149880,GUCCI,Women,Shoes,Ballerinas,Italy,재고 없음
AB22XHTS060X003,AMI,U,AB,T-SHIRT,MADE IN PORTUGAL,재고 없음
AB22XHTS060X003,AMI,U,AB,T-SHIRT,MADE IN PORTUGAL,재고 없음
150300,SEBAGO,Men,Shoes,Loafers,,재고 없음
150511,ROTATE,Women,Clothing,Long Dresses,China,재고 없음
150525,ROTATE,Women,Clothing,Long Dresses,China,재고 없음
150563,ROTATE,Women,Clothing,Dresses,China,재고 없음
150591,ROTATE,Women,Clothing,Tops,China,재고 없음
AB22XK1S1521001,STONE ISLAND,U,AB,T-SHIRT,MADE IN TUNISIA,재고 없음
AB22XK1S1521001,STONE ISLAND,U,AB,T-SHIRT,MADE IN TUNISIA,재고 없음
AB22XK1S1521002,STONE ISLAND,U,AB,T-SHIRT,MADE IN TUNISIA,재고 없음
AB22XK1S1521002,STONE ISLAND,U,AB,T-SHIRT,MADE IN TUNISIA,재고 없음
150797,JACQUEMUS,Women,Accessories,Hats and Gloves,Bulgaria,재고 없음
150637,ROTATE,Women,Clothing,Dresses,China,재고 없음
151355,ZIMMERMANN,Women,Clothing,Long Dresses,China,재고 없음
151176,RABANNE,Women,Jewelry,Necklaces,,재고 없음
AB18X125JDE1002,COURREGES,D,AB,TOP,MADE IN PORTUGAL,재고 없음
AB18X125JDE1002,COURREGES,D,AB,TOP,MADE IN PORTUGAL,재고 없음
AB22XS74GD14001,DSQUARED2,U,AB,T-SHIRT,,재고 없음
151466,AUTRY,Men,Shoes,Sneakers,Indonesia ,재고 없음
AB22X250WCT0002,THE ATTICO,D,AB,T-SHIRT,MADE IN PORTUGAL,재고 없음
AB22X250WCT0002,THE ATTICO,D,AB,T-SHIRT,MADE IN PORTUGAL,재고 없음
151547,ALEVì,Women,Shoes,Heels,Italy,재고 없음
AB22X2511971001,MAX MARA,D,AB,T-SHIRT,MADE IN CHINA,재고 없음
AB22X2511971001,MAX MARA,D,AB,T-SHIRT,MADE IN CHINA,재고 없음
AB22XMJS010A002,THOM BROWNE,U,AB,T-SHIRT,MADE IN ITALY,재고 없음
AB22XMJS010A002,THOM BROWNE,U,AB,T-SHIRT,MADE IN ITALY,재고 없음
151967,MARC JACOBS,Women,Bags,Hand bags,Vietnam,재고 없음
AB22XLM00110016,MAISON KITSUNE,U,AB,T-SHIRT,MADE IN PORTUGAL,재고 없음
AB22XLM00110016,MAISON KITSUNE,U,AB,T-SHIRT,MADE IN PORTUGAL,재고 없음
AB22XA17880X002,DIESEL,U,AB,T-SHIRT,MADE IN BULGARIA,재고 없음
AB22XA17880X002,DIESEL,U,AB,T-SHIRT,MADE IN BULGARIA,재고 없음
AB22C8104202001,BURBERRY,K,AB,T-SHIRT Colore unico,MADE IN VIETNAM,재고 없음
AB22C8104202001,BURBERRY,K,AB,T-SHIRT Colore unico,MADE IN VIETNAM,재고 없음
AB22XUTS075X001,AMI,U,AB,T-SHIRT,MADE IN PORTUGAL,재고 없음
AB22XUTS075X001,AMI,U,AB,T-SHIRT,MADE IN PORTUGAL,재고 없음
AB22XMM00127008,MAISON KITSUNE,U,AB,T-SHIRT,MADE IN PORTUGAL,재고 없음
AB22CJUI181X003,FENDI,K,AB,T-SHIRT Colore unico,MADE IN ITALY,재고 없음
AB22CJUI181X003,FENDI,K,AB,T-SHIRT Colore unico,MADE IN ITALY,재고 없음
152125,MARINE SERRE,Women,Shoes,Ballerinas,France,재고 없음
AB22C9548C00024,MONCLER,K,AB,T-SHIRT Colore unico,MADE IN TURKEY,재고 없음
AB22C9548C00024,MONCLER,K,AB,T-SHIRT Colore unico,MADE IN TURKEY,재고 없음
AL04X8115N10002,STONE ISLAND,U,AL,HAT,MADE IN TUNISIA,재고 없음
AL04X8115N10002,STONE ISLAND,U,AL,HAT,MADE IN TUNISIA,재고 없음
CA03X6Y2S0G3001,VALENTINO GARAVANI,U,CA,SNEAKERS,MADE IN ITALY,재고 없음
CA03X6Y2S0G3001,VALENTINO GARAVANI,U,CA,SNEAKERS,MADE IN ITALY,재고 없음
AB22XMJS246A003,THOM BROWNE,U,AB,T-SHIRT,MADE IN JAPAN,재고 없음
AB22XMJS246A003,THOM BROWNE,U,AB,T-SHIRT,MADE IN JAPAN,재고 없음
AB22XMPS25-J003,CASABLANCA,U,AB,T-SHIRT,MADE IN PORTUGAL,재고 없음
AB22XMPS25-J003,CASABLANCA,U,AB,T-SHIRT,MADE IN PORTUGAL,재고 없음
AB22XLDM1012004,LES DEUX,U,AB,T-SHIRT,MADE IN TURKEY,재고 없음
AB22XLDM1012004,LES DEUX,U,AB,T-SHIRT,MADE IN TURKEY,재고 없음
CA08XSAEDA85001,JIMMY CHOO,D,CA,HEELED SHOES,MADE IN ITALY,재고 없음
CA08XSAEDA85001,JIMMY CHOO,D,CA,HEELED SHOES,MADE IN ITALY,재고 없음
153051,VERSACE HOME,home,Textiles,Bathrobes,Italy,재고 없음
AB22XK1S1521016,STONE ISLAND,U,AB,T-SHIRT,MADE IN TURKEY,재고 없음
AB22XK1S1521016,STONE ISLAND,U,AB,T-SHIRT,MADE IN TURKEY,재고 없음
AB22XME85481002,BRUNELLO CUCINELLI,U,AB,T-SHIRT,,재고 없음
AB22C320-965001,RALPH LAUREN,K,AB,T-SHIRT Colore unico,MADE IN ALBANIA,재고 없음
AB22C320-965001,RALPH LAUREN,K,AB,T-SHIRT Colore unico,MADE IN ALBANIA,재고 없음
153946,AQUAZZURA,Women,Shoes,Flat Shoes,,재고 없음
AB22XEM00171003,EMPORIO ARMANI,U,AB,T-SHIRT,MADE IN BULGARIA,재고 없음
AB22XEM00171003,EMPORIO ARMANI,U,AB,T-SHIRT,MADE IN BULGARIA,재고 없음
AB22CK1S1621010,STONE ISLAND,K,AB,T-SHIRT Colore unico,MADE IN TUNISIA,재고 없음
AB22CK1S1621010,STONE ISLAND,K,AB,T-SHIRT Colore unico,MADE IN TUNISIA,재고 없음
AB23CK1S1661025,STONE ISLAND,K,AB,SWEATSHIRT Colore unico,MADE IN ROMANIA,재고 없음
AB23CK1S1661025,STONE ISLAND,K,AB,SWEATSHIRT Colore unico,MADE IN ROMANIA,재고 없음
AB22XSS25-11002,ARTE,U,AB,T-SHIRT,MADE IN PORTUGAL,재고 없음
AB22XSS25-11002,ARTE,U,AB,T-SHIRT,MADE IN PORTUGAL,재고 없음
AB22COGAA019003,OFF WHITE,K,AB,T-SHIRT Colore unico,MADE IN PORTUGAL,재고 없음
AB22COGAA019003,OFF WHITE,K,AB,T-SHIRT Colore unico,MADE IN PORTUGAL,재고 없음
AB22XSS25-10004,ARTE,U,AB,T-SHIRT,MADE IN PORTUGAL,재고 없음
AB22XSS25-10004,ARTE,U,AB,T-SHIRT,MADE IN PORTUGAL,재고 없음
154294,GIANLUCA CAPANNOLO,Women,Clothing,Dresses,Italy,재고 없음
152346,JACQUEMUS,Men,Clothing,Jeans,France,재고 없음
AB22CS05BTSK003,BONPOINT,K,AB,T-SHIRT Colore unico,MADE IN PORTUGAL,재고 없음
AB22CS05BTSK003,BONPOINT,K,AB,T-SHIRT Colore unico,MADE IN PORTUGAL,재고 없음
AB22X100355X005,PINKO,D,AB,T-SHIRT,MADE IN TUNISIA,재고 없음
AB22X100355X005,PINKO,D,AB,T-SHIRT,MADE IN TUNISIA,재고 없음
154634,OSOI,Women,Bags,Shoulder bags,Korea,재고 없음
AB22XAVALYNX001,LOULOU STUDIO,D,AB,T-SHIRT,MADE IN PORTUGAL,재고 없음
AB22XAVALYNX001,LOULOU STUDIO,D,AB,T-SHIRT,MADE IN PORTUGAL,재고 없음
154567,OFF-WHITE,Men,Clothing,Tshirts and polo shirts,,재고 없음
AB23XA18650X001,DIESEL,U,AB,SWEATSHIRT,,재고 없음
AB23XG9ZU0ZX001,DOLCE&GABBANA,U,AB,SWEATSHIRT,,재고 없음
AB22X8104051001,BURBERRY,U,AB,T-SHIRT,MADE IN PORTUGAL,재고 없음
AB22X8104051001,BURBERRY,U,AB,T-SHIRT,MADE IN PORTUGAL,재고 없음
154874,MARNI KIDS,Baby girl,Bags,Shoulder bags,China,재고 없음
154934,LA DOUBLEJ,Women,Clothing,Long Dresses,,재고 없음
AB22XT4278XX001,GANNI,D,AB,T-SHIRT,MADE IN PORTUGAL,재고 없음
155111,ROTATE,Women,Clothing,Dresses,China,재고 없음
155259,MARC JACOBS,Women,Bags,Crossbody Bags,Vietnam,재고 없음
AB22X103320X001,PINKO,D,AB,T-SHIRT,MADE IN CHINA,재고 없음
AB22X103320X001,PINKO,D,AB,T-SHIRT,MADE IN CHINA,재고 없음
155647,JW ANDERSON,Men,Clothing,Jersey,,재고 없음
152358,JACQUEMUS,Men,Clothing,Shirts and blouses,France,재고 없음
AB22X8109021001,BURBERRY,U,AB,T-SHIRT,MADE IN PORTUGAL,재고 없음
AB22X8110953001,BURBERRY,U,AB,T-SHIRT,,재고 없음
155884,MAISON KITSUNÉ,Men,Clothing,Tshirts and polo shirts,Portugal,재고 없음
AB22XCIPRIAX004,MAX MARA,D,AB,T-SHIRT,MADE IN EXTRA UE,재고 없음
AB22XCIPRIAX004,MAX MARA,D,AB,T-SHIRT,MADE IN EXTRA UE,재고 없음
AB23XRU02E16001,RICK OWENS,U,AB,SWEATSHIRT,,재고 없음
AB22XMJS067A003,THOM BROWNE,U,AB,T-SHIRT,MADE IN JAPAN,재고 없음
AB22XMJS067A003,THOM BROWNE,U,AB,T-SHIRT,MADE IN JAPAN,재고 없음
AB23XK1S1561003,STONE ISLAND,U,AB,SWEATSHIRT,MADE IN TUNISIA,재고 없음
AB23XK1S1561003,STONE ISLAND,U,AB,SWEATSHIRT,MADE IN TUNISIA,재고 없음
AB23XSW0165F001,ISABEL MARANT ETOILE,D,AB,SWEATSHIRT,,재고 없음
AB22XLM00104018,MAISON KITSUNE,U,AB,T-SHIRT,MADE IN PORTUGAL,재고 없음
BO01XC25SS59002,CHLOE',D,BO,LEATHER BAG,MADE IN KENYA,재고 없음
BO01XC25SS59002,CHLOE',D,BO,LEATHER BAG,MADE IN KENYA,재고 없음
156266,KENZO KIDS,Baby boy,Clothing,Shorts and Bermuda shorts,India,재고 없음
156290,GIVENCHY KIDS,Baby boy,Clothing,Sweatshirts,Tunisia,원가 없음 또는 0원
152432,THEORY,Women,Clothing,Shirts and blouses,China,재고 없음
AB03XBG25171001,BUTTER GOODS,U,AB,SHORT,,재고 없음
AB03XBG25171001,BUTTER GOODS,U,AB,SHORT,,재고 없음
AB22XLM00110017,MAISON KITSUNE,U,AB,T-SHIRT,MADE IN PORTUGAL,재고 없음
AB23X241JS16001,JACQUEMUS,D,AB,SWEATSHIRT,MADE IN PORTUGAL,재고 없음
AB23X241JS16001,JACQUEMUS,D,AB,SWEATSHIRT,MADE IN PORTUGAL,재고 없음
AB22X250WCT0001,THE ATTICO,D,AB,T-SHIRT,MADE IN PORTUGAL,재고 없음
AB22X250WCT0001,THE ATTICO,D,AB,T-SHIRT,MADE IN PORTUGAL,재고 없음
156889,FARM RIO,Women,Clothing,Shirts and blouses,,재고 없음
AB31CK19541A044,MONCLER,K,AB,DOWNJACKET Colore unico,MADE IN ARMENIA,재고 없음
AB31CK19541A044,MONCLER,K,AB,DOWNJACKET Colore unico,MADE IN ARMENIA,재고 없음
156943,BOTTEGA VENETA,Women,Bags,Hand bags,Italy,재고 없음
156906,GUCCI,Women,Accessories,Scarfs and foulards,Italy,재고 없음
AB11X22MC000001,OBEY,U,AB,KNITWEAR,MADE IN CHINA,재고 없음
AB11X22MC000001,OBEY,U,AB,KNITWEAR,MADE IN CHINA,재고 없음
157077,VERSACE,Women,Clothing,Shorts and Bermuda shorts,Italy,재고 없음
157051,SAINT LAURENT,Women,Bags,Tote bags,Italy,재고 없음
AB23X8112807001,BURBERRY,U,AB,SWEATSHIRT,,재고 없음
AB24XMC00048001,HERNO,U,AB,CARDIGAN,,재고 없음
157200,STONE ISLAND,Men,Clothing,Tshirts and polo shirts,Tunisia,재고 없음
AB22XPMAA001126,PALM ANGELS,U,AB,T-SHIRT,MADE IN TURKEY,재고 없음
AB22XPMAA001126,PALM ANGELS,U,AB,T-SHIRT,MADE IN TURKEY,재고 없음
AB24XGXV44TX001,DOLCE&GABBANA,U,AB,CARDIGAN,,재고 없음
AB24XMKC002A008,THOM BROWNE,U,AB,CARDIGAN,MADE IN ITALY,재고 없음
AB24XMKC002A008,THOM BROWNE,U,AB,CARDIGAN,MADE IN ITALY,재고 없음
157314,BOTTEGA VENETA,Women,Bags,Backpacks and Belt bags,Italy,재고 없음
AB23XK1S1561024,STONE ISLAND,U,AB,SWEATSHIRT,MADE IN TUNISIA,재고 없음
AB23XK1S1561024,STONE ISLAND,U,AB,SWEATSHIRT,MADE IN TUNISIA,재고 없음
157338,ACNE STUDIOS,Men,Accessories,Leather Products,Italy,재고 없음
AB23X18CMSS0001,CP COMPANY,U,AB,SWEATSHIRT,MADE IN TURKEY,재고 없음
AB23X18CMSS0001,CP COMPANY,U,AB,SWEATSHIRT,MADE IN TURKEY,재고 없음
AB31X2052MBX002,CANADA GOOSE,U,AB,DOWNJACKET,MADE IN CANADA,재고 없음
AB31X2052MBX002,CANADA GOOSE,U,AB,DOWNJACKET,MADE IN CANADA,재고 없음
AB23XA19407X001,DIESEL,U,AB,SWEATSHIRT,,재고 없음
157588,JACOB COHEN,Men,Clothing,Jeans,,재고 없음
157592,SILVIA GNECCHI,Women,Jewelry,Earrings,,재고 없음
157596,SILVIA GNECCHI,Women,Jewelry,Earrings,,재고 없음
AB29XK1S1522001,STONE ISLAND,U,AB,POLO,MADE IN TURKEY,재고 없음
AB29XK1S1522001,STONE ISLAND,U,AB,POLO,MADE IN TURKEY,재고 없음
157599,SILVIA GNECCHI,Women,Jewelry,Necklaces,Italy,재고 없음
AB29XK1S1522008,STONE ISLAND,U,AB,POLO,MADE IN TURKEY,재고 없음
AB29XK1S1522008,STONE ISLAND,U,AB,POLO,MADE IN TURKEY,재고 없음
AB29XLM00208008,MAISON KITSUNE,U,AB,POLO,MADE IN PORTUGAL,재고 없음
158210,SAINT LAURENT,Women,Clothing,Blazers,,재고 없음
AB22XS52GC03012,MM6,D,AB,T-SHIRT,MADE IN PORTUGAL,재고 없음
AB22XS52GC03012,MM6,D,AB,T-SHIRT,MADE IN PORTUGAL,재고 없음
158222,THEORY,Women,Clothing,Jersey,,재고 없음
158320,FENDI,Women,Bags,Crossbody Bags,Italy,재고 없음
158435,PLAIN,Women,Clothing,Dresses,Italy,재고 없음
AB11XNF0A87N002,THE NORTH FACE,U,AB,KNITWEAR,MADE IN TURKEY,재고 없음
AB11XNF0A87N002,THE NORTH FACE,U,AB,KNITWEAR,MADE IN TURKEY,재고 없음
158823,ANTONELLI,Women,Clothing,Blazers,Italy,재고 없음
158829,ANTONELLI,Women,Clothing,Shirts and blouses,Italy,재고 없음
AB22XBW70C5X002,GIVENCHY,D,AB,T-SHIRT,MADE IN PORTUGAL,재고 없음
AB22XBW70C5X002,GIVENCHY,D,AB,T-SHIRT,MADE IN PORTUGAL,재고 없음
159007,FENDI,Women,Bags,Hand bags,Italy,재고 없음
159043,IBELIV,Women,Bags,Hand bags,,재고 없음
159046,IBELIV,Women,Bags,Hand bags,,재고 없음
AB22X245JS20005,JACQUEMUS,U,AB,T-SHIRT,MADE IN PORTUGAL,재고 없음
AB22X245JS20005,JACQUEMUS,U,AB,T-SHIRT,MADE IN PORTUGAL,재고 없음
AB22X38504XX005,PATAGONIA,U,AB,T-SHIRT,MADE IN MEXICO,재고 없음
AB22X38504XX005,PATAGONIA,U,AB,T-SHIRT,MADE IN MEXICO,재고 없음
AB22X255JS32004,JACQUEMUS,U,AB,T-SHIRT,MADE IN PORTUGAL,재고 없음
AB22X255JS32004,JACQUEMUS,U,AB,T-SHIRT,MADE IN PORTUGAL,재고 없음
AB23XK1S1561002,STONE ISLAND,U,AB,SWEATSHIRT,MADE IN TUNISIA,재고 없음
AB23XK1S1561002,STONE ISLAND,U,AB,SWEATSHIRT,MADE IN TUNISIA,재고 없음
27140080,,Unisex,Clothing,T-shirts and Polos,,브랜드 실패(사유: None) / 카테고리 성공 / 원산지 성공
27140080,,Unisex,Clothing,T-shirts and Polos,,브랜드 실패(사유: None) / 카테고리 성공 / 원산지 성공
27140080,,Unisex,Clothing,T-shirts and Polos,,브랜드 실패(사유: None) / 카테고리 성공 / 원산지 성공
27140080,,Unisex,Clothing,T-shirts and Polos,,브랜드 실패(사유: None) / 카테고리 성공 / 원산지 성공
27140080,,Unisex,Clothing,T-shirts and Polos,,브랜드 실패(사유: None) / 카테고리 성공 / 원산지 성공
27140080,,Unisex,Clothing,T-shirts and Polos,,브랜드 실패(사유: None) / 카테고리 성공 / 원산지 성공
AB23XM294001002,BRUNELLO CUCINELLI,U,AB,SWEATSHIRT,,재고 없음
AB31X804962X001,GUCCI,U,AB,DOWNJACKET,MADE IN ITALY,재고 없음
AB31X804962X001,GUCCI,U,AB,DOWNJACKET,MADE IN ITALY,재고 없음
AL25CEX00001005,EMPORIO ARMANI,D,AL,TELO MARE Colore unico,MADE IN PORTUGAL,재고 없음
AL25CEX00001005,EMPORIO ARMANI,D,AL,TELO MARE Colore unico,MADE IN PORTUGAL,재고 없음
159624,POLO RALPH LAUREN,Women,Bags,Shoulder bags,China,재고 없음
27140082,,Unisex,Clothing,T-shirts and Polos,,브랜드 실패(사유: None) / 카테고리 성공 / 원산지 성공
27140082,,Unisex,Clothing,T-shirts and Polos,,브랜드 실패(사유: None) / 카테고리 성공 / 원산지 성공
27140082,,Unisex,Clothing,T-shirts and Polos,,브랜드 실패(사유: None) / 카테고리 성공 / 원산지 성공
27140082,,Unisex,Clothing,T-shirts and Polos,,브랜드 실패(사유: None) / 카테고리 성공 / 원산지 성공
27140082,,Unisex,Clothing,T-shirts and Polos,,브랜드 실패(사유: None) / 카테고리 성공 / 원산지 성공
27140082,,Unisex,Clothing,T-shirts and Polos,,브랜드 실패(사유: None) / 카테고리 성공 / 원산지 성공
AB22XJ03GC01005,JIL SANDER,D,AB,T-SHIRT,MADE IN ITALY,재고 없음
AB22XJ03GC01005,JIL SANDER,D,AB,T-SHIRT,MADE IN ITALY,재고 없음
AB31XMC00015002,HERNO,U,AB,DOWNJACKET,,재고 없음
AB31XPI0043D007,HERNO,D,AB,DOWNJACKET,,재고 없음
AB31XK1S1541003,STONE ISLAND,U,AB,DOWNJACKET,MADE IN ROMANIA,재고 없음
AB31XK1S1541003,STONE ISLAND,U,AB,DOWNJACKET,MADE IN ROMANIA,재고 없음
AB32CP25DP53001,IL GUFO,K,AB,SET TOP PANTALONE Colore unico,MADE IN MAROCCO,재고 없음
AB32CP25DP53001,IL GUFO,K,AB,SET TOP PANTALONE Colore unico,MADE IN MAROCCO,재고 없음
160624,POLO RALPH LAUREN KIDS,Baby boy,Clothing,Tshirts and polo shirts,Bangladesh,재고 없음
160628,POLO RALPH LAUREN KIDS,Baby boy,Clothing,Sweatshirts,Cambodia,재고 없음
160641,POLO RALPH LAUREN KIDS,Baby boy,Clothing,Sweatshirts,Cambodia,재고 없음
161725,SOSUE,Women,Clothing,Shorts and Bermuda shorts,,재고 없음
162056,YVMIN X SHUSHU TONG,Women,Jewelry,Necklaces,,재고 없음
AB31XK1S1541006,STONE ISLAND,U,AB,DOWNJACKET,MADE IN ROMANIA,재고 없음
AB31XK1S1541006,STONE ISLAND,U,AB,DOWNJACKET,MADE IN ROMANIA,재고 없음
BO01X100039X031,PINKO,D,BO,LEATHER BAG,MADE IN CHINA,재고 없음
BO01X100039X031,PINKO,D,BO,LEATHER BAG,MADE IN CHINA,재고 없음
162363,ME369,Women,Clothing,Shorts and Bermuda shorts,China,재고 없음
162406,PLAIN,Women,Clothing,Shirts and blouses,,재고 없음
AB31XMP00012003,HERNO,U,AB,DOWNJACKET,,재고 없음
AL04X2514571002,MAX MARA,D,AL,HAT,MADE IN ITALY,재고 없음
AL04X2514571002,MAX MARA,D,AL,HAT,MADE IN ITALY,재고 없음
AB22XRU01E52004,RICK OWENS,U,AB,T-SHIRT,MADE IN ITALY,재고 없음
AB22XRU01E52004,RICK OWENS,U,AB,T-SHIRT,MADE IN ITALY,재고 없음
162995,PLAIN,Women,Clothing,Outerwear,,재고 없음
AB28CKS10305003,KONGES SLOJD,K,AB,BABY DRESS,MADE IN CHINA,재고 없음
AB28CKS10305003,KONGES SLOJD,K,AB,BABY DRESS,MADE IN CHINA,재고 없음
163226,FEDERICA TOSI,Women,Jewelry,Necklaces,,재고 없음
AL02XBL0035F001,ISABEL MARANT,D,AL,JEWELLERY,,재고 없음
AL03COBRA003004,OFF WHITE,K,AL,SOCKS Colore unico,MADE IN ITALY,재고 없음
AL02X696577X002,FERRAGAMO,D,AL,JEWELLERY,MADE IN ITALY,재고 없음
AL02X696577X002,FERRAGAMO,D,AL,JEWELLERY,MADE IN ITALY,재고 없음
163305,FENDI,Men,Clothing,Jersey,Italy,재고 없음
AB23XK1S1561006,STONE ISLAND,U,AB,SWEATSHIRT,MADE IN ITALY,재고 없음
AB23XK1S1561006,STONE ISLAND,U,AB,SWEATSHIRT,MADE IN ITALY,재고 없음
AB23XK1S1561022,STONE ISLAND,U,AB,SWEATSHIRT,MADE IN ROMANIA,재고 없음
AB23XK1S1561022,STONE ISLAND,U,AB,SWEATSHIRT,MADE IN ROMANIA,재고 없음
AL04XWINONAX001,IDEA,U,AL,HAT,MADE IN CHINA,재고 없음
AL04XWINONAX001,IDEA,U,AL,HAT,MADE IN CHINA,재고 없음
AB23CK1S1661016,STONE ISLAND,K,AB,SWEATSHIRT Colore unico,MADE IN ROMANIA,재고 없음
AB23CK1S1661016,STONE ISLAND,K,AB,SWEATSHIRT Colore unico,MADE IN ROMANIA,재고 없음
AB29XMRMD000002,ETRO,U,AB,POLO,MADE IN ITALY,재고 없음
AB29XMRMD000002,ETRO,U,AB,POLO,MADE IN ITALY,재고 없음
AB23XNF0A8C2002,THE NORTH FACE,U,AB,SWEATSHIRT,MADE IN TURKEY,재고 없음
AB23XNF0A8C2002,THE NORTH FACE,U,AB,SWEATSHIRT,MADE IN TURKEY,재고 없음
165028,PLAIN,Women,Shoes,Heels,Italy,재고 없음
AB31X8110196002,BURBERRY,U,AB,DOWNJACKET,,재고 없음
165174,OBIDI,Women,Clothing,Trousers,Italy,재고 없음
165300,FEDERICO CINA,Women,Bags,Hand bags,,재고 없음
165382,LONGCHAMP,Women,Bags,Hand bags,Tunisia,재고 없음
BO01X5403000006,VIVIENNE WESTWOOD,D,BO,LEATHER BAG,MADE IN ITALY,재고 없음
BO01X5403000006,VIVIENNE WESTWOOD,D,BO,LEATHER BAG,MADE IN ITALY,재고 없음
AL11X2524546001,MAX MARA,D,AL,SCARF,,재고 없음
166162,REPRESENT,Men,Clothing,Tshirts and polo shirts,Portugal,재고 없음
AB24X1803002032,VIVIENNE WESTWOOD,D,AB,CARDIGAN,MADE IN ITALY,재고 없음
AB24X1803002032,VIVIENNE WESTWOOD,D,AB,CARDIGAN,MADE IN ITALY,재고 없음
166427,ACNE STUDIOS,Women,Clothing,Jeans,Italy,재고 없음
166436,ACNE STUDIOS,Women,Clothing,Tops,Portugal,재고 없음
AB31XG9BRFTX001,DOLCE&GABBANA,U,AB,DOWNJACKET,,재고 없음
AB24XS74HA15001,DSQUARED2,U,AB,CARDIGAN,,재고 없음
AB31X8112660001,BURBERRY,U,AB,DOWNJACKET,,재고 없음
166891,DOLCE & GABBANA CASA,home,Home Accessories,Coffeemakers,,재고 없음
AL11X2524546004,MAX MARA,D,AL,SCARF,,재고 없음
AB26X2511221001,MAX MARA,D,AB,TRACKSUIT,MADE IN ITALY,재고 없음
AB26X2511221001,MAX MARA,D,AB,TRACKSUIT,MADE IN ITALY,재고 없음
AL02X524894X006,FERRAGAMO,D,AL,JEWELLERY,MADE IN ITALY,재고 없음
AL02X524894X006,FERRAGAMO,D,AL,JEWELLERY,MADE IN ITALY,재고 없음
BO01X100038X028,PINKO,D,BO,LEATHER BAG,MADE IN CHINA,재고 없음
167962,BOTTEGA VENETA,Women,Bags,Crossbody Bags,Italy,재고 없음
AB31XPI00125001,HERNO,U,AB,DOWNJACKET,,재고 없음
168169,MONCLER KIDS,Baby girl,Clothing,Down jackets,Armenia,재고 없음
168539,GUCCI,Women,Bags,Clutches and pochettes,,재고 없음
BO01X100074X002,PINKO,D,BO,LEATHER BAG,MADE IN CHINA,재고 없음
BO01X100074X002,PINKO,D,BO,LEATHER BAG,MADE IN CHINA,재고 없음
95844,GUCCI,Women,Accessories,Sunglasses,Japan,재고 없음
98624,LOW CLASSIC,Women,Clothing,Dresses,Korea,재고 없음
AB31X8105513001,BURBERRY,D,AB,DOWNJACKET,MADE IN ROMANIA,재고 없음
AB31X8105513001,BURBERRY,D,AB,DOWNJACKET,MADE IN ROMANIA,재고 없음
BO01X2S4HTT0004,MARC JACOBS,D,BO,LEATHER BAG,MADE IN VIETNAM,재고 없음
BO01X2S4HTT0004,MARC JACOBS,D,BO,LEATHER BAG,MADE IN VIETNAM,재고 없음
BO01X10306XX002,LONGCHAMP,D,BO,TOTE BAG,MADE IN MOROCCO,재고 없음
BO01X10306XX002,LONGCHAMP,D,BO,TOTE BAG,MADE IN MOROCCO,재고 없음
119583,ETRO HOME,home,undefined,Beach towels,,재고 없음
BO01X2P5HSC0002,MARC JACOBS,D,BO,LEATHER BAG,,재고 없음
128169,GHERARDI,Men,Clothing,Shirts and blouses,,재고 없음
128647,BOTTEGA VENETA,Women,Bags,Crossbody Bags,Italy,재고 없음
126398,GUCCI,Men,Accessories,Belts,Italy,재고 없음
AL03XOMRA08J002,OFF WHITE,U,AL,SOCKS,MADE IN ITALY,재고 없음
AL03XOMRA08J002,OFF WHITE,U,AL,SOCKS,MADE IN ITALY,재고 없음
AB31XK1S1541002,STONE ISLAND,U,AB,DOWNJACKET,MADE IN INDONESIA,재고 없음
AB31XK1S1541002,STONE ISLAND,U,AB,DOWNJACKET,MADE IN INDONESIA,재고 없음
AB31XPI00127001,HERNO,U,AB,DOWNJACKET,,재고 없음
BO01X657228X018,SAINT LAURENT,D,BO,LEATHER BAG,MADE IN ITALY,재고 없음
BO01CEW00100001,EMPORIO ARMANI,D,BO,LEATHER BAG Colore unico,MADE IN CHINA,재고 없음
BO01CEW00100001,EMPORIO ARMANI,D,BO,LEATHER BAG Colore unico,MADE IN CHINA,재고 없음
134660,ROTATE,Women,Clothing,Long Dresses,China,재고 없음
134752,POLO RALPH LAUREN KIDS,Baby boy,Clothing,Shorts and Bermuda shorts,Bangladesh,재고 없음
136446,POLO RALPH LAUREN,Women,Clothing,Tshirts and polo shirts,CAMBOGIA,재고 없음
138408,ROTATE,Women,Clothing,Long Dresses,China,재고 없음
BO01XSYMMETR003,SAVETTE,D,BO,LEATHER BAG,MADE IN ITALY,재고 없음
BO01XSYMMETR003,SAVETTE,D,BO,LEATHER BAG,MADE IN ITALY,재고 없음
139745,BOTTEGA VENETA,Men,Clothing,Trousers,Italy ,재고 없음
139752,BOTTEGA VENETA,Women,Bags,Shoulder bags,Italy ,재고 없음
AL02X696577X003,FERRAGAMO,D,AL,JEWELLERY,MADE IN ITALY,재고 없음
AL02X696577X003,FERRAGAMO,D,AL,JEWELLERY,MADE IN ITALY,재고 없음
AL02X713034X002,FERRAGAMO,D,AL,JEWELLERY,MADE IN ITALY,재고 없음
AL02X713034X002,FERRAGAMO,D,AL,JEWELLERY,MADE IN ITALY,재고 없음
139916,BURBERRY KIDS,Baby girl,Clothing,Dresses,Vietnam,재고 없음
BO01X2T03XXX006,JW PEI,D,BO,LEATHER BAG,MADE IN CHINA,재고 없음
BO01X2T03XXX006,JW PEI,D,BO,LEATHER BAG,MADE IN CHINA,재고 없음
140603,JACQUEMUS,Men,Accessories,Hats and Gloves,Bulgaria,재고 없음
140731,JACOB COHEN,Men,Clothing,Tshirts and polo shirts,Italy,재고 없음
141713,ROTATE,Women,Clothing,Skirts,China,재고 없음
141723,ROTATE,Women,Clothing,Long Dresses,China,재고 없음
BO01X8203011001,VIVIENNE WESTWOOD,D,BO,LEATHER BAG,MADE IN ITALY,재고 없음
BO01X8203011001,VIVIENNE WESTWOOD,D,BO,LEATHER BAG,MADE IN ITALY,재고 없음
142902,FARM RIO,Women,Clothing,Long Dresses,India,재고 없음
AB24XBFHKC11003,AMI,U,AB,CARDIGAN,MADE IN PORTUGAL,재고 없음
AB24XBFHKC11003,AMI,U,AB,CARDIGAN,MADE IN PORTUGAL,재고 없음
AB24XMKC171A009,THOM BROWNE,U,AB,CARDIGAN,MADE IN ITALY,재고 없음
AB24XMKC171A009,THOM BROWNE,U,AB,CARDIGAN,MADE IN ITALY,재고 없음
143203,ROTATE,Women,Clothing,Long Dresses,China,재고 없음
142939,SAINT LAURENT,Women,Clothing,Jumpsuits,Italy,재고 없음
144546,SAINT LAURENT,Women,Shoes,Wedges,Italy,재고 없음
145860,BALENCIAGA,Men,Clothing,Shirts and blouses,Italy,재고 없음
AB25XK10931A006,MONCLER,D,AB,WINDBREAKER,MADE IN ARMENIA,재고 없음
AB25XK10931A006,MONCLER,D,AB,WINDBREAKER,MADE IN ARMENIA,재고 없음
AB31XGI00041001,HERNO,U,AB,DOWNJACKET,MADE IN ROMANIA,재고 없음
AB31XGI00041001,HERNO,U,AB,DOWNJACKET,MADE IN ROMANIA,재고 없음
AB31XPI00194006,HERNO,D,AB,DOWNJACKET,,재고 없음
AB31X8110189001,BURBERRY,U,AB,DOWNJACKET,,재고 없음
AL11X2524546007,MAX MARA,D,AL,SCARF,,재고 없음
AL17CP24PH05002,IL GUFO,K,AL,OTHER ACCESSORIES Colore unico,MADE IN ITALY,재고 없음
AL17CP24PH05002,IL GUFO,K,AL,OTHER ACCESSORIES Colore unico,MADE IN ITALY,재고 없음
AB31XW0738XX001,GANNI,D,AB,DOWNJACKET,,재고 없음
AL10X816439X001,GUCCI,D,AL,SHAWL,MADE IN ITALY,재고 없음
AL10X816439X001,GUCCI,D,AL,SHAWL,MADE IN ITALY,재고 없음
BO01XA5822XX001,GANNI,D,BO,LEATHER BAG,MADE IN INDIA,재고 없음
BO01XC24AS71001,CHLOE',D,BO,LEATHER BAG,MADE IN ITALY,재고 없음
BO01XC24AS71001,CHLOE',D,BO,LEATHER BAG,MADE IN ITALY,재고 없음
AB28CB125AB0001,BOBO CHOSES,K,AB,BABY DRESS Colore unico,MADE IN SPAIN,재고 없음
AB28CB125AB0001,BOBO CHOSES,K,AB,BABY DRESS Colore unico,MADE IN SPAIN,재고 없음
149430,JACQUEMUS,Men,Accessories,Hats and Gloves,Bulgaria,재고 없음
AL04XAMHATR1001,AMIRI,U,AL,HAT,,재고 없음
149757,FARM RIO,Women,Clothing,Long Dresses,China,재고 없음
149760,FARM RIO,Women,Clothing,Long Dresses,China,재고 없음
BO01XC24AS61002,CHLOE',D,BO,LEATHER BAG,MADE IN ITALY,재고 없음
BO01XC24AS61002,CHLOE',D,BO,LEATHER BAG,MADE IN ITALY,재고 없음
149762,FARM RIO,Women,Clothing,Long Dresses,China,재고 없음
AL25CEX00002003,EMPORIO ARMANI,D,AL,TELO MARE Colore unico,MADE IN TURKEY,재고 없음
AL25CEX00002003,EMPORIO ARMANI,D,AL,TELO MARE Colore unico,MADE IN TURKEY,재고 없음
BO01CEW00101002,EMPORIO ARMANI,D,BO,LEATHER BAG Colore unico,MADE IN CHINA,재고 없음
BO01CEW00101002,EMPORIO ARMANI,D,BO,LEATHER BAG Colore unico,MADE IN CHINA,재고 없음
149923,GUCCI,Women,Shoes,Heels,Italy,재고 없음
150193,VIVIENNE WESTWOOD,Women,Clothing,Tops,Italy,재고 없음
BO01XDBA104F001,COPERNI,D,BO,LEATHER BAG,,재고 없음
BO01XDBA104F001,COPERNI,D,BO,LEATHER BAG,,재고 없음
BO01X8BS093X003,FENDI,D,BO,mini bag,MADE IN ITALY,재고 없음
BO01X8BS093X003,FENDI,D,BO,mini bag,MADE IN ITALY,재고 없음
150599,ROTATE,Women,Clothing,Dresses,China,재고 없음
CA01XEEC412F001,CHURCH,U,CA,LEATHER SOLE,,재고 없음
150672,SOEUR,Women,Bags,Shoulder bags,,재고 없음
BO01X100059X029,PINKO,D,BO,LEATHER BAG,MADE IN CHINA,재고 없음
AL25CEX00001002,EMPORIO ARMANI,D,AL,TELO MARE Colore unico,MADE IN PORTUGAL,재고 없음
AL25CEX00001002,EMPORIO ARMANI,D,AL,TELO MARE Colore unico,MADE IN PORTUGAL,재고 없음
151376,FRAME,Women,Clothing,Tops,China,재고 없음
151523,AUTRY,Men,Shoes,Sneakers,Indonesia,재고 없음
151554,PLAIN,Men,Clothing,Shirts and blouses,Italy,재고 없음
151557,PLAIN,Men,Clothing,Shirts and blouses,Italy,재고 없음
AB31XS74AM16002,DSQUARED2,U,AB,DOWNJACKET,,재고 없음
151918,MAX MARA,Women,Accessories,Scarfs and foulards,Italy,재고 없음
BO01X100039X032,PINKO,D,BO,LEATHER BAG,MADE IN CHINA,재고 없음
BO01X100039X032,PINKO,D,BO,LEATHER BAG,MADE IN CHINA,재고 없음
BO01XLW05103007,MAISON KITSUNE,D,BO,LEATHER BAG,MADE IN PORTUGAL,재고 없음
BO01XLW05103007,MAISON KITSUNE,D,BO,LEATHER BAG,MADE IN PORTUGAL,재고 없음
CA03X1203A38006,ASICS,U,CA,SNEAKERS,MADE IN VIETNAM,재고 없음
CA03X1203A38006,ASICS,U,CA,SNEAKERS,MADE IN VIETNAM,재고 없음
152588,FERRAGAMO,Men,Accessories,Leather Products,Italy,재고 없음
AB29XK1S1522002,STONE ISLAND,U,AB,POLO,MADE IN TURKEY,재고 없음
AB29XK1S1522002,STONE ISLAND,U,AB,POLO,MADE IN TURKEY,재고 없음
153297,LOW BRAND,Men,Clothing,Shirts and blouses,Albania,재고 없음
BO01X100039X023,PINKO,D,BO,LEATHER BAG,MADE IN CHINA,재고 없음
BO01X100039X023,PINKO,D,BO,LEATHER BAG,MADE IN CHINA,재고 없음
153561,HERNO,Women,Clothing,Dresses,Portugal,재고 없음
153506,FEDERICA TOSI,Women,Clothing,Dresses,Italy,재고 없음
154141,GUCCI,Women,Accessories,Belts,Italy,재고 없음
BO01X2S4HTT0003,MARC JACOBS,D,BO,LEATHER BAG,MADE IN VIETNAM,재고 없음
BO01X2S4HTT0003,MARC JACOBS,D,BO,LEATHER BAG,MADE IN VIETNAM,재고 없음
154665,ROHE,Women,Clothing,Long Dresses,China,재고 없음
AL04C481774X003,GUCCI,K,AL,HAT Colore unico,MADE IN ITALY,재고 없음
AL04C481774X003,GUCCI,K,AL,HAT Colore unico,MADE IN ITALY,재고 없음
154307,PALM ANGELS,Men,Clothing,Tshirts and polo shirts,Italy,재고 없음
154316,NIMO WITH LOVE,Women,Clothing,Beachwear,,재고 없음
AL04XMISSEDM001,IDEA,U,AL,HAT,MADE IN CHINA,재고 없음
AL04XMISSEDM001,IDEA,U,AL,HAT,MADE IN CHINA,재고 없음
BO09XALIN001003,SAINT BARTH,U,BO,POUCH BAG,MADE IN CHINA,재고 없음
BO09XALIN001003,SAINT BARTH,U,BO,POUCH BAG,MADE IN CHINA,재고 없음
BO01XOW05124001,MAISON KITSUNE,U,BO,LEATHER BAG,MADE IN CHINA,재고 없음
BO01XOW05124001,MAISON KITSUNE,U,BO,LEATHER BAG,MADE IN CHINA,재고 없음
BO01X233BA35003,JACQUEMUS,D,BO,LEATHER BAG,MADE IN ITALY,재고 없음
BO01X233BA35003,JACQUEMUS,D,BO,LEATHER BAG,MADE IN ITALY,재고 없음
155122,ROTATE,Women,Clothing,Shirts and blouses,China,재고 없음
155126,ROTATE,Women,Clothing,Shirts and blouses,China,재고 없음
155129,ROTATE,Women,Clothing,Long Dresses,China,재고 없음
155152,HUNZA G,Women,Clothing,Beachwear,Morocco,재고 없음
AL02XSM6UU00001,MM6,D,AL,2000031161488,MADE IN ITALY,재고 없음
AL02XSM6UU00001,MM6,D,AL,2000031161488,MADE IN ITALY,재고 없음
AL11X8112642001,BURBERRY,U,AL,SCARF,,재고 없음
AL11XMSC667A001,BRUNELLO CUCINELLI,U,AL,SCARF,,재고 없음
155859,MAISON KITSUNÉ,Women,Clothing,Tshirts and polo shirts,Portugal,재고 없음
155432,NAGHEDI,Women,Bags,Hand bags,China,재고 없음
155692,SAINT LAURENT,Women,Accessories,Hats and Gloves,Bulgaria,재고 없음
155933,PLAIN,Women,Clothing,Shirts and blouses,Italy,재고 없음
156120,A.EMERY,Women,Shoes,Flat Shoes,India,재고 없음
BO01XSB6WD00021,MM6,D,BO,LEATHER BAG,MADE IN CHINA,재고 없음
BO01XSB6WD00021,MM6,D,BO,LEATHER BAG,MADE IN CHINA,재고 없음
BO01XSYMMETR004,SAVETTE,D,BO,LEATHER BAG,MADE IN ITALY,재고 없음
BO01XSYMMETR004,SAVETTE,D,BO,LEATHER BAG,MADE IN ITALY,재고 없음
CA07XSD0247X001,PINKO,D,CA,FLAT SHOES,MADE IN ALBANIA,재고 없음
CA07XSD0247X001,PINKO,D,CA,FLAT SHOES,MADE IN ALBANIA,재고 없음
AB02XPATMOSX002,SAINT BARTH,U,AB,BEACHWEAR,MADE IN CHINA,재고 없음
AB02XPATMOSX002,SAINT BARTH,U,AB,BEACHWEAR,MADE IN CHINA,재고 없음
156982,MABE,Women,Clothing,Shirts and blouses,,재고 없음
CA08XPX913XX001,PARIS TEXAS,D,CA,HEELED SHOES,MADE IN ITALY,재고 없음
CA08XPX913XX001,PARIS TEXAS,D,CA,HEELED SHOES,MADE IN ITALY,재고 없음
PP02X100125X010,PINKO,D,PP,BELT,MADE IN CHINA,재고 없음
PP02X100125X010,PINKO,D,PP,BELT,MADE IN CHINA,재고 없음
157267,STONE ISLAND,Men,Clothing,Tshirts and polo shirts,Tunisia,재고 없음
PP02X8C0648X008,FENDI,D,PP,BELT,,재고 없음
PP02X8C0648X008,FENDI,D,PP,BELT,,재고 없음
BO01X25SS812002,CHLOE',D,BO,LEATHER BAG,MADE IN ITALY,재고 없음
BO01X25SS812002,CHLOE',D,BO,LEATHER BAG,MADE IN ITALY,재고 없음
CA04XA60613X001,DOLCE&GABBANA,U,CA,BOOTS,,재고 없음
157575,UGG,Men,Shoes,Flat Shoes,Cambodia,재고 없음
157607,SILVIA GNECCHI,Women,Jewelry,Necklaces,Italy,재고 없음
157580,MONCLER,Men,Bags,Backpacks and Belt bags,,재고 없음
BO01X2P5HTT0003,MARC JACOBS,D,BO,LEATHER BAG,,재고 없음
PP07CY4R167X006,EMPORIO ARMANI,U,PP,WALLET Colore unico,MADE IN TUNISIA,재고 없음
PP07CY4R167X006,EMPORIO ARMANI,U,PP,WALLET Colore unico,MADE IN TUNISIA,재고 없음
157859,JACOB COHEN,Men,Clothing,Jeans,Italy,재고 없음
BO01X2P5SMN0001,MARC JACOBS,D,BO,LEATHER BAG,,재고 없음
AB01CM01302X001,MARNI,K,AB,DRESS Colore unico,MADE IN BULGARIA,재고 없음
AB01CM01302X001,MARNI,K,AB,DRESS Colore unico,MADE IN BULGARIA,재고 없음
158070,SKIN1004,Beauty & F,Beauty,Serums,,재고 없음
BO01X2P5SMN0002,MARC JACOBS,D,BO,LEATHER BAG,,재고 없음
AB31X8100833001,BURBERRY,D,AB,DOWNJACKET,MADE IN THAILANDIA,재고 없음
AB31X8100833001,BURBERRY,D,AB,DOWNJACKET,MADE IN THAILANDIA,재고 없음
BO01XX08396X017,DIESEL,D,BO,LEATHER BAG,,재고 없음
BO09XALIN001001,SAINT BARTH,U,BO,POUCH BAG,MADE IN CHINA,재고 없음
BO09XALIN001001,SAINT BARTH,U,BO,POUCH BAG,MADE IN CHINA,재고 없음
158218,THEORY,Women,Clothing,Jersey,,재고 없음
AB04CKS10230004,KONGES SLOJD,K,AB,SHIRT,MADE IN CHINA,재고 없음
AB04CKS10230004,KONGES SLOJD,K,AB,SHIRT,MADE IN CHINA,재고 없음
AB05XMADAMEX024,MAX MARA,D,AB,COAT,MADE IN ITALY,재고 없음
AB05XMADAMEX024,MAX MARA,D,AB,COAT,MADE IN ITALY,재고 없음
158394,GUCCI,Men,Accessories,Leather Products,,재고 없음
158608,MC2 SAINT BARTH KIDS,Baby girl,Bags,Hand bags,Madagascar,재고 없음
158849,ANITA BILARDI,Women,Bags,Tote bags,Italy,재고 없음
158822,ANTONELLI,Women,Clothing,Tops,Italy,재고 없음
AB02XLDM5400002,LES DEUX,U,AB,BEACHWEAR,MADE IN CHINA,재고 없음
AB02XLDM5400002,LES DEUX,U,AB,BEACHWEAR,MADE IN CHINA,재고 없음
159032,BA&SH,Women,Clothing,Tshirts and polo shirts,Portugal,재고 없음
CA03X1203A53010,ASICS,U,CA,SNEAKERS,MADE IN VIETNAM,재고 없음
CA03X1203A53010,ASICS,U,CA,SNEAKERS,MADE IN VIETNAM,재고 없음
AB31XK1S1541016,STONE ISLAND,U,AB,DOWNJACKET,MADE IN INDONESIA,재고 없음
AB31XK1S1541016,STONE ISLAND,U,AB,DOWNJACKET,MADE IN INDONESIA,재고 없음
AB01X4889DR2001,ZIMMERMANN,D,AB,DRESS,MADE IN CHINA,재고 없음
AB01X4889DR2001,ZIMMERMANN,D,AB,DRESS,MADE IN CHINA,재고 없음
159717,SAINT LAURENT,Women,Bags,Mini Bags,,재고 없음
AB01X7914XXX002,THE ROW,D,AB,DRESS,MADE IN ITALY,재고 없음
AB01X7914XXX002,THE ROW,D,AB,DRESS,MADE IN ITALY,재고 없음
AB03X824222X001,GUCCI,U,AB,SHORT,,재고 없음
AB03X824222X001,GUCCI,U,AB,SHORT,,재고 없음
BO01X792124X001,GUCCI,U,BO,LEATHER BAG,MADE IN ITALY,재고 없음
BO01X792124X001,GUCCI,U,BO,LEATHER BAG,MADE IN ITALY,재고 없음
160027,THE ROW,Women,Clothing,Long Dresses,Italy,재고 없음
160081,'S MAXMARA,Women,Clothing,Jersey,,재고 없음
AB07XPACOSXX002,MAX MARA,D,AB,JACKET,MADE IN ITALY,재고 없음
AB07XPACOSXX002,MAX MARA,D,AB,JACKET,MADE IN ITALY,재고 없음
160450,MARNI KIDS,Baby girl,Clothing,Jersey,China,재고 없음
CA03X1203A54004,ASICS,D,CA,SNEAKERS,MADE IN VIETNAM,재고 없음
CA03X1203A54004,ASICS,D,CA,SNEAKERS,MADE IN VIETNAM,재고 없음
AB07XNODOXXX001,LOULOU STUDIO,D,AB,JACKET,,재고 없음
AB07XNODOXXX001,LOULOU STUDIO,D,AB,JACKET,,재고 없음
CA08X3191416019,CHRISTIAN LOUBOUTIN,D,CA,HEELED SHOES,MADE IN ITALY,재고 없음
CA08X3191416019,CHRISTIAN LOUBOUTIN,D,CA,HEELED SHOES,MADE IN ITALY,재고 없음
160964,ALBERTA FERRETTI,Women,Clothing,Long Dresses,,재고 없음
AB02CEM00069002,EMPORIO ARMANI,U,AB,BEACHWEAR Colore unico,MADE IN TURKEY,재고 없음
AB02CEM00069002,EMPORIO ARMANI,U,AB,BEACHWEAR Colore unico,MADE IN TURKEY,재고 없음
162181,MERCI,Women,Clothing,Trousers,,재고 없음
AB02X012511X001,ERES,D,AB,BEACHWEAR,MADE IN FRANCE,재고 없음
AB02X012511X001,ERES,D,AB,BEACHWEAR,MADE IN FRANCE,재고 없음
CA03X619902001,ON,U,CA,SNEAKERS,MADE IN VIETNAM,재고 없음
CA03X619902001,ON,U,CA,SNEAKERS,MADE IN VIETNAM,재고 없음
162344,DRAGON DIFFUSION,Women,Bags,Crossbody Bags,,재고 없음
162413,PLAIN,Women,Clothing,Shirts and blouses,,재고 없음
BO01X100061X022,PINKO,D,BO,LEATHER BAG,MADE IN CHINA,재고 없음
BO01X100061X022,PINKO,D,BO,LEATHER BAG,MADE IN CHINA,재고 없음
162664,PUMA,Unisex,Shoes,Sneakers,Cambodia,재고 없음
BO01X243BA38004,JACQUEMUS,D,BO,LEATHER BAG,MADE IN MADAGASCAR,재고 없음
BO01X243BA38004,JACQUEMUS,D,BO,LEATHER BAG,MADE IN MADAGASCAR,재고 없음
BO01XBB7116X025,DOLCE&GABBANA,D,BO,LEATHER BAG,,재고 없음
BO01XBB6003X127,DOLCE&GABBANA,D,BO,LEATHER BAG,,재고 없음
CA04XPX662XX001,PARIS TEXAS,D,CA,BOOTS,MADE IN ITALY,재고 없음
CA04XPX662XX001,PARIS TEXAS,D,CA,BOOTS,MADE IN ITALY,재고 없음
BO01XDBA102F001,COPERNI,D,BO,LEATHER BAG,MADE IN ITALY,재고 없음
BO01XDBA102F001,COPERNI,D,BO,LEATHER BAG,MADE IN ITALY,재고 없음
163095,SELF-PORTRAIT,Women,Clothing,Dresses,China,재고 없음
163271,SILVIA GNECCHI,Women,Jewelry,Necklaces,Italy,재고 없음
AB18XIP0205-002,TALBOT RUNHOF,D,AB,TOP,MADE IN GERMANY,재고 없음
AB18XIP0205-002,TALBOT RUNHOF,D,AB,TOP,MADE IN GERMANY,재고 없음
AB01X251205X002,CHARO RUIZ,D,AB,DRESS,MADE IN PORTUGAL,재고 없음
AB01X251205X002,CHARO RUIZ,D,AB,DRESS,MADE IN PORTUGAL,재고 없음
AB22X2511361002,MAX MARA,D,AB,T-SHIRT,MADE IN ROMANIA,재고 없음
AB22X2511361002,MAX MARA,D,AB,T-SHIRT,MADE IN ROMANIA,재고 없음
AB22X2511941013,MAX MARA,D,AB,T-SHIRT,MADE IN CHINA,재고 없음
AB22X2511941013,MAX MARA,D,AB,T-SHIRT,MADE IN CHINA,재고 없음
AB01X3121DRS001,ZIMMERMANN,D,AB,DRESS,MADE IN CHINA,재고 없음
AB01X3121DRS001,ZIMMERMANN,D,AB,DRESS,MADE IN CHINA,재고 없음
AB01X251205X001,CHARO RUIZ,D,AB,DRESS,MADE IN PORTUGAL,재고 없음
AB01X251205X001,CHARO RUIZ,D,AB,DRESS,MADE IN PORTUGAL,재고 없음
164233,LONGCHAMP,Women,Bags,Shoulder bags,Romania,재고 없음
AB01XPS2433X001,COSTARELLOS,D,AB,DRESS,MADE IN POLAND,재고 없음
AB01XPS2433X001,COSTARELLOS,D,AB,DRESS,MADE IN POLAND,재고 없음
AB01XPS2458X001,COSTARELLOS,D,AB,DRESS,MADE IN GREECE,재고 없음
AB01XPS2458X001,COSTARELLOS,D,AB,DRESS,MADE IN GREECE,재고 없음
164212,MERCI,Women,Clothing,Trousers,,재고 없음
AB22X6090XXX001,C.9.3,U,AB,T-SHIRT,MADE IN ITALY,재고 없음
AB22X6090XXX001,C.9.3,U,AB,T-SHIRT,MADE IN ITALY,재고 없음
164927,LONGCHAMP,Women,Accessories,Scarfs and foulards,,재고 없음
AB03X2516-30001,WOODBIRD,U,AB,SHORT,MADE IN TURKEY,재고 없음
AB03X2516-30001,WOODBIRD,U,AB,SHORT,MADE IN TURKEY,재고 없음
CA07XBE5010X001,GIVENCHY,D,CA,FLAT SHOES,,재고 없음
AB03X57437XX001,PATAGONIA,U,AB,SHORT,MADE IN SRI LANKA,재고 없음
AB03X57437XX001,PATAGONIA,U,AB,SHORT,MADE IN SRI LANKA,재고 없음
AB03X824267X001,GUCCI,U,AB,SHORT,,재고 없음
AB03X824267X001,GUCCI,U,AB,SHORT,,재고 없음
AB03X57145XX001,PATAGONIA,U,AB,SHORT,MADE IN SRI LANKA,재고 없음
AB03X57145XX001,PATAGONIA,U,AB,SHORT,MADE IN SRI LANKA,재고 없음
AB22XJC5334X001,ADIDAS ORIGINALS,D,AB,T-SHIRT,,재고 없음
AB22XJC5334X001,ADIDAS ORIGINALS,D,AB,T-SHIRT,,재고 없음
165296,FEDERICO CINA,Women,Bags,Hand bags,,재고 없음
AB03XK1S1562007,STONE ISLAND,U,AB,SHORT,MADE IN TUNISIA,재고 없음
AB03XK1S1562007,STONE ISLAND,U,AB,SHORT,MADE IN TUNISIA,재고 없음
AB03CP25PB01001,IL GUFO,K,AB,SHORT Colore unico,MADE IN ITALY,재고 없음
AB03CP25PB01001,IL GUFO,K,AB,SHORT Colore unico,MADE IN ITALY,재고 없음
165351,LONGCHAMP,Women,Bags,Hand bags,China,재고 없음
AB11XHKS163X001,AMI,U,AB,KNITWEAR,MADE IN ITALY,재고 없음
AB11XHKS163X001,AMI,U,AB,KNITWEAR,MADE IN ITALY,재고 없음
AB22XLM00107010,MAISON KITSUNE,U,AB,T-SHIRT,MADE IN PORTUGAL,재고 없음
AB22XLM00107010,MAISON KITSUNE,U,AB,T-SHIRT,MADE IN PORTUGAL,재고 없음
AB22XSH0GC00003,MM6,U,AB,T-SHIRT,MADE IN PORTUGAL,재고 없음
AB22XSH0GC00003,MM6,U,AB,T-SHIRT,MADE IN PORTUGAL,재고 없음
165550,PARIS TEXAS,Women,Shoes,Heels,,재고 없음
AB22XJ03GC01006,JIL SANDER,D,AB,T-SHIRT,MADE IN ITALY,재고 없음
AB22XJ03GC01006,JIL SANDER,D,AB,T-SHIRT,MADE IN ITALY,재고 없음
165405,LONGCHAMP,Women,Bags,Hand bags,China,재고 없음
AB22XJ03GC01007,JIL SANDER,D,AB,T-SHIRT,MADE IN ITALY,재고 없음
AB22XJ03GC01007,JIL SANDER,D,AB,T-SHIRT,MADE IN ITALY,재고 없음
AB22C7M00032002,EA7,U,AB,T-SHIRT Colore unico,MADE IN VIETNAM,재고 없음
AB22C7M00032002,EA7,U,AB,T-SHIRT Colore unico,MADE IN VIETNAM,재고 없음
AB03X2516-31001,WOODBIRD,U,AB,SHORT,MADE IN TURKEY,재고 없음
AB03X2516-31001,WOODBIRD,U,AB,SHORT,MADE IN TURKEY,재고 없음
BO01XH004L01013,MARC JACOBS,D,BO,LEATHER BAG,MADE IN VIETNAM,재고 없음
BO01XH004L01013,MARC JACOBS,D,BO,LEATHER BAG,MADE IN VIETNAM,재고 없음
165744,HAIKURE,Women,Clothing,Jeans,,재고 없음
BO01XM001649017,MARC JACOBS,D,BO,LEATHER BAG,MADE IN VIETNAM,재고 없음
BO01XM001649017,MARC JACOBS,D,BO,LEATHER BAG,MADE IN VIETNAM,재고 없음
AB23X251KN61001,JACQUEMUS,D,AB,SWEATSHIRT,MADE IN ITALY,재고 없음
AB23X251KN61001,JACQUEMUS,D,AB,SWEATSHIRT,MADE IN ITALY,재고 없음
AB13X815483X001,SAINT LAURENT,U,AB,TROUSERS,,재고 없음
AB13X815483X001,SAINT LAURENT,U,AB,TROUSERS,,재고 없음
AB04XLEESHOW003,JOHN SMEDLEY,U,AB,SHIRT,MADE IN U.K.,재고 없음
AB04XLEESHOW003,JOHN SMEDLEY,U,AB,SHIRT,MADE IN U.K.,재고 없음
AB04X18CMOS0001,CP COMPANY,U,AB,SHIRT,MADE IN CHINA,재고 없음
AB04X18CMOS0001,CP COMPANY,U,AB,SHIRT,MADE IN CHINA,재고 없음
BO01XH053L01014,MARC JACOBS,D,BO,LEATHER BAG,MADE IN VIETNAM,재고 없음
BO01XH053L01014,MARC JACOBS,D,BO,LEATHER BAG,MADE IN VIETNAM,재고 없음
AB04X2519191001,MAX MARA S,D,AB,SHIRT,MADE IN CHINA,재고 없음
AB04X2519191001,MAX MARA S,D,AB,SHIRT,MADE IN CHINA,재고 없음
AB29XMM00201002,MAISON KITSUNE,U,AB,POLO,MADE IN PORTUGAL,재고 없음
AB29XMM00201002,MAISON KITSUNE,U,AB,POLO,MADE IN PORTUGAL,재고 없음
AB04X4SHCC09005,GIORGIO ARMANI,D,AB,SHIRT,MADE IN ITALY,재고 없음
AB04X4SHCC09005,GIORGIO ARMANI,D,AB,SHIRT,MADE IN ITALY,재고 없음
AB04X4SHCC09001,GIORGIO ARMANI,D,AB,SHIRT,MADE IN ITALY,재고 없음
AB04X4SHCC09001,GIORGIO ARMANI,D,AB,SHIRT,MADE IN ITALY,재고 없음
AB04X2516-72003,WOODBIRD,U,AB,SHIRT,MADE IN CHINA,재고 없음
AB04X2516-72003,WOODBIRD,U,AB,SHIRT,MADE IN CHINA,재고 없음
BO01XSLIM SY002,SAVETTE,D,BO,LEATHER BAG,MADE IN ITALY,재고 없음
BO01XSLIM SY002,SAVETTE,D,BO,LEATHER BAG,MADE IN ITALY,재고 없음
AB07X12016XX001,FORTE FORTE,D,AB,JACKET,MADE IN ITALY,재고 없음
AB07X12016XX001,FORTE FORTE,D,AB,JACKET,MADE IN ITALY,재고 없음
AB03XLDM5110001,LES DEUX,U,AB,SHORT,MADE IN CHINA,재고 없음
AB03XLDM5110001,LES DEUX,U,AB,SHORT,MADE IN CHINA,재고 없음
AB07XQUEENXX002,DACUTE,U,AB,JACKET,MADE IN ITALY,재고 없음
AB07XQUEENXX002,DACUTE,U,AB,JACKET,MADE IN ITALY,재고 없음
BO01X8BN358X002,FENDI,D,BO,LEATHER BAG,MADE IN ITALY,재고 없음
BO01X8BN358X002,FENDI,D,BO,LEATHER BAG,MADE IN ITALY,재고 없음
167133,UGG,Women,Shoes,Ankle boots,Indonesia,재고 없음
AB22CEW00152001,EMPORIO ARMANI,D,AB,T-SHIRT Colore unico,MADE IN PORTUGAL,재고 없음
AB22CEW00152001,EMPORIO ARMANI,D,AB,T-SHIRT Colore unico,MADE IN PORTUGAL,재고 없음
AB22XBG25150001,BUTTER GOODS,U,AB,T-SHIRT,,재고 없음
AB22XBG25150001,BUTTER GOODS,U,AB,T-SHIRT,,재고 없음
AB13XCOPP24B002,COPERNI,D,AB,TROUSERS,MADE IN ITALY,재고 없음
AB13XCOPP24B002,COPERNI,D,AB,TROUSERS,MADE IN ITALY,재고 없음
BO01XX10221X003,DIESEL,D,BO,LEATHER BAG,,재고 없음
BO02XWAS03HX001,BALLY,D,BO,FABRIC BAG,MADE IN CHINA,재고 없음
BO02XWAS03HX001,BALLY,D,BO,FABRIC BAG,MADE IN CHINA,재고 없음
BO01XXBWAPAA017,TODS,D,BO,LEATHER BAG,MADE IN ITALY,재고 없음
BO01XXBWAPAA017,TODS,D,BO,LEATHER BAG,MADE IN ITALY,재고 없음
167763,FENDI,Women,Bags,Shoulder bags,Italy,재고 없음
AB04CM60763X001,MM6,K,AB,SHIRT Colore unico,MADE IN TUNISIA,재고 없음
AB04CM60763X001,MM6,K,AB,SHIRT Colore unico,MADE IN TUNISIA,재고 없음
AL02X554466X011,ALEXANDER MCQUEEN,U,AL,JEWELLERY,MADE IN ITALY,재고 없음
AL02X554466X011,ALEXANDER MCQUEEN,U,AL,JEWELLERY,MADE IN ITALY,재고 없음
AL02XSM6UY00002,MM6,D,AL,JEWELLERY,MADE IN ITALY,재고 없음
AL02XSM6UY00002,MM6,D,AL,JEWELLERY,MADE IN ITALY,재고 없음
AB22XK10938C007,MONCLER,D,AB,T-SHIRT,MADE IN ITALY,재고 없음
AB22XK10938C007,MONCLER,D,AB,T-SHIRT,MADE IN ITALY,재고 없음
AB22XSH0GC00012,MM6,U,AB,T-SHIRT,MADE IN PORTUGAL,재고 없음
AB22XSH0GC00012,MM6,U,AB,T-SHIRT,MADE IN PORTUGAL,재고 없음
168656,VENUJA,Women,Clothing,Beachwear,China,재고 없음
BO01XX08396X018,DIESEL,D,BO,LEATHER BAG,,재고 없음
AB29XLM00208006,MAISON KITSUNE,U,AB,POLO,MADE IN PORTUGAL,재고 없음
AB29XLM00208006,MAISON KITSUNE,U,AB,POLO,MADE IN PORTUGAL,재고 없음
169729,CELINE,Women,Accessories,Leather Products,Italy,재고 없음
AB22C322-965001,RALPH LAUREN,K,AB,T-SHIRT Colore unico,MADE IN MACAU,재고 없음
AB22C322-965001,RALPH LAUREN,K,AB,T-SHIRT Colore unico,MADE IN MACAU,재고 없음
AB04X8099416001,BURBERRY,U,AB,SHIRT,MADE IN ITALY,재고 없음
AB04X8099416001,BURBERRY,U,AB,SHIRT,MADE IN ITALY,재고 없음
PP02CY4S623X002,EMPORIO ARMANI,U,PP,BELT Colore unico,MADE IN ITALY,재고 없음
PP02CY4S623X002,EMPORIO ARMANI,U,PP,BELT Colore unico,MADE IN ITALY,재고 없음
AB04XD313084001,P.A.R.O.S.H.,D,AB,SHIRT,MADE IN ITALY,재고 없음
161999,STUART WEITZMAN,Women,Shoes,Ankle boots,Spain,재고 없음
AL04XK10933B007,MONCLER,D,AL,HAT,MADE IN CHINA,재고 없음
AL04XK10933B007,MONCLER,D,AL,HAT,MADE IN CHINA,재고 없음
138201,VERSACE HOME,home,Textiles,Bathrobes,,재고 없음
BO02CC20587X001,CHLOE',K,BO,FABRIC BAG Colore unico,MADE IN CHINA,재고 없음
BO02CC20587X001,CHLOE',K,BO,FABRIC BAG Colore unico,MADE IN CHINA,재고 없음
AB04X255SH00001,JACQUEMUS,U,AB,SHIRT,MADE IN PORTUGAL,재고 없음
AB04X255SH00001,JACQUEMUS,U,AB,SHIRT,MADE IN PORTUGAL,재고 없음
AB04X8103938001,BURBERRY,U,AB,SHIRT,MADE IN ITALY,재고 없음
AB04X8103938001,BURBERRY,U,AB,SHIRT,MADE IN ITALY,재고 없음
AB04X255SH20002,JACQUEMUS,U,AB,SHIRT,MADE IN PORTUGAL,재고 없음
AB04X255SH20002,JACQUEMUS,U,AB,SHIRT,MADE IN PORTUGAL,재고 없음
CA08XG28470X013,GIANVITO ROSSI,D,CA,HEELED SHOES,MADE IN ITALY,재고 없음
AL10XHLIDEXX001,MAX MARA,D,AL,SHAWL,MADE IN ITALY,재고 없음
AL10XHLIDEXX001,MAX MARA,D,AL,SHAWL,MADE IN ITALY,재고 없음
PP06XUKR906X007,AMI,D,PP,KEY CASE,MADE IN CHINA,재고 없음
PP06XUKR906X007,AMI,D,PP,KEY CASE,MADE IN CHINA,재고 없음
AB13X2519131008,MAX MARA S,D,AB,TROUSERS,MADE IN CHINA,재고 없음
AB13X2519131008,MAX MARA S,D,AB,TROUSERS,MADE IN CHINA,재고 없음
CA08XG80138X001,GIANVITO ROSSI,D,CA,HEELED SHOES,,재고 없음
AB07XOWYE012003,OFF WHITE,D,AB,JACKET,MADE IN ITALY,재고 없음
AB07XOWYE012003,OFF WHITE,D,AB,JACKET,MADE IN ITALY,재고 없음
AL02X554466X012,ALEXANDER MCQUEEN,U,AL,JEWELLERY,MADE IN ITALY,재고 없음
AL02X554466X012,ALEXANDER MCQUEEN,U,AL,JEWELLERY,MADE IN ITALY,재고 없음
AB07XJNAYADE001,TAGLIATORE,D,AB,JACKET,MADE IN ITALY,재고 없음
AB07XJNAYADE001,TAGLIATORE,D,AB,JACKET,MADE IN ITALY,재고 없음
140736,JACOB COHEN,Men,Clothing,Jeans,Italy,재고 없음
PP11XUAW062A001,THOM BROWNE,D,PP,CARD HOLDER,MADE IN ITALY,재고 없음
PP11XUAW062A001,THOM BROWNE,D,PP,CARD HOLDER,MADE IN ITALY,재고 없음
AL12CEW00187002,EMPORIO ARMANI,D,AL,WOMEN SILK Colore unico,MADE IN ITALY,재고 없음
AL12CEW00187002,EMPORIO ARMANI,D,AL,WOMEN SILK Colore unico,MADE IN ITALY,재고 없음
AB13XJ02KA02002,JIL SANDER,D,AB,TROUSERS,MADE IN ITALY,재고 없음
AB13XJ02KA02002,JIL SANDER,D,AB,TROUSERS,MADE IN ITALY,재고 없음
141412,JACQUEMUS,Women,Clothing,Tshirts and polo shirts,Portugal,재고 없음
141737,ROTATE,Women,Clothing,Long Dresses,China,재고 없음
AL19CEM00134002,EMPORIO ARMANI,U,AL,TIE Colore unico,MADE IN ITALY,재고 없음
AL19CEM00134002,EMPORIO ARMANI,U,AL,TIE Colore unico,MADE IN ITALY,재고 없음
143205,ROTATE,Women,Clothing,Long Dresses,China,재고 없음
AB11CK19548M006,MONCLER,K,AB,KNITWEAR Colore unico,MADE IN ALBANIA,재고 없음
AB11CK19548M006,MONCLER,K,AB,KNITWEAR Colore unico,MADE IN ALBANIA,재고 없음
AB21X282KGQX002,ZEGNA,U,AB,SUIT,,재고 없음
AB21X282KGQX002,ZEGNA,U,AB,SUIT,,재고 없음
AB13X3WHPP0W001,GIORGIO ARMANI,D,AB,TROUSERS,MADE IN ITALY,재고 없음
AB13X3WHPP0W001,GIORGIO ARMANI,D,AB,TROUSERS,MADE IN ITALY,재고 없음
AL04X2514571001,MAX MARA,D,AL,HAT,MADE IN ITALY,재고 없음
AL04X2514571001,MAX MARA,D,AL,HAT,MADE IN ITALY,재고 없음
144356,P.A.R.O.S.H.,Women,Clothing,Trousers,,재고 없음
AB13CEM00066001,EMPORIO ARMANI,U,AB,TROUSERS Colore unico,MADE IN CHINA,재고 없음
AB13CEM00066001,EMPORIO ARMANI,U,AB,TROUSERS Colore unico,MADE IN CHINA,재고 없음
AB22XBOMBTEE001,BUTTER GOODS,U,AB,T-SHIRT,MADE IN CHINA,재고 없음
AB22XBOMBTEE001,BUTTER GOODS,U,AB,T-SHIRT,MADE IN CHINA,재고 없음
144553,SAINT LAURENT,Women,Clothing,Shearling Jackets and Furs,,재고 없음
AB18XBFRS24T001,BEAUFILLE,D,AB,TOP,MADE IN PORTUGAL,재고 없음
AB18XBFRS24T001,BEAUFILLE,D,AB,TOP,MADE IN PORTUGAL,재고 없음
AB22X2511941016,MAX MARA,D,AB,T-SHIRT,MADE IN CHINA,재고 없음
AB22X2511941016,MAX MARA,D,AB,T-SHIRT,MADE IN CHINA,재고 없음
AB13X4SHPP13004,GIORGIO ARMANI,D,AB,TROUSERS,MADE IN ITALY,재고 없음
AB13X4SHPP13004,GIORGIO ARMANI,D,AB,TROUSERS,MADE IN ITALY,재고 없음
BO01XX10330X002,DIESEL,D,BO,LEATHER BAG,MADE IN CHINA,재고 없음
BO01XX10330X002,DIESEL,D,BO,LEATHER BAG,MADE IN CHINA,재고 없음
BO05XNM05170003,MAISON KITSUNE,U,BO,BACKPACK,MADE IN CHINA,재고 없음
BO05XNM05170003,MAISON KITSUNE,U,BO,BACKPACK,MADE IN CHINA,재고 없음
AB13X1686XXX001,MOTHER,D,AB,TROUSERS,MADE IN U.S.A.,재고 없음
AB13X1686XXX001,MOTHER,D,AB,TROUSERS,MADE IN U.S.A.,재고 없음
AB11XB9D0037002,AMARANTO,U,AB,KNITWEAR,MADE IN ITALY,재고 없음
AB11XB9D0037002,AMARANTO,U,AB,KNITWEAR,MADE IN ITALY,재고 없음
145781,ALANUI,Women,Clothing,Jersey,Italy,재고 없음
145967,DSQUARED2,Men,Shoes,Sneakers,Italy,재고 없음
AB07XQUEENXX001,DACUTE,U,AB,JACKET,MADE IN ITALY,재고 없음
AB07XQUEENXX001,DACUTE,U,AB,JACKET,MADE IN ITALY,재고 없음
AB13XP062XXX001,MARSEM,U,AB,TROUSERS,MADE IN ITALY,재고 없음
AB13XP062XXX001,MARSEM,U,AB,TROUSERS,MADE IN ITALY,재고 없음
AB22CK61137X003,KENZO,K,AB,T-SHIRT Colore unico,MADE IN TURKEY,재고 없음
AB22CK61137X003,KENZO,K,AB,T-SHIRT Colore unico,MADE IN TURKEY,재고 없음
AB22CS05YTSK004,BONPOINT,K,AB,T-SHIRT Colore unico,MADE IN ALBANIA,재고 없음
AB22CS05YTSK004,BONPOINT,K,AB,T-SHIRT Colore unico,MADE IN ALBANIA,재고 없음
AB11XK109U9I001,MONCLER X FRAGMENT,U,AB,KNITWEAR,MADE IN ROMANIA,재고 없음
AB11XK109U9I001,MONCLER X FRAGMENT,U,AB,KNITWEAR,MADE IN ROMANIA,재고 없음
AL13X827975X001,SAINT LAURENT,U,AL,MEN SILK,MADE IN ITALY,재고 없음
AL13X827975X001,SAINT LAURENT,U,AL,MEN SILK,MADE IN ITALY,재고 없음
AB13X2A00003006,MONCLER GRENOBLE,D,AB,TROUSERS,MADE IN ROMANIA,재고 없음
AB13X2A00003006,MONCLER GRENOBLE,D,AB,TROUSERS,MADE IN ROMANIA,재고 없음
AB22CTW8C41X001,STELLA MCCARTNEY,K,AB,T-SHIRT Colore unico,MADE IN TURKEY,재고 없음
AB22CTW8C41X001,STELLA MCCARTNEY,K,AB,T-SHIRT Colore unico,MADE IN TURKEY,재고 없음
AB13X6B3DD19001,VALENTINO,D,AB,TROUSERS,MADE IN ITALY,재고 없음
AB13X6B3DD19001,VALENTINO,D,AB,TROUSERS,MADE IN ITALY,재고 없음
AB22XDK0A863002,DICKIES,U,AB,T-SHIRT,MADE IN TURKEY,재고 없음
AB22XDK0A863002,DICKIES,U,AB,T-SHIRT,MADE IN TURKEY,재고 없음
AB22XBW70BFX012,GIVENCHY,D,AB,T-SHIRT,MADE IN PORTUGAL,재고 없음
AB22XBW70BFX012,GIVENCHY,D,AB,T-SHIRT,MADE IN PORTUGAL,재고 없음
AB22XDJS144F001,COPERNI,D,AB,T-SHIRT,MADE IN PORTUGAL,재고 없음
AB22XDJS144F001,COPERNI,D,AB,T-SHIRT,MADE IN PORTUGAL,재고 없음
AB10X18CMPL0001,CP COMPANY,U,AB,JERSEY,MADE IN CHINA,재고 없음
AB10X18CMPL0001,CP COMPANY,U,AB,JERSEY,MADE IN CHINA,재고 없음
AB22CK61108X001,KENZO,K,AB,T-SHIRT Colore unico,MADE IN TUNISIA,재고 없음
AB22CK61108X001,KENZO,K,AB,T-SHIRT Colore unico,MADE IN TUNISIA,재고 없음
AB13CANTIBES002,MADILLY,K,AB,TROUSERS,MADE IN ALBANIA,재고 없음
AB13CANTIBES002,MADILLY,K,AB,TROUSERS,MADE IN ALBANIA,재고 없음
BO01XM001616024,MARC JACOBS,D,BO,LEATHER BAG,MADE IN VIETNAM,재고 없음
BO01XM001616024,MARC JACOBS,D,BO,LEATHER BAG,MADE IN VIETNAM,재고 없음
BO01XM001649019,MARC JACOBS,D,BO,LEATHER BAG,MADE IN VIETNAM,재고 없음
BO01XM001649019,MARC JACOBS,D,BO,LEATHER BAG,MADE IN VIETNAM,재고 없음
BO01X102790X002,PINKO,D,BO,LEATHER BAG,MADE IN CHINA,재고 없음
BO01X102790X002,PINKO,D,BO,LEATHER BAG,MADE IN CHINA,재고 없음
CA08XHOLLIME001,AMINA MUADDI,D,CA,HEELED SHOES,MADE IN ITALY,재고 없음
CA08XHOLLIME001,AMINA MUADDI,D,CA,HEELED SHOES,MADE IN ITALY,재고 없음
AL10XFRINEXX004,MAX MARA,D,AL,SHAWL,MADE IN ITALY,재고 없음
AL10XFRINEXX004,MAX MARA,D,AL,SHAWL,MADE IN ITALY,재고 없음
149528,AXEL ARIGATO,Women,Shoes,Sneakers,Portugal,재고 없음
149484,AXEL ARIGATO,Men,Shoes,Sneakers,Portugal,재고 없음
BO01XSB6WD00020,MM6,D,BO,LEATHER BAG,MADE IN CHINA,재고 없음
BO01XSB6WD00020,MM6,D,BO,LEATHER BAG,MADE IN CHINA,재고 없음
BO01XXBWAPAT017,TODS,D,BO,LEATHER BAG,MADE IN ITALY,재고 없음
BO01XXBWAPAT017,TODS,D,BO,LEATHER BAG,MADE IN ITALY,재고 없음
BO01XXBWDBMA002,TODS,D,BO,LEATHER BAG,MADE IN ITALY,재고 없음
BO01XXBWDBMA002,TODS,D,BO,LEATHER BAG,MADE IN ITALY,재고 없음
CA03X161550X003,TORY BURCH,D,CA,SNEAKERS,,재고 없음
BO01XXBWTSBA018,TODS,D,BO,LEATHER BAG,,재고 없음
BO01XXBWTSBA018,TODS,D,BO,LEATHER BAG,,재고 없음
AB13XPMCJ020014,PALM ANGELS,U,AB,TROUSERS,MADE IN PORTUGAL,재고 없음
AB13XPMCJ020014,PALM ANGELS,U,AB,TROUSERS,MADE IN PORTUGAL,재고 없음
BO01X25US902002,CHLOE',D,BO,LEATHER BAG,MADE IN MADAGASCAR,재고 없음
BO01X25US902002,CHLOE',D,BO,LEATHER BAG,MADE IN MADAGASCAR,재고 없음
AB22XS51GC05020,MAISON MARGIELA,D,AB,T-SHIRT,MADE IN ITALY,재고 없음
AB22XS51GC05020,MAISON MARGIELA,D,AB,T-SHIRT,MADE IN ITALY,재고 없음
BO01X2P5HSC0003,MARC JACOBS,D,BO,LEATHER BAG,,재고 없음
AL02XUJW917X008,AMI,D,AL,JEWELLERY,MADE IN ITALY,재고 없음
AL02XUJW917X008,AMI,D,AL,JEWELLERY,MADE IN ITALY,재고 없음
149926,THE ROW,Women,Clothing,Tshirts and polo shirts,Italy,재고 없음
149919,GUCCI,Women,Shoes,Heels,Italy,재고 없음
AB13CM60739X001,MM6,K,AB,TROUSERS Colore unico,MADE IN INDIA,재고 없음
AB13CM60739X001,MM6,K,AB,TROUSERS Colore unico,MADE IN INDIA,재고 없음
AB13CK1S1631009,STONE ISLAND,K,AB,TROUSERS Colore unico,,재고 없음
AB13CK1S1631009,STONE ISLAND,K,AB,TROUSERS Colore unico,,재고 없음
BO01XOW05124003,MAISON KITSUNE,D,BO,LEATHER BAG,MADE IN CHINA,재고 없음
BO01XOW05124003,MAISON KITSUNE,D,BO,LEATHER BAG,MADE IN CHINA,재고 없음
149932,VIA ROMA 15,Women,Shoes,Boots,Italy,재고 없음
BO01XS54WD00026,MM6,D,BO,LEATHER BAG,MADE IN CHINA,재고 없음
BO01XS54WD00026,MM6,D,BO,LEATHER BAG,MADE IN CHINA,재고 없음
150485,CELINE,Women,Bags,Hand bags,Marocco,재고 없음
BO01XLW05104005,MAISON KITSUNE,U,BO,LEATHER BAG,MADE IN CHINA,재고 없음
BO01XLW05104005,MAISON KITSUNE,U,BO,LEATHER BAG,MADE IN CHINA,재고 없음
150528,ROTATE,Women,Clothing,Shirts and blouses,China,재고 없음
AB13CM60793X001,MM6,K,AB,TROUSERS Colore unico,MADE IN TUNISIA,재고 없음
AB13CM60793X001,MM6,K,AB,TROUSERS Colore unico,MADE IN TUNISIA,재고 없음
AB13CS05GPAW002,BONPOINT,K,AB,TROUSERS Colore unico,MADE IN TUNISIA,재고 없음
AB13CS05GPAW002,BONPOINT,K,AB,TROUSERS Colore unico,MADE IN TUNISIA,재고 없음
AB18X250WCN0001,THE ATTICO,D,AB,TOP,MADE IN PORTUGAL,재고 없음
AB18X250WCN0001,THE ATTICO,D,AB,TOP,MADE IN PORTUGAL,재고 없음
150530,ROTATE,Women,Clothing,Dresses,China,재고 없음
BO01X2P5HSH0002,MARC JACOBS,D,BO,LEATHER BAG,,재고 없음
BO01X2P5HTT0001,MARC JACOBS,D,BO,LEATHER BAG,,재고 없음
150775,MOTHER,Women,Clothing,Jeans,Usa,재고 없음
AB13COBCH005004,OFF WHITE,K,AB,TROUSERS Colore unico,MADE IN PORTUGAL,재고 없음
AB13COBCH005004,OFF WHITE,K,AB,TROUSERS Colore unico,MADE IN PORTUGAL,재고 없음
150852,JACQUEMUS,Women,Accessories,Hats and Gloves,Bulgaria,재고 없음
BO01XXBWTSBA017,TODS,D,BO,LEATHER BAG,MADE IN ITALY,재고 없음
BO01XXBWTSBA017,TODS,D,BO,LEATHER BAG,MADE IN ITALY,재고 없음
AB13X18CMPA1001,CP COMPANY,U,AB,TROUSERS,MADE IN TUNISIA,재고 없음
AB13X18CMPA1001,CP COMPANY,U,AB,TROUSERS,MADE IN TUNISIA,재고 없음
BO01X2P5HTT0002,MARC JACOBS,D,BO,LEATHER BAG,,재고 없음
150856,JACQUEMUS,Women,Bags,Hand bags,Italy,재고 없음
150874,JACQUEMUS,Women,Accessories,Hats and Gloves,Bulgaria,재고 없음
151061,CAREL,Women,Shoes,Heels,,재고 없음
CA02XHXW00N0006,HOGAN,D,CA,RUBBER SOLE,MADE IN ITALY,재고 없음
CA02XHXW00N0006,HOGAN,D,CA,RUBBER SOLE,MADE IN ITALY,재고 없음
AB13X1760PRS001,ZIMMERMANN,D,AB,TROUSERS,MADE IN CHINA,재고 없음
AB13X1760PRS001,ZIMMERMANN,D,AB,TROUSERS,MADE IN CHINA,재고 없음
BO01XXBWAPAA012,TODS,D,BO,LEATHER BAG,MADE IN ITALY,재고 없음
BO01XXBWAPAA012,TODS,D,BO,LEATHER BAG,MADE IN ITALY,재고 없음
CA07X794524X001,ALEXANDER MCQUEEN,U,CA,FLAT SHOES,MADE IN ITALY,재고 없음
CA07X794524X001,ALEXANDER MCQUEEN,U,CA,FLAT SHOES,MADE IN ITALY,재고 없음
151406,AUTRY,Men,Shoes,Sneakers,Indonesia,재고 없음
151440,GOLDEN GOOSE,Men,Shoes,Sneakers,Italy,재고 없음
BO02CC20427X001,CHLOE',K,BO,FABRIC BAG Colore unico,MADE IN TUNISIA,재고 없음
BO02CC20427X001,CHLOE',K,BO,FABRIC BAG Colore unico,MADE IN TUNISIA,재고 없음
CA07X821114X001,SAINT LAURENT,D,CA,FLAT SHOES,MADE IN ITALY,재고 없음
CA07X821114X001,SAINT LAURENT,D,CA,FLAT SHOES,MADE IN ITALY,재고 없음
AB22CK1S1621007,STONE ISLAND,K,AB,T-SHIRT Colore unico,MADE IN TUNISIA,재고 없음
AB22CK1S1621007,STONE ISLAND,K,AB,T-SHIRT Colore unico,MADE IN TUNISIA,재고 없음
CA03X6Y2S0G3002,VALENTINO GARAVANI,U,CA,SNEAKERS,MADE IN ITALY,재고 없음
CA03X6Y2S0G3002,VALENTINO GARAVANI,U,CA,SNEAKERS,MADE IN ITALY,재고 없음
BO01XLW05104004,MAISON KITSUNE,U,BO,LEATHER BAG,MADE IN CHINA,재고 없음
BO01XLW05104004,MAISON KITSUNE,U,BO,LEATHER BAG,MADE IN CHINA,재고 없음
AL04XUCP116X001,AMI,D,AL,HAT,MADE IN ITALY,재고 없음
AL04XUCP116X001,AMI,D,AL,HAT,MADE IN ITALY,재고 없음
BO01XJ07WD01002,JIL SANDER,D,BO,LEATHER BAG,MADE IN ITALY,재고 없음
BO01XJ07WD01002,JIL SANDER,D,BO,LEATHER BAG,MADE IN ITALY,재고 없음
AB22XMW00110009,MAISON KITSUNE,D,AB,T-SHIRT,MADE IN PORTUGAL,재고 없음
AB22XMW00110009,MAISON KITSUNE,D,AB,T-SHIRT,MADE IN PORTUGAL,재고 없음
151965,MARC JACOBS,Women,Bags,Crossbody Bags,Vietnam,재고 없음
AB22C561651X002,GUCCI,K,AB,T-SHIRT Colore unico,MADE IN ITALY,재고 없음
AB22C561651X002,GUCCI,K,AB,T-SHIRT Colore unico,MADE IN ITALY,재고 없음
CA03X553680X084,ALEXANDER MCQUEEN,U,CA,SNEAKERS,MADE IN ITALY,재고 없음
CA03X553680X084,ALEXANDER MCQUEEN,U,CA,SNEAKERS,MADE IN ITALY,재고 없음
AB13X1117XXX002,MOTHER,D,AB,TROUSERS,MADE IN U.S.A.,재고 없음
AB13X1117XXX002,MOTHER,D,AB,TROUSERS,MADE IN U.S.A.,재고 없음
PP02CY4S195X008,EMPORIO ARMANI,U,PP,BELT Colore unico,MADE IN ITALY,재고 없음
PP02CY4S195X008,EMPORIO ARMANI,U,PP,BELT Colore unico,MADE IN ITALY,재고 없음
CA03X6Y2S093001,VALENTINO GARAVANI,U,CA,SNEAKERS,MADE IN ITALY,재고 없음
CA03X6Y2S093001,VALENTINO GARAVANI,U,CA,SNEAKERS,MADE IN ITALY,재고 없음
AB13X810771X001,GUCCI,U,AB,TROUSERS,MADE IN ITALY,재고 없음
AB13X810771X001,GUCCI,U,AB,TROUSERS,MADE IN ITALY,재고 없음
PP02CY4S507X002,EMPORIO ARMANI,U,PP,BELT Colore unico,MADE IN ITALY,재고 없음
PP02CY4S507X002,EMPORIO ARMANI,U,PP,BELT Colore unico,MADE IN ITALY,재고 없음
CA03COBIA011007,OFF WHITE,K,CA,SNEAKERS Colore unico,MADE IN CHINA,재고 없음
CA03COBIA011007,OFF WHITE,K,CA,SNEAKERS Colore unico,MADE IN CHINA,재고 없음
BO01X251BA41005,JACQUEMUS,D,BO,LEATHER BAG,MADE IN ITALY,재고 없음
BO01X251BA41005,JACQUEMUS,D,BO,LEATHER BAG,MADE IN ITALY,재고 없음
CA02XXXM52K0002,TODS,U,CA,RUBBER SOLE,MADE IN ITALY,재고 없음
CA02XXXM52K0002,TODS,U,CA,RUBBER SOLE,MADE IN ITALY,재고 없음
157597,SILVIA GNECCHI,Women,Jewelry,Earrings,,재고 없음
AB31X104375X001,PINKO,D,AB,DOWNJACKET,MADE IN CHINA,재고 없음
AB31X104375X001,PINKO,D,AB,DOWNJACKET,MADE IN CHINA,재고 없음
153410,PINKO,Women,Clothing,Long Dresses,Italy,재고 없음
BO01XTMFW24O001,THEMOIRE,D,BO,LEATHER BAG,MADE IN ITALY,재고 없음
BO01XTMFW24O001,THEMOIRE,D,BO,LEATHER BAG,MADE IN ITALY,재고 없음
BO01XXBWAPAF017,TODS,D,BO,LEATHER BAG,MADE IN ITALY,재고 없음
BO01XXBWAPAF017,TODS,D,BO,LEATHER BAG,MADE IN ITALY,재고 없음
AB22X811688X002,BALENCIAGA,D,AB,T-SHIRT,MADE IN PORTUGAL,재고 없음
AB22X811688X002,BALENCIAGA,D,AB,T-SHIRT,MADE IN PORTUGAL,재고 없음
AB31XFREYA-S001,MACKAGE,D,AB,DOWNJACKET,MADE IN VIETNAM,재고 없음
AB31XFREYA-S001,MACKAGE,D,AB,DOWNJACKET,MADE IN VIETNAM,재고 없음
AB31XHWW043P001,PYRENEX,D,AB,DOWNJACKET,MADE IN CHINA,재고 없음
AB31XHWW043P001,PYRENEX,D,AB,DOWNJACKET,MADE IN CHINA,재고 없음
AB29CP25PC09006,IL GUFO,K,AB,POLO Colore unico,MADE IN ITALY,재고 없음
AB29CP25PC09006,IL GUFO,K,AB,POLO Colore unico,MADE IN ITALY,재고 없음
AB31XA16682X001,DIESEL,U,AB,DOWNJACKET,MADE IN CHINA,재고 없음
AB31XA16682X001,DIESEL,U,AB,DOWNJACKET,MADE IN CHINA,재고 없음
CA05X161636X002,TORY BURCH,D,CA,SANDALS,MADE IN INDONESIA,재고 없음
CA05X161636X002,TORY BURCH,D,CA,SANDALS,MADE IN INDONESIA,재고 없음
154284,BLAZE MILANO,Women,Clothing,Blazers,Italy,재고 없음
154216,CHARO RUIZ,Women,Clothing,Skirts,Portugal,재고 없음
CA08XRVW4001004,ROGER VIVIER,D,CA,HEELED SHOES,MADE IN ITALY,재고 없음
CA08XRVW4001004,ROGER VIVIER,D,CA,HEELED SHOES,MADE IN ITALY,재고 없음
154325,NIMO WITH LOVE,Women,Clothing,Long Dresses,,재고 없음
AB13XK1S1531003,STONE ISLAND,U,AB,TROUSERS,MADE IN VIETNAM,재고 없음
AB13XK1S1531003,STONE ISLAND,U,AB,TROUSERS,MADE IN VIETNAM,재고 없음
CA03X3WE1005001,ON,D,CA,SNEAKERS,MADE IN VIETNAM,재고 없음
CA03X3WE1005001,ON,D,CA,SNEAKERS,MADE IN VIETNAM,재고 없음
157598,SILVIA GNECCHI,Women,Jewelry,Necklaces,,재고 없음
PP02CY4S427X002,EMPORIO ARMANI,U,PP,BELT Colore unico,MADE IN ITALY,재고 없음
PP02CY4S427X002,EMPORIO ARMANI,U,PP,BELT Colore unico,MADE IN ITALY,재고 없음
CA03X794511X001,ALEXANDER MCQUEEN,U,CA,SNEAKERS,MADE IN ITALY,재고 없음
CA03X794511X001,ALEXANDER MCQUEEN,U,CA,SNEAKERS,MADE IN ITALY,재고 없음
AB31XHMW017P001,PYRENEX,U,AB,DOWNJACKET,MADE IN CHINA,재고 없음
AB31XHMW017P001,PYRENEX,U,AB,DOWNJACKET,MADE IN CHINA,재고 없음
154519,MONNALISA KIDS,Baby girl,Clothing,Jumpsuits,Italy,원가 없음 또는 0원
AB13XFB1033X001,FENDI,U,AB,TROUSERS,MADE IN ITALY,재고 없음
AB13XFB1033X001,FENDI,U,AB,TROUSERS,MADE IN ITALY,재고 없음
PP02X6Y2T0Q8002,VALENTINO GARAVANI,U,PP,BELT,MADE IN ITALY,재고 없음
PP02X6Y2T0Q8002,VALENTINO GARAVANI,U,PP,BELT,MADE IN ITALY,재고 없음
AB13XROMAGNA001,SPORTMAX,D,AB,TROUSERS,MADE IN CHINA,재고 없음
AB13XROMAGNA001,SPORTMAX,D,AB,TROUSERS,MADE IN CHINA,재고 없음
154620,JW ANDERSON,Men,Clothing,Tshirts and polo shirts,Portgual,재고 없음
157600,SILVIA GNECCHI,Women,Jewelry,Necklaces,Italy,재고 없음
BO01XXBWEBLF002,TODS,D,BO,LEATHER BAG,MADE IN ITALY,재고 없음
BO01XXBWEBLF002,TODS,D,BO,LEATHER BAG,MADE IN ITALY,재고 없음
154571,OFF-WHITE,Men,Clothing,Tshirts and polo shirts,,재고 없음
CA03X1203A55001,ASICS,U,CA,SNEAKERS,MADE IN VIETNAM,재고 없음
CA03X1203A55001,ASICS,U,CA,SNEAKERS,MADE IN VIETNAM,재고 없음
154667,JACQUEMUS,Women,Bags,Tote bags,Italy,재고 없음
PP07XJ07UI00013,JIL SANDER,D,PP,WALLET,MADE IN ITALY,재고 없음
PP07XJ07UI00013,JIL SANDER,D,PP,WALLET,MADE IN ITALY,재고 없음
AB23XBG25120001,BUTTER GOODS,U,AB,SWEATSHIRT,,재고 없음
AB23XBG25120001,BUTTER GOODS,U,AB,SWEATSHIRT,,재고 없음
154933,LA DOUBLEJ,Women,Clothing,Beachwear,,재고 없음
BO01X22E221B003,JACQUEMUS,D,BO,LEATHER BAG,MADE IN ITALY,재고 없음
BO01X22E221B003,JACQUEMUS,D,BO,LEATHER BAG,MADE IN ITALY,재고 없음
AB13XJ1411XX001,GANNI,D,AB,TROUSERS,MADE IN TURKEY,재고 없음
AB13XJ1411XX001,GANNI,D,AB,TROUSERS,MADE IN TURKEY,재고 없음
PP02CY4S426X002,EMPORIO ARMANI,U,PP,BELT Colore unico,MADE IN ITALY,재고 없음
PP02CY4S426X002,EMPORIO ARMANI,U,PP,BELT Colore unico,MADE IN ITALY,재고 없음
CA03X6Y2S0H4001,VALENTINO GARAVANI,U,CA,SNEAKERS,MADE IN ITALY,재고 없음
CA03X6Y2S0H4001,VALENTINO GARAVANI,U,CA,SNEAKERS,MADE IN ITALY,재고 없음
PP06XUKR906X006,AMI,D,PP,2000031265568,MADE IN CHINA,재고 없음
PP06XUKR906X006,AMI,D,PP,2000031265568,MADE IN CHINA,재고 없음
AB31XPI00194004,HERNO,D,AB,DOWNJACKET,MADE IN ARMENIA,재고 없음
AB31XPI00194004,HERNO,D,AB,DOWNJACKET,MADE IN ARMENIA,재고 없음
CA03X3WF1017001,ON,D,CA,SNEAKERS,MADE IN VIETNAM,재고 없음
CA03X3WF1017001,ON,D,CA,SNEAKERS,MADE IN VIETNAM,재고 없음
155147,HUNZA G,Women,Clothing,Beachwear,Morocco,재고 없음
AL11X6W2E600001,VALENTINO GARAVANI,D,AL,SCARF,MADE IN ITALY,재고 없음
AL11X6W2E600001,VALENTINO GARAVANI,D,AL,SCARF,MADE IN ITALY,재고 없음
AL04XUHA246X004,AMI,D,AL,HAT,MADE IN ITALY,재고 없음
AL04XUHA246X004,AMI,D,AL,HAT,MADE IN ITALY,재고 없음
155354,ALEMAIS,Women,Clothing,Shirts and blouses,China,재고 없음
155422,SOLACE LONDON,Women,Clothing,Long Dresses,,재고 없음
AL04X18CMAC2001,CP COMPANY,U,AL,HAT,MADE IN CHINA,재고 없음
AL04X18CMAC2001,CP COMPANY,U,AL,HAT,MADE IN CHINA,재고 없음
155606,MICHAEL MICHAEL KORS,Women,Bags,Shoulder bags,Indonesia,재고 없음
AB22X25SJH14001,CHLOE',D,AB,T-SHIRT,MADE IN ITALY,재고 없음
AB22X25SJH14001,CHLOE',D,AB,T-SHIRT,MADE IN ITALY,재고 없음
AB23XPMBA026014,PALM ANGELS,U,AB,SWEATSHIRT,MADE IN PORTUGAL,재고 없음
AB23XPMBA026014,PALM ANGELS,U,AB,SWEATSHIRT,MADE IN PORTUGAL,재고 없음
155921,PLAIN,Women,Clothing,Blazers,,재고 없음
CA07XXXW79A0025,TODS,D,CA,FLAT SHOES,MADE IN ITALY,재고 없음
CA07XXXW79A0025,TODS,D,CA,FLAT SHOES,MADE IN ITALY,재고 없음
AB18XCACAOXX001,MAX MARA,D,AB,TOP,MADE IN ITALY,재고 없음
AB18XCACAOXX001,MAX MARA,D,AB,TOP,MADE IN ITALY,재고 없음
CA03X3ME1010002,ON,U,CA,SNEAKERS,MADE IN VIETNAM,재고 없음
CA03X3ME1010002,ON,U,CA,SNEAKERS,MADE IN VIETNAM,재고 없음
PP02CY4R603X001,EMPORIO ARMANI,U,PP,BELT Colore unico,MADE IN ITALY,재고 없음
PP02CY4R603X001,EMPORIO ARMANI,U,PP,BELT Colore unico,MADE IN ITALY,재고 없음
BO01XXBWTSBA023,TODS,D,BO,LEATHER BAG,MADE IN ITALY,재고 없음
BO01XXBWTSBA023,TODS,D,BO,LEATHER BAG,MADE IN ITALY,재고 없음
BO05XK109B5A001,MONCLER,D,BO,BACKPACK,MADE IN ITALY,재고 없음
BO05XK109B5A001,MONCLER,D,BO,BACKPACK,MADE IN ITALY,재고 없음
AB22XK1S1521010,STONE ISLAND,U,AB,T-SHIRT,MADE IN TUNISIA,재고 없음
AB22XK1S1521010,STONE ISLAND,U,AB,T-SHIRT,MADE IN TUNISIA,재고 없음
AB22XK1S1521014,STONE ISLAND,U,AB,T-SHIRT,MADE IN TURKEY,재고 없음
AB22XK1S1521014,STONE ISLAND,U,AB,T-SHIRT,MADE IN TURKEY,재고 없음
AB24XCA0040F013,ISABEL MARANT ETOILE,D,AB,CARDIGAN,MADE IN CHINA,재고 없음
AB24XCA0040F013,ISABEL MARANT ETOILE,D,AB,CARDIGAN,MADE IN CHINA,재고 없음
CA05XS58WP02001,MAISON MARGIELA,D,CA,SANDALS,MADE IN ITALY,재고 없음
CA05XS58WP02001,MAISON MARGIELA,D,CA,SANDALS,MADE IN ITALY,재고 없음
AB04XFSH168X001,AMI,D,AB,SHIRT,MADE IN PORTUGAL,재고 없음
AB04XFSH168X001,AMI,D,AB,SHIRT,MADE IN PORTUGAL,재고 없음
156249,CHLOÉ KIDS,Baby girl,Bags,Crossbody Bags,China,원가 없음 또는 0원
AB11XSHI0059001,LA DOUBLE J,D,AB,KNITWEAR,MADE IN ITALY,재고 없음
AB11XSHI0059001,LA DOUBLE J,D,AB,KNITWEAR,MADE IN ITALY,재고 없음
156406,MOSCHINO KIDS,Baby girl,Clothing,Trousers,China,재고 없음
AB22XPMAA001125,PALM ANGELS,U,AB,T-SHIRT,MADE IN TURKEY,재고 없음
AB22XPMAA001125,PALM ANGELS,U,AB,T-SHIRT,MADE IN TURKEY,재고 없음
AB22XPMAA089010,PALM ANGELS,U,AB,T-SHIRT,MADE IN ITALY,재고 없음
AB22XPMAA089010,PALM ANGELS,U,AB,T-SHIRT,MADE IN ITALY,재고 없음
CA04XCU1213X001,DOLCE&GABBANA,D,CA,BOOTS,,재고 없음
AB27CTW1062X001,STELLA MCCARTNEY,K,AB,BABY TRACKSUIT Colore unico,MADE IN CHINA,재고 없음
AB27CTW1062X001,STELLA MCCARTNEY,K,AB,BABY TRACKSUIT Colore unico,MADE IN CHINA,재고 없음
156845,BIRKENSTOCK,Women,Shoes,Flat Shoes,Germany,재고 없음
AB22XRU01E52005,RICK OWENS,U,AB,T-SHIRT,MADE IN ITALY,재고 없음
AB22XRU01E52005,RICK OWENS,U,AB,T-SHIRT,MADE IN ITALY,재고 없음
156936,FARM RIO,Women,Clothing,Dresses,,재고 없음
156973,BOTTEGA VENETA,Men,Clothing,Trousers,Italy,재고 없음
AB13XCOATMAZ005,PT TORINO,U,AB,TROUSERS,MADE IN TUNISIA,재고 없음
AB13XCOATMAZ005,PT TORINO,U,AB,TROUSERS,MADE IN TUNISIA,재고 없음
AB18XTM17094002,THE ANDAMANE,D,AB,TOP,MADE IN ITALY,재고 없음
AB18XTM17094002,THE ANDAMANE,D,AB,TOP,MADE IN ITALY,재고 없음
AL17X5598UXX001,CANADA GOOSE,U,AL,OTHER ACCESSORIES,MADE IN ITALY,재고 없음
AL17X5598UXX001,CANADA GOOSE,U,AL,OTHER ACCESSORIES,MADE IN ITALY,재고 없음
AB22XSS25-17001,ARTE,U,AB,T-SHIRT,MADE IN CHINA,재고 없음
AB22XSS25-17001,ARTE,U,AB,T-SHIRT,MADE IN CHINA,재고 없음
157041,TWENTY FOURHAITCH,Women,Bags,Clutches and pochettes,,재고 없음
AB23CK1S1651003,STONE ISLAND,K,AB,SWEATSHIRT Colore unico,MADE IN ITALY,재고 없음
AB23CK1S1651003,STONE ISLAND,K,AB,SWEATSHIRT Colore unico,MADE IN ITALY,재고 없음
CA04XBO0003F002,ISABEL MARANT,D,CA,BOOTS,MADE IN PORTUGAL,재고 없음
CA04XBO0003F002,ISABEL MARANT,D,CA,BOOTS,MADE IN PORTUGAL,재고 없음
157197,STONE ISLAND,Men,Clothing,Tshirts and polo shirts,Italy,재고 없음
AB18X3541MDT001,MSGM,D,AB,TOP,MADE IN ITALY,재고 없음
AB18X3541MDT001,MSGM,D,AB,TOP,MADE IN ITALY,재고 없음
AB13XP-EBONY001,TAGLIATORE,D,AB,TROUSERS,MADE IN ITALY,재고 없음
AB13XP-EBONY001,TAGLIATORE,D,AB,TROUSERS,MADE IN ITALY,재고 없음
BO01CEW00100003,EMPORIO ARMANI,D,BO,LEATHER BAG Colore unico,MADE IN CHINA,재고 없음
BO01CEW00100003,EMPORIO ARMANI,D,BO,LEATHER BAG Colore unico,MADE IN CHINA,재고 없음
AB18XHT0002F003,ISABEL MARANT ETOILE,D,AB,TOP,MADE IN INDIA,재고 없음
AB18XHT0002F003,ISABEL MARANT ETOILE,D,AB,TOP,MADE IN INDIA,재고 없음
157605,SILVIA GNECCHI,Women,Jewelry,Earrings,,재고 없음
AB23CS05BSWK002,BONPOINT,K,AB,SWEATSHIRT Colore unico,MADE IN PORTUGAL,재고 없음
AB23CS05BSWK002,BONPOINT,K,AB,SWEATSHIRT Colore unico,MADE IN PORTUGAL,재고 없음
BO01XX08396X012,DIESEL,D,BO,LEATHER BAG,MADE IN ITALY,재고 없음
BO01XX08396X012,DIESEL,D,BO,LEATHER BAG,MADE IN ITALY,재고 없음
PP07XJ07UI00015,JIL SANDER,D,PP,WALLET,MADE IN ITALY,재고 없음
PP07XJ07UI00015,JIL SANDER,D,PP,WALLET,MADE IN ITALY,재고 없음
BO01XX08957X001,DIESEL,D,BO,LEATHER BAG,MADE IN CHINA,재고 없음
BO01XX08957X001,DIESEL,D,BO,LEATHER BAG,MADE IN CHINA,재고 없음
BO01XXBWDBMA001,TODS,D,BO,LEATHER BAG,MADE IN ITALY,재고 없음
BO01XXBWDBMA001,TODS,D,BO,LEATHER BAG,MADE IN ITALY,재고 없음
157834,BOTTEGA VENETA,Women,Accessories,Leather Products,Italy ,재고 없음
CA03XL471330002,SALOMON,U,CA,SNEAKERS,MADE IN CHINA,재고 없음
CA03XL471330002,SALOMON,U,CA,SNEAKERS,MADE IN CHINA,재고 없음
CA03XHXM00N0058,HOGAN,U,CA,SNEAKERS,MADE IN ITALY,재고 없음
CA03XHXM00N0058,HOGAN,U,CA,SNEAKERS,MADE IN ITALY,재고 없음
AB29C7M00018001,EA7,U,AB,POLO Colore unico,MADE IN CAMBOGIA,재고 없음
AB29C7M00018001,EA7,U,AB,POLO Colore unico,MADE IN CAMBOGIA,재고 없음
AB22CK19548D002,MONCLER,K,AB,T-SHIRT Colore unico,MADE IN TURKEY,재고 없음
AB22CK19548D002,MONCLER,K,AB,T-SHIRT Colore unico,MADE IN TURKEY,재고 없음
PP02CY4S270X002,EMPORIO ARMANI,U,PP,BELT Colore unico,MADE IN ITALY,재고 없음
PP02CY4S270X002,EMPORIO ARMANI,U,PP,BELT Colore unico,MADE IN ITALY,재고 없음
AB09XJU0146F001,ISABEL MARANT ETOILE,D,AB,SKIRT,MADE IN PORTUGAL,재고 없음
AB09XJU0146F001,ISABEL MARANT ETOILE,D,AB,SKIRT,MADE IN PORTUGAL,재고 없음
158110,RICK OWENS,Men,Clothing,Shorts and Bermuda shorts,Italy,재고 없음
AB31CK19511A001,MONCLER,K,AB,DOWNJACKET Colore unico,MADE IN ARMENIA,재고 없음
AB31CK19511A001,MONCLER,K,AB,DOWNJACKET Colore unico,MADE IN ARMENIA,재고 없음
PP07X6W2P0AK003,VALENTINO GARAVANI,D,PP,WALLET,MADE IN ITALY,재고 없음
PP07X6W2P0AK003,VALENTINO GARAVANI,D,PP,WALLET,MADE IN ITALY,재고 없음
158387,HEVO,Men,Clothing,Outerwear,Italy,재고 없음
AB23XS52GU02009,MM6,D,AB,SWEATSHIRT,MADE IN PORTUGAL,재고 없음
AB23XS52GU02009,MM6,D,AB,SWEATSHIRT,MADE IN PORTUGAL,재고 없음
AB22COBAA002044,OFF WHITE,K,AB,T-SHIRT Colore unico,MADE IN PORTUGAL,재고 없음
AB22COBAA002044,OFF WHITE,K,AB,T-SHIRT Colore unico,MADE IN PORTUGAL,재고 없음
AB22CS05BTSK004,BONPOINT,K,AB,T-SHIRT Colore unico,MADE IN ALBANIA,재고 없음
AB22CS05BTSK004,BONPOINT,K,AB,T-SHIRT Colore unico,MADE IN ALBANIA,재고 없음
AB13XPA1187X001,LEMAIRE,D,AB,TROUSERS,MADE IN ROMANIA,재고 없음
AB13XPA1187X001,LEMAIRE,D,AB,TROUSERS,MADE IN ROMANIA,재고 없음
AB22CK19548C020,MONCLER,K,AB,T-SHIRT Colore unico,MADE IN PORTUGAL,재고 없음
AB22CK19548C020,MONCLER,K,AB,T-SHIRT Colore unico,MADE IN PORTUGAL,재고 없음
AB03XA9010BX001,AGOLDE,D,AB,SHORT,MADE IN TURKEY,재고 없음
AB03XA9010BX001,AGOLDE,D,AB,SHORT,MADE IN TURKEY,재고 없음
AB23XK1S1561013,STONE ISLAND,U,AB,SWEATSHIRT,MADE IN TUNISIA,재고 없음
AB23XK1S1561013,STONE ISLAND,U,AB,SWEATSHIRT,MADE IN TUNISIA,재고 없음
AB22CK61137_001,KENZO,K,AB,T-SHIRT Colore unico,MADE IN TURKEY,재고 없음
AB22CK61137_001,KENZO,K,AB,T-SHIRT Colore unico,MADE IN TURKEY,재고 없음
PP11XJ07UI00008,JIL SANDER,D,PP,CARD HOLDER,MADE IN ITALY,재고 없음
PP11XJ07UI00008,JIL SANDER,D,PP,CARD HOLDER,MADE IN ITALY,재고 없음
BO01XBB6003X125,DOLCE&GABBANA,D,BO,LEATHER BAG,,재고 없음
CA07X162598X001,TORY BURCH,D,CA,FLAT SHOES,MADE IN ITALY,재고 없음
CA07X162598X001,TORY BURCH,D,CA,FLAT SHOES,MADE IN ITALY,재고 없음
AB22CM01428X001,MARNI,K,AB,T-SHIRT Colore unico,MADE IN PORTUGAL,재고 없음
AB22CM01428X001,MARNI,K,AB,T-SHIRT Colore unico,MADE IN PORTUGAL,재고 없음
AB04X2516-71001,WOODBIRD,U,AB,SHIRT,MADE IN CHINA,재고 없음
AB04X2516-71001,WOODBIRD,U,AB,SHIRT,MADE IN CHINA,재고 없음
CA08XCR1821X001,DOLCE&GABBANA,D,CA,HEELED SHOES,MADE IN ITALY,재고 없음
CA08XCR1821X001,DOLCE&GABBANA,D,CA,HEELED SHOES,MADE IN ITALY,재고 없음
CA08XPX1618X001,PARIS TEXAS,D,CA,HEELED SHOES,MADE IN ITALY,재고 없음
CA08XPX1618X001,PARIS TEXAS,D,CA,HEELED SHOES,MADE IN ITALY,재고 없음
AB04X233SH04001,JACQUEMUS,D,AB,SHIRT,MADE IN INDIA,재고 없음
AB04X233SH04001,JACQUEMUS,D,AB,SHIRT,MADE IN INDIA,재고 없음
AL03XFAS220A001,THOM BROWNE,D,AL,SOCKS,MADE IN ITALY,재고 없음
AL03XFAS220A001,THOM BROWNE,D,AL,SOCKS,MADE IN ITALY,재고 없음
AB06X4B0DD16001,VALENTINO,D,AB,DENIM,MADE IN ITALY,재고 없음
AB06X4B0DD16001,VALENTINO,D,AB,DENIM,MADE IN ITALY,재고 없음
AB22X245JS21005,JACQUEMUS,U,AB,T-SHIRT,MADE IN PORTUGAL,재고 없음
AB22X245JS21005,JACQUEMUS,U,AB,T-SHIRT,MADE IN PORTUGAL,재고 없음
AB07CEW00165001,EMPORIO ARMANI,D,AB,JACKET Colore unico,,재고 없음
AB07CEW00165001,EMPORIO ARMANI,D,AB,JACKET Colore unico,,재고 없음
BO01X10306XX003,LONGCHAMP,D,BO,LEATHER BAG,,재고 없음
BO01X10306XX003,LONGCHAMP,D,BO,LEATHER BAG,,재고 없음
PP02X100125X013,PINKO,D,PP,BELT,MADE IN CHINA,재고 없음
PP02X100125X013,PINKO,D,PP,BELT,MADE IN CHINA,재고 없음
CA03X6W2S0IL001,VALENTINO GARAVANI,D,CA,SNEAKERS,MADE IN ITALY,재고 없음
CA03X6W2S0IL001,VALENTINO GARAVANI,D,CA,SNEAKERS,MADE IN ITALY,재고 없음
CA03XAMFOSR1015,AMIRI,U,CA,SNEAKERS,MADE IN VIETNAM,재고 없음
CA03XAMFOSR1015,AMIRI,U,CA,SNEAKERS,MADE IN VIETNAM,재고 없음
159486,BOTTEGA VENETA,Women,Shoes,Sneakers,Italy,재고 없음
AB07XJJASMIN008,TAGLIATORE,D,AB,JACKET,MADE IN ITALY,재고 없음
AB07XJJASMIN008,TAGLIATORE,D,AB,JACKET,MADE IN ITALY,재고 없음
PP02CY4S642X001,EMPORIO ARMANI,U,PP,BELT Colore unico,MADE IN ITALY,재고 없음
PP02CY4S642X001,EMPORIO ARMANI,U,PP,BELT Colore unico,MADE IN ITALY,재고 없음
PP02X690557X004,GUCCI,D,PP,BELT,MADE IN ITALY,재고 없음
PP02X690557X004,GUCCI,D,PP,BELT,MADE IN ITALY,재고 없음
AB07XW4042PC001,WARDROBE NYC,D,AB,JACKET,MADE IN SLOVAKIA,재고 없음
AB07XW4042PC001,WARDROBE NYC,D,AB,JACKET,MADE IN SLOVAKIA,재고 없음
159912,GUCCI,Women,Bags,Hand bags,Italy,재고 없음
AB22X796395X004,GUCCI,U,AB,T-SHIRT,MADE IN ITALY,재고 없음
AB22X796395X004,GUCCI,U,AB,T-SHIRT,MADE IN ITALY,재고 없음
159922,GUCCI,Women,Bags,Hand bags,Italy,재고 없음
160640,POLO RALPH LAUREN KIDS,Baby boy,Clothing,Jersey,Bangladesh,재고 없음
AB11CEM00113004,EMPORIO ARMANI,U,AB,KNITWEAR,MADE IN CHINA,재고 없음
AB11CEM00113004,EMPORIO ARMANI,U,AB,KNITWEAR,MADE IN CHINA,재고 없음
AB28C808673X001,GUCCI,K,AB,BABY DRESS Colore unico,MADE IN ITALY,재고 없음
AB28C808673X001,GUCCI,K,AB,BABY DRESS Colore unico,MADE IN ITALY,재고 없음
AB22CS05BTSK001,BONPOINT,K,AB,T-SHIRT Colore unico,MADE IN PORTUGAL,재고 없음
AB22CS05BTSK001,BONPOINT,K,AB,T-SHIRT Colore unico,MADE IN PORTUGAL,재고 없음
PP07XPM0002F004,ISABEL MARANT,D,PP,WALLET,MADE IN INDIA,재고 없음
PP07XPM0002F004,ISABEL MARANT,D,PP,WALLET,MADE IN INDIA,재고 없음
161288,ICON DENIM,Women,Clothing,Jeans,,재고 없음
AB22CB125AC0003,BOBO CHOSES,K,AB,T-SHIRT Colore unico,MADE IN SPAIN,재고 없음
AB22CB125AC0003,BOBO CHOSES,K,AB,T-SHIRT Colore unico,MADE IN SPAIN,재고 없음
PP07XJ07UI00014,JIL SANDER,D,PP,WALLET,MADE IN ITALY,재고 없음
PP07XJ07UI00014,JIL SANDER,D,PP,WALLET,MADE IN ITALY,재고 없음
CA03XCS2355X001,DOLCE&GABBANA,U,CA,SNEAKERS,,재고 없음
AB22CB125AC0004,BOBO CHOSES,K,AB,T-SHIRT Colore unico,MADE IN SPAIN,재고 없음
AB22CB125AC0004,BOBO CHOSES,K,AB,T-SHIRT Colore unico,MADE IN SPAIN,재고 없음
161392,DOLCE E GABBANA,Men,Accessories,Papillon and ties,,재고 없음
AB01X2ESPT1X001,TOM FORD,U,AB,DRESS,MADE IN SWISS,재고 없음
AB01X2ESPT1X001,TOM FORD,U,AB,DRESS,MADE IN SWISS,재고 없음
161726,SOSUE,Women,Clothing,Shirts and blouses,,재고 없음
AB01X169073X001,TORY BURCH,D,AB,DRESS,MADE IN CHINA,재고 없음
AB01X169073X001,TORY BURCH,D,AB,DRESS,MADE IN CHINA,재고 없음
AB01X225JRO6003,COURREGES,D,AB,DRESS,MADE IN PORTUGAL,재고 없음
AB01X225JRO6003,COURREGES,D,AB,DRESS,MADE IN PORTUGAL,재고 없음
AB01X759293X001,GUCCI,D,AB,DRESS,MADE IN ITALY,재고 없음
AB01X759293X001,GUCCI,D,AB,DRESS,MADE IN ITALY,재고 없음
162167,MERCI,Women,Clothing,Trousers,,재고 없음
162171,MERCI,Women,Clothing,Outerwear,,재고 없음
AB01X25PXRO0001,RABANNE,D,AB,DRESS,MADE IN MADAGASCAR,재고 없음
AB01X25PXRO0001,RABANNE,D,AB,DRESS,MADE IN MADAGASCAR,재고 없음
162361,ME369,Women,Clothing,Shirts and blouses,China,재고 없음
AB01CEW00182002,EMPORIO ARMANI,D,AB,DRESS Colore unico,,재고 없음
AB01CEW00182002,EMPORIO ARMANI,D,AB,DRESS Colore unico,,재고 없음
162064,YVMIN X SHUSHU TONG,Women,Jewelry,Earrings,,재고 없음
AB02CKS10249005,KONGES SLOJD,K,AB,BEACHWEAR,MADE IN CHINA,재고 없음
AB02CKS10249005,KONGES SLOJD,K,AB,BEACHWEAR,MADE IN CHINA,재고 없음
162408,PLAIN,Women,Clothing,Blazers,,재고 없음
162411,PLAIN,Women,Clothing,Tshirts and polo shirts,,재고 없음
162424,PLAIN,Women,Clothing,Long Dresses,,재고 없음
162426,PLAIN,Women,Clothing,Tops,,재고 없음
162497,JIL SANDER,Men,Clothing,Tshirts and polo shirts,,재고 없음
162527,SPORTMAX,Women,Jewelry,Necklaces,,재고 없음
AB27CS05XOVW001,BONPOINT,K,AB,BABY TRACKSUIT Colore unico,MADE IN INDIA,재고 없음
AB27CS05XOVW001,BONPOINT,K,AB,BABY TRACKSUIT Colore unico,MADE IN INDIA,재고 없음
AB28CS05GDRW009,BONPOINT,K,AB,BABY DRESS Colore unico,,재고 없음
AB28CS05GDRW009,BONPOINT,K,AB,BABY DRESS Colore unico,,재고 없음
AB01XRUBYXXX002,LOULOU STUDIO,D,AB,DRESS,MADE IN CHINA,재고 없음
AB01XRUBYXXX002,LOULOU STUDIO,D,AB,DRESS,MADE IN CHINA,재고 없음
AB22X8104019001,BURBERRY,U,AB,T-SHIRT,MADE IN PORTUGAL,재고 없음
AB22X8104019001,BURBERRY,U,AB,T-SHIRT,MADE IN PORTUGAL,재고 없음
AB01X8805DMA001,ZIMMERMANN,D,AB,DRESS,MADE IN CHINA,재고 없음
AB01X8805DMA001,ZIMMERMANN,D,AB,DRESS,MADE IN CHINA,재고 없음
162875,GRIFONI,Women,Clothing,Trousers,Italy,재고 없음
AB22CS05GTSK004,BONPOINT,K,AB,T-SHIRT Colore unico,MADE IN PORTUGAL,재고 없음
AB22CS05GTSK004,BONPOINT,K,AB,T-SHIRT Colore unico,MADE IN PORTUGAL,재고 없음
AB03XNF0A8C2003,THE NORTH FACE,U,AB,SHORT,MADE IN TURKEY,재고 없음
AB03XNF0A8C2003,THE NORTH FACE,U,AB,SHORT,MADE IN TURKEY,재고 없음
AB01X25UHT25001,CHLOE',D,AB,DRESS,MADE IN MADAGASCAR,재고 없음
AB01X25UHT25001,CHLOE',D,AB,DRESS,MADE IN MADAGASCAR,재고 없음
AB22CS05XTSK002,BONPOINT,K,AB,T-SHIRT Colore unico,MADE IN PORTUGAL,재고 없음
AB22CS05XTSK002,BONPOINT,K,AB,T-SHIRT Colore unico,MADE IN PORTUGAL,재고 없음
163289,AXEL ARIGATO,Men,Shoes,Sneakers,,재고 없음
163110,TOM FORD,Men,Accessories,Papillon and ties,Italy,재고 없음
AB04CEW00087001,EMPORIO ARMANI,D,AB,SHIRT Colore unico,MADE IN CHINA,재고 없음
AB04CEW00087001,EMPORIO ARMANI,D,AB,SHIRT Colore unico,MADE IN CHINA,재고 없음
AB22X255JS32003,JACQUEMUS,U,AB,T-SHIRT,MADE IN PORTUGAL,재고 없음
AB22X255JS32003,JACQUEMUS,U,AB,T-SHIRT,MADE IN PORTUGAL,재고 없음
163458,BURBERRY,Men,Shoes,Flat Shoes,Italy,재고 없음
163368,STRATEGIA,Women,Shoes,Ballerinas,,재고 없음
163600,MERCI,Women,Clothing,Trousers,,재고 없음
AB01X201638X004,CHARO RUIZ,D,AB,DRESS,MADE IN PORTUGAL,재고 없음
AB01X201638X004,CHARO RUIZ,D,AB,DRESS,MADE IN PORTUGAL,재고 없음
AB03CKS10230001,KONGES SLOJD,K,AB,SHORT,MADE IN CHINA,재고 없음
AB03CKS10230001,KONGES SLOJD,K,AB,SHORT,MADE IN CHINA,재고 없음
PP11XJ07VL00002,JIL SANDER,D,PP,CARD HOLDER,MADE IN ITALY,재고 없음
PP11XJ07VL00002,JIL SANDER,D,PP,CARD HOLDER,MADE IN ITALY,재고 없음
163634,TOM FORD,Men,Jewelry,Bracelet,,재고 없음
163640,TOM FORD,Men,Jewelry,Bracelet,,재고 없음
AB01X328912X001,FARM RIO,D,AB,DRESS,MADE IN INDIA,재고 없음
AB01X328912X001,FARM RIO,D,AB,DRESS,MADE IN INDIA,재고 없음
AB01X25UMB07001,CHLOE',D,AB,DRESS,MADE IN ITALY,재고 없음
AB01X25UMB07001,CHLOE',D,AB,DRESS,MADE IN ITALY,재고 없음
PP12X781490X002,GUCCI,D,PP,POUCH,MADE IN ITALY,재고 없음
PP12X781490X002,GUCCI,D,PP,POUCH,MADE IN ITALY,재고 없음
PP11X2R4SMP0001,MARC JACOBS,D,PP,CARD HOLDER,MADE IN VIETNAM,재고 없음
PP11X2R4SMP0001,MARC JACOBS,D,PP,CARD HOLDER,MADE IN VIETNAM,재고 없음
AB01X251DR24002,JACQUEMUS,D,AB,DRESS,MADE IN PORTUGAL,재고 없음
AB01X251DR24002,JACQUEMUS,D,AB,DRESS,MADE IN PORTUGAL,재고 없음
AB01X3841MDA002,MSGM,D,AB,DRESS,MADE IN ITALY,재고 없음
AB01X3841MDA002,MSGM,D,AB,DRESS,MADE IN ITALY,재고 없음
164796,PLAIN,Women,Clothing,Shirts and blouses,,재고 없음
29504159,MC2 Saint Barth,Man,Clothing,Sea clothing,Moldova,원가 없음 또는 0원
29504159,MC2 Saint Barth,Man,Clothing,Sea clothing,Moldova,원가 없음 또는 0원
29504159,MC2 Saint Barth,Man,Clothing,Sea clothing,Moldova,원가 없음 또는 0원
29504159,MC2 Saint Barth,Man,Clothing,Sea clothing,Moldova,원가 없음 또는 0원
29504159,MC2 Saint Barth,Man,Clothing,Sea clothing,Moldova,원가 없음 또는 0원
29504159,MC2 Saint Barth,Man,Clothing,Sea clothing,Moldova,원가 없음 또는 0원
AB01X816098X001,ALEXANDER MCQUEEN,D,AB,DRESS,MADE IN ITALY,재고 없음
AB01X816098X001,ALEXANDER MCQUEEN,D,AB,DRESS,MADE IN ITALY,재고 없음
AB01X819898X001,SAINT LAURENT,D,AB,DRESS,MADE IN FRANCE,재고 없음
AB01X819898X001,SAINT LAURENT,D,AB,DRESS,MADE IN FRANCE,재고 없음
AB01X6B0VDL1001,VALENTINO,D,AB,DRESS,MADE IN ITALY,재고 없음
AB01X6B0VDL1001,VALENTINO,D,AB,DRESS,MADE IN ITALY,재고 없음
165177,OBIDI,Women,Clothing,Dresses,Italy,재고 없음
AB22XJ03GC01008,JIL SANDER,D,AB,T-SHIRT,MADE IN ITALY,재고 없음
AB22XJ03GC01008,JIL SANDER,D,AB,T-SHIRT,MADE IN ITALY,재고 없음
AB31CK19541A032,MONCLER,K,AB,DOWNJACKET Colore unico,MADE IN ARMENIA,재고 없음
AB31CK19541A032,MONCLER,K,AB,DOWNJACKET Colore unico,MADE IN ARMENIA,재고 없음
AB01XT170113001,THE ANDAMANE,D,AB,DRESS,MADE IN ITALY,재고 없음
AB01XT170113001,THE ANDAMANE,D,AB,DRESS,MADE IN ITALY,재고 없음
AB29C8N1F98X007,EMPORIO ARMANI,U,AB,POLO Colore unico,MADE IN VIETNAM,재고 없음
AB29C8N1F98X007,EMPORIO ARMANI,U,AB,POLO Colore unico,MADE IN VIETNAM,재고 없음
165297,FEDERICO CINA,Women,Bags,Hand bags,,재고 없음
165298,FEDERICO CINA,Women,Bags,Hand bags,,재고 없음
165323,LONGCHAMP,Women,Bags,Hand bags,Morocco,재고 없음
165386,LONGCHAMP,Women,Bags,Backpacks and Belt bags,Tunisia,재고 없음
AB01CEW00085002,EMPORIO ARMANI,D,AB,DRESS Colore unico,MADE IN CHINA,재고 없음
AB01CEW00085002,EMPORIO ARMANI,D,AB,DRESS Colore unico,MADE IN CHINA,재고 없음
165391,LONGCHAMP,Women,Bags,Tote bags,,재고 없음
165670,VERSACE,Men,Clothing,Tshirts and polo shirts,Bosnia Erzegovina,재고 없음
AB22XTS0004F016,ISABEL MARANT ETOILE,D,AB,T-SHIRT,MADE IN TUNISIA,재고 없음
AB22XTS0004F016,ISABEL MARANT ETOILE,D,AB,T-SHIRT,MADE IN TUNISIA,재고 없음
AB22CTW8C61X001,STELLA MCCARTNEY,K,AB,T-SHIRT Colore unico,MADE IN PORTUGAL,재고 없음
AB22CTW8C61X001,STELLA MCCARTNEY,K,AB,T-SHIRT Colore unico,MADE IN PORTUGAL,재고 없음
AB28CPEMARUS003,BONPOINT,K,AB,BABY DRESS Colore unico,MADE IN MADAGASCAR,재고 없음
AB28CPEMARUS003,BONPOINT,K,AB,BABY DRESS Colore unico,MADE IN MADAGASCAR,재고 없음
AB01X250WCA0003,THE ATTICO,D,AB,DRESS,MADE IN PORTUGAL,재고 없음
AB01X250WCA0003,THE ATTICO,D,AB,DRESS,MADE IN PORTUGAL,재고 없음
AB01XWRHA032001,ETRO,D,AB,DRESS,MADE IN ITALY,재고 없음
AB01XWRHA032001,ETRO,D,AB,DRESS,MADE IN ITALY,재고 없음
CA03X1250785001,CHRISTIAN LOUBOUTIN,U,CA,SNEAKERS,MADE IN ITALY,재고 없음
CA03X1250785001,CHRISTIAN LOUBOUTIN,U,CA,SNEAKERS,MADE IN ITALY,재고 없음
166429,ACNE STUDIOS,Women,Clothing,Trousers,China,재고 없음
AB01X6B3VAEV001,VALENTINO,D,AB,DRESS,MADE IN ITALY,재고 없음
AB01X6B3VAEV001,VALENTINO,D,AB,DRESS,MADE IN ITALY,재고 없음
AB22XS25M296004,MAJESTIC FILATURES,U,AB,T-SHIRT,MADE IN PORTUGAL,재고 없음
AB22XS25M296004,MAJESTIC FILATURES,U,AB,T-SHIRT,MADE IN PORTUGAL,재고 없음
PP07CY4S576X001,EMPORIO ARMANI,U,PP,WALLET Colore unico,MADE IN ITALY,재고 없음
PP07CY4S576X001,EMPORIO ARMANI,U,PP,WALLET Colore unico,MADE IN ITALY,재고 없음
AB02CKS10251002,KONGES SLOJD,K,AB,BEACHWEAR,MADE IN CHINA,재고 없음
AB02CKS10251002,KONGES SLOJD,K,AB,BEACHWEAR,MADE IN CHINA,재고 없음
BO01CEW00101004,EMPORIO ARMANI,D,BO,LEATHER BAG Colore unico,MADE IN CHINA,재고 없음
BO01CEW00101004,EMPORIO ARMANI,D,BO,LEATHER BAG Colore unico,MADE IN CHINA,재고 없음
29924921,SORBET ISLAND,Woman,Clothing,Sea clothing,Europa,원가 없음 또는 0원
29924921,SORBET ISLAND,Woman,Clothing,Sea clothing,Europa,원가 없음 또는 0원
29924921,SORBET ISLAND,Woman,Clothing,Sea clothing,Europa,원가 없음 또는 0원
29924921,SORBET ISLAND,Woman,Clothing,Sea clothing,Europa,원가 없음 또는 0원
29924921,SORBET ISLAND,Woman,Clothing,Sea clothing,Europa,원가 없음 또는 0원
29924921,SORBET ISLAND,Woman,Clothing,Sea clothing,Europa,원가 없음 또는 0원
29924923,SORBET ISLAND,Woman,Clothing,Sea clothing,Grecia,원가 없음 또는 0원
29924923,SORBET ISLAND,Woman,Clothing,Sea clothing,Grecia,원가 없음 또는 0원
29924923,SORBET ISLAND,Woman,Clothing,Sea clothing,Grecia,원가 없음 또는 0원
29924923,SORBET ISLAND,Woman,Clothing,Sea clothing,Grecia,원가 없음 또는 0원
29924923,SORBET ISLAND,Woman,Clothing,Sea clothing,Grecia,원가 없음 또는 0원
29924923,SORBET ISLAND,Woman,Clothing,Sea clothing,Grecia,원가 없음 또는 0원
AB01X6B3VAF6001,VALENTINO,D,AB,DRESS,MADE IN ITALY,재고 없음
AB01X6B3VAF6001,VALENTINO,D,AB,DRESS,MADE IN ITALY,재고 없음
AB02CKS10249006,KONGES SLOJD,K,AB,BEACHWEAR,MADE IN CHINA,재고 없음
AB02CKS10249006,KONGES SLOJD,K,AB,BEACHWEAR,MADE IN CHINA,재고 없음
AB13XJC6234X001,ADIDAS ORIGINALS,U,AB,TROUSERS,MADE IN INDONESIA,재고 없음
AB13XJC6234X001,ADIDAS ORIGINALS,U,AB,TROUSERS,MADE IN INDONESIA,재고 없음
AB03XD210163001,P.A.R.O.S.H.,D,AB,SHORT,MADE IN ITALY,재고 없음
AB03XD210163001,P.A.R.O.S.H.,D,AB,SHORT,MADE IN ITALY,재고 없음
AB22XBFUTS03006,AMI,U,AB,T-SHIRT,MADE IN PORTUGAL,재고 없음
AB22XBFUTS03006,AMI,U,AB,T-SHIRT,MADE IN PORTUGAL,재고 없음
AB22XTS0005F001,ISABEL MARANT ETOILE,D,AB,T-SHIRT,MADE IN TUNISIA,재고 없음
AB22XTS0005F001,ISABEL MARANT ETOILE,D,AB,T-SHIRT,MADE IN TUNISIA,재고 없음
AB22XLDM1012001,LES DEUX,U,AB,T-SHIRT,MADE IN CHINA,재고 없음
AB22XLDM1012001,LES DEUX,U,AB,T-SHIRT,MADE IN CHINA,재고 없음
167960,GUCCI,Women,Accessories,Belts,Italy,재고 없음
AB03C7M00019001,EA7,U,AB,SHORT Colore unico,MADE IN CHINA,재고 없음
AB03C7M00019001,EA7,U,AB,SHORT Colore unico,MADE IN CHINA,재고 없음
AB22XRU01E52006,RICK OWENS,U,AB,T-SHIRT,MADE IN ITALY,재고 없음
AB22XRU01E52006,RICK OWENS,U,AB,T-SHIRT,MADE IN ITALY,재고 없음
168128,MONCLER KIDS,Baby boy,Clothing,Down jackets,Armenia,재고 없음
29493141,,Woman,Clothing,Sea clothing,BULGARIA,브랜드 실패(사유: None) / 카테고리 성공 / 원산지 성공
29493141,,Woman,Clothing,Sea clothing,BULGARIA,브랜드 실패(사유: None) / 카테고리 성공 / 원산지 성공
29493141,,Woman,Clothing,Sea clothing,BULGARIA,브랜드 실패(사유: None) / 카테고리 성공 / 원산지 성공
29493141,,Woman,Clothing,Sea clothing,BULGARIA,브랜드 실패(사유: None) / 카테고리 성공 / 원산지 성공
29493141,,Woman,Clothing,Sea clothing,BULGARIA,브랜드 실패(사유: None) / 카테고리 성공 / 원산지 성공
29493141,,Woman,Clothing,Sea clothing,BULGARIA,브랜드 실패(사유: None) / 카테고리 성공 / 원산지 성공
CA06X1027460001,BIRKENSTOCK,D,CA,FLIP FLOPS,MADE IN GERMANY,재고 없음
CA06X1027460001,BIRKENSTOCK,D,CA,FLIP FLOPS,MADE IN GERMANY,재고 없음
AB03X57437XX002,PATAGONIA,U,AB,SHORT,MADE IN SRI LANKA,재고 없음
AB03X57437XX002,PATAGONIA,U,AB,SHORT,MADE IN SRI LANKA,재고 없음
169731,CELINE,Women,Bags,Crossbody Bags,Italy,재고 없음
107365,GHERARDI,Men,Clothing,Shirts and blouses,Italy,재고 없음
84080,GIUSEPPE DI MORABITO,Women,Clothing,Dresses,Italy,재고 없음
AB04CP25CC10006,IL GUFO,K,AB,SHIRT Colore unico,MADE IN ITALY,재고 없음
AB04CP25CC10006,IL GUFO,K,AB,SHIRT Colore unico,MADE IN ITALY,재고 없음
AB03XK1S15B1003,STONE ISLAND,U,AB,SHORT,MADE IN INDONESIA,재고 없음
AB03XK1S15B1003,STONE ISLAND,U,AB,SHORT,MADE IN INDONESIA,재고 없음
AB04CS05BSHW004,BONPOINT,K,AB,SHIRT Colore unico,MADE IN ALBANIA,재고 없음
AB04CS05BSHW004,BONPOINT,K,AB,SHIRT Colore unico,MADE IN ALBANIA,재고 없음
118727,ALEVì,Women,Shoes,Flat Shoes,Italy,재고 없음
161745,GOLDEN GOOSE,Women,Shoes,Sneakers,Italy,재고 없음
120883,SPORTMAX,Women,Clothing,Jersey,Italy,재고 없음
121536,MONCLER GENIUS,Men,Clothing,Jeans,Romania,재고 없음
AB04X25SHT24001,CHLOE',D,AB,SHIRT,MADE IN MADAGASCAR,재고 없음
AB04X25SHT24001,CHLOE',D,AB,SHIRT,MADE IN MADAGASCAR,재고 없음
129363,VALENTINO GARAVANI,Men,Shoes,Sneakers,Italy,재고 없음
AB04X255SH11002,JACQUEMUS,U,AB,SHIRT,MADE IN BULGARIA,재고 없음
AB04X255SH11002,JACQUEMUS,U,AB,SHIRT,MADE IN BULGARIA,재고 없음
PP07X2R3SMP0001,MARC JACOBS,D,PP,WALLET,MADE IN VIETNAM,재고 없음
PP07X2R3SMP0001,MARC JACOBS,D,PP,WALLET,MADE IN VIETNAM,재고 없음
AB01XSS2144X003,COSTARELLOS,D,AB,DRESS,MADE IN POLAND,재고 없음
AB01XSS2144X003,COSTARELLOS,D,AB,DRESS,MADE IN POLAND,재고 없음
AB01XT170125001,THE ANDAMANE,D,AB,DRESS,MADE IN ITALY,재고 없음
AB01XT170125001,THE ANDAMANE,D,AB,DRESS,MADE IN ITALY,재고 없음
AB04X8091199001,BURBERRY,U,AB,SHIRT,MADE IN ITALY,재고 없음
AB04X8091199001,BURBERRY,U,AB,SHIRT,MADE IN ITALY,재고 없음
AB03CK1S16B1005,STONE ISLAND,K,AB,SHORT Colore unico,MADE IN INDONESIA,재고 없음
AB03CK1S16B1005,STONE ISLAND,K,AB,SHORT Colore unico,MADE IN INDONESIA,재고 없음
AB03CK1S16B1009,STONE ISLAND,K,AB,SHORT Colore unico,MADE IN INDONESIA,재고 없음
AB03CK1S16B1009,STONE ISLAND,K,AB,SHORT Colore unico,MADE IN INDONESIA,재고 없음
AB31CK19541A031,MONCLER,K,AB,DOWNJACKET Colore unico,MADE IN ARMENIA,재고 없음
AB31CK19541A031,MONCLER,K,AB,DOWNJACKET Colore unico,MADE IN ARMENIA,재고 없음
131982,MAX MARA,Women,Clothing,Blazers,Italy,재고 없음
130342,ACNE STUDIOS,Women,Clothing,Tshirts and polo shirts,Portugal,재고 없음
29492505,,Kids,Accessories,Sunglasses,CHINA,브랜드 실패(사유: None) / 카테고리 성공 / 원산지 성공
29492505,,Kids,Accessories,Sunglasses,CHINA,브랜드 실패(사유: None) / 카테고리 성공 / 원산지 성공
29492505,,Kids,Accessories,Sunglasses,CHINA,브랜드 실패(사유: None) / 카테고리 성공 / 원산지 성공
29492505,,Kids,Accessories,Sunglasses,CHINA,브랜드 실패(사유: None) / 카테고리 성공 / 원산지 성공
29492505,,Kids,Accessories,Sunglasses,CHINA,브랜드 실패(사유: None) / 카테고리 성공 / 원산지 성공
29492505,,Kids,Accessories,Sunglasses,CHINA,브랜드 실패(사유: None) / 카테고리 성공 / 원산지 성공
AB04C322-964001,RALPH LAUREN,K,AB,SHIRT Colore unico,MADE IN VIETNAM,재고 없음
AB04C322-964001,RALPH LAUREN,K,AB,SHIRT Colore unico,MADE IN VIETNAM,재고 없음
AB23CM01306X001,MARNI,K,AB,SWEATSHIRT Colore unico,MADE IN BULGARIA,재고 없음
AB23CM01306X001,MARNI,K,AB,SWEATSHIRT Colore unico,MADE IN BULGARIA,재고 없음
AB22X38518XX004,PATAGONIA,U,AB,T-SHIRT,MADE IN MEXICO,재고 없음
AB22X38518XX004,PATAGONIA,U,AB,T-SHIRT,MADE IN MEXICO,재고 없음
AB04X818606X001,SAINT LAURENT,D,AB,SHIRT,MADE IN ITALY,재고 없음
AB04X818606X001,SAINT LAURENT,D,AB,SHIRT,MADE IN ITALY,재고 없음
136713,BOTTEGA VENETA,Women,Accessories,Belts,Italy,재고 없음
AB03CK1S16B1004,STONE ISLAND,K,AB,SHORT Colore unico,MADE IN INDONESIA,재고 없음
AB03CK1S16B1004,STONE ISLAND,K,AB,SHORT Colore unico,MADE IN INDONESIA,재고 없음
AB04X4SHCC09006,GIORGIO ARMANI,D,AB,SHIRT,MADE IN ITALY,재고 없음
AB04X4SHCC09006,GIORGIO ARMANI,D,AB,SHIRT,MADE IN ITALY,재고 없음
AB04XG5JH9TX003,DOLCE&GABBANA,U,AB,SHIRT,,재고 없음
30730602,Bottega Veneta,Woman,Bags,Bags..,ITALIA,원가 없음 또는 0원
30730602,Bottega Veneta,Woman,Bags,Bags..,ITALIA,원가 없음 또는 0원
30730602,Bottega Veneta,Woman,Bags,Bags..,ITALIA,원가 없음 또는 0원
30730602,Bottega Veneta,Woman,Bags,Bags..,ITALIA,원가 없음 또는 0원
30730602,Bottega Veneta,Woman,Bags,Bags..,ITALIA,원가 없음 또는 0원
30730602,Bottega Veneta,Woman,Bags,Bags..,ITALIA,원가 없음 또는 0원
137689,MAX MARA,Women,Clothing,Long Dresses,Italy,재고 없음
137726,GUCCI,Women,Accessories,Sunglasses,Italy,재고 없음
AB04XMRIB000022,ETRO,U,AB,SHIRT,,재고 없음
AB22CK61137X002,KENZO,K,AB,T-SHIRT Colore unico,MADE IN TURKEY,재고 없음
AB22CK61137X002,KENZO,K,AB,T-SHIRT Colore unico,MADE IN TURKEY,재고 없음
AB22XS52GC03011,MM6,D,AB,T-SHIRT,MADE IN PORTUGAL,재고 없음
AB22XS52GC03011,MM6,D,AB,T-SHIRT,MADE IN PORTUGAL,재고 없음
140454,FEDERICA TOSI,Women,Jewelry,Rings,Italy,재고 없음
140570,NEW BALANCE,Men,Shoes,Sneakers,China,재고 없음
140728,JACOB COHEN,Men,Clothing,Jeans,Italy,재고 없음
140925,JOHNNY WAS,Women,Clothing,Beachwear,,재고 없음
141274,DOLCE E GABBANA,Men,Shoes,Loafers,Italy,재고 없음
141886,MARC JACOBS,Women,Bags,Hand bags,Vietnam,재고 없음
PP11XJ07VL00004,JIL SANDER,D,PP,CARD HOLDER,MADE IN ITALY,재고 없음
PP11XJ07VL00004,JIL SANDER,D,PP,CARD HOLDER,MADE IN ITALY,재고 없음
141906,KHRISJOY,Women,Clothing,Down jackets,,재고 없음
AB01XTM17019001,THE ANDAMANE,D,AB,DRESS,MADE IN ITALY,재고 없음
AB01XTM17019001,THE ANDAMANE,D,AB,DRESS,MADE IN ITALY,재고 없음
141995,SAINT LAURENT,Women,Bags,Crossbody Bags,Italy,재고 없음
AB04CDW5A91X001,DOUDOU,K,AB,SHIRT Colore unico,MADE IN ITALY,재고 없음
AB04CDW5A91X001,DOUDOU,K,AB,SHIRT Colore unico,MADE IN ITALY,재고 없음
AB02XDOMINOX002,HUNZA G,D,AB,BEACHWEAR,MADE IN MAROCCO,재고 없음
AB02XDOMINOX002,HUNZA G,D,AB,BEACHWEAR,MADE IN MAROCCO,재고 없음
AB04X822248X001,GUCCI,U,AB,SHIRT,MADE IN ITALY,재고 없음
AB04X822248X001,GUCCI,U,AB,SHIRT,MADE IN ITALY,재고 없음
142801,BURBERRY,Men,Clothing,Sweatshirts,Portugal,재고 없음
142980,PLAIN,Women,Clothing,Long Dresses,Italy,재고 없음
144784,SAINT LAURENT,Women,Clothing,Outerwear,Italy,재고 없음
AB02XCOM0009001,SAINT BARTH,U,AB,BEACHWEAR,MADE IN CHINA,재고 없음
AB02XCOM0009001,SAINT BARTH,U,AB,BEACHWEAR,MADE IN CHINA,재고 없음
AB22XS74GD13001,DSQUARED2,U,AB,T-SHIRT,MADE IN ROMANIA,재고 없음
AB22XS74GD13001,DSQUARED2,U,AB,T-SHIRT,MADE IN ROMANIA,재고 없음
AB02XCOM0009007,SAINT BARTH,U,AB,BEACHWEAR,MADE IN CHINA,재고 없음
AB02XCOM0009007,SAINT BARTH,U,AB,BEACHWEAR,MADE IN CHINA,재고 없음
AB02XLIG0003003,SAINT BARTH,U,AB,BEACHWEAR,MADE IN CHINA,재고 없음
AB02XLIG0003003,SAINT BARTH,U,AB,BEACHWEAR,MADE IN CHINA,재고 없음
145270,ZIMMERMANN,Women,Clothing,Dresses,China,재고 없음
145732,DSQUARED2,Men,Clothing,Outerwear,Romania,재고 없음
AB05X103819X001,PINKO,D,AB,COAT,MADE IN CHINA,재고 없음
AB05X103819X001,PINKO,D,AB,COAT,MADE IN CHINA,재고 없음
146231,MONCLER,Women,Clothing,Tshirts and polo shirts,Turkey,재고 없음
AB07X104071X001,PINKO,D,AB,JACKET,MADE IN ITALY,재고 없음
AB07X104071X001,PINKO,D,AB,JACKET,MADE IN ITALY,재고 없음
146479,SAVETTE,Women,Bags,Hand bags,Italy,재고 없음
147521,JIL SANDER,Men,Clothing,Tshirts and polo shirts,Italy,재고 없음
AB04XSS25-23001,ARTE,U,AB,SHIRT,MADE IN PORTUGAL,재고 없음
AB04XSS25-23001,ARTE,U,AB,SHIRT,MADE IN PORTUGAL,재고 없음
AB04XS52DT00004,MM6,D,AB,SHIRT,MADE IN ITALY,재고 없음
AB04XS52DT00004,MM6,D,AB,SHIRT,MADE IN ITALY,재고 없음
AB28CKS10307001,KONGES SLOJD,K,AB,BABY DRESS,MADE IN CHINA,재고 없음
AB28CKS10307001,KONGES SLOJD,K,AB,BABY DRESS,MADE IN CHINA,재고 없음
AB09X25USH28001,CHLOE',D,AB,SKIRT,MADE IN ITALY,재고 없음
AB09X25USH28001,CHLOE',D,AB,SKIRT,MADE IN ITALY,재고 없음
149432,JACQUEMUS,Men,Accessories,Hats and Gloves,Madagascar,재고 없음
149537,44 LABEL GROUP,Men,Clothing,Tshirts and polo shirts,,재고 없음
AB11X102827X001,PINKO,D,AB,KNITWEAR,MADE IN CHINA,재고 없음
AB11X102827X001,PINKO,D,AB,KNITWEAR,MADE IN CHINA,재고 없음
150683,SOEUR,Women,Bags,Shoulder bags,,재고 없음
AB07XBZEDB19001,BLAZE,D,AB,JACKET,MADE IN ITALY,재고 없음
AB07XBZEDB19001,BLAZE,D,AB,JACKET,MADE IN ITALY,재고 없음
AB11X241KN35001,JACQUEMUS,D,AB,KNITWEAR,MADE IN PORTUGAL,재고 없음
AB11X241KN35001,JACQUEMUS,D,AB,KNITWEAR,MADE IN PORTUGAL,재고 없음
150864,JACQUEMUS,Women,Clothing,Tshirts and polo shirts,Portugal,재고 없음
150772,MOTHER,Women,Clothing,Jeans,Usa,재고 없음
AB05XJ02SW00001,JIL SANDER,D,AB,COAT,MADE IN ITALY,재고 없음
AB05XJ02SW00001,JIL SANDER,D,AB,COAT,MADE IN ITALY,재고 없음
AB23XK1S1561001,STONE ISLAND,U,AB,SWEATSHIRT,MADE IN TUNISIA,재고 없음
AB23XK1S1561001,STONE ISLAND,U,AB,SWEATSHIRT,MADE IN TUNISIA,재고 없음
AB03X18CMSB0001,CP COMPANY,U,AB,SHORT,MADE IN ITALY,재고 없음
AB03X18CMSB0001,CP COMPANY,U,AB,SHORT,MADE IN ITALY,재고 없음
151459,AXEL ARIGATO,Men,Shoes,Sneakers,Portugal,재고 없음
151556,PLAIN,Men,Clothing,Shirts and blouses,Italy,재고 없음
AB04XHJK275X001,AMI,U,AB,SHIRT,MADE IN TUNISIA,재고 없음
AB04XHJK275X001,AMI,U,AB,SHIRT,MADE IN TUNISIA,재고 없음
AB31XPI1304D004,HERNO,D,AB,DOWNJACKET,MADE IN ARMENIA,재고 없음
AB31XPI1304D004,HERNO,D,AB,DOWNJACKET,MADE IN ARMENIA,재고 없음
AB05X808884X001,GUCCI,D,AB,COAT,MADE IN ITALY,재고 없음
AB05X808884X001,GUCCI,D,AB,COAT,MADE IN ITALY,재고 없음
151900,MAX MARA,Women,Clothing,Shirts and blouses,Italy,재고 없음
AB13X2522136001,SPORTMAX,D,AB,TROUSERS,,재고 없음
151960,MARC JACOBS,Women,Bags,Crossbody Bags,Vietnam,재고 없음
151968,MARC JACOBS,Women,Bags,Hand bags,Vietnam,재고 없음
152279,FENDI,Men,Bags,Hand bags,Italy,재고 없음
AB04CP25CC10001,IL GUFO,K,AB,SHIRT Colore unico,MADE IN ITALY,재고 없음
AB04CP25CC10001,IL GUFO,K,AB,SHIRT Colore unico,MADE IN ITALY,재고 없음
152921,MAISON MARGIELA,Women,Shoes,Ballerinas,Italy,재고 없음
152945,MAISON MARGIELA,Women,Shoes,Ballerinas,Italy,재고 없음
AB13XAMJYSP1003,AMIRI,U,AB,TROUSERS,,재고 없음
BO02XL1623XX039,LONGCHAMP,D,BO,FABRIC BAG,MADE IN TUNISIA,재고 없음
BO02XL1623XX039,LONGCHAMP,D,BO,FABRIC BAG,MADE IN TUNISIA,재고 없음
154583,OFF-WHITE,Men,Shoes,Sneakers,China,재고 없음
154636,OSOI,Women,Bags,Shoulder bags,Korea,재고 없음
154656,ROHE,Women,Clothing,Shirts and blouses,China,재고 없음
154900,THE ROW,Women,Bags,Crossbody Bags,Italy,재고 없음
AB13XWTR19XX001,DARKPARK,D,AB,TROUSERS,MADE IN ITALY,재고 없음
AB04XLDM4011001,LES DEUX,U,AB,SHIRT,MADE IN CHINA,재고 없음
AB04XLDM4011001,LES DEUX,U,AB,SHIRT,MADE IN CHINA,재고 없음
155316,TAGLIATORE,Men,Clothing,Blazers,Italy,재고 없음
155312,MARC JACOBS,Women,Bags,Hand bags,Vietnam,재고 없음
AB04XLEESHOW001,JOHN SMEDLEY,U,AB,SHIRT,MADE IN ENGLAND,재고 없음
AB04XLEESHOW001,JOHN SMEDLEY,U,AB,SHIRT,MADE IN ENGLAND,재고 없음
155920,PLAIN,Women,Clothing,Trousers,Italy,재고 없음
155908,GUCCI,Women,Shoes,Loafers,Italy,재고 없음
155752,SAINT LAURENT,Men,Accessories,Hats and Gloves,Bulgaria,재고 없음
156121,FENDI,Men,Bags,Crossbody Bags,Italy,재고 없음
AB05XCA00054002,HERNO,D,AB,COAT,MADE IN BOSNIA-HERZE,재고 없음
AB05XCA00054002,HERNO,D,AB,COAT,MADE IN BOSNIA-HERZE,재고 없음
AB22XJ03GC01004,JIL SANDER,D,AB,T-SHIRT,MADE IN ITALY,재고 없음
AB22XJ03GC01004,JIL SANDER,D,AB,T-SHIRT,MADE IN ITALY,재고 없음
156882,BOTTEGA VENETA,Men,Accessories,Belts,Italy,재고 없음
AB04X2519191003,MAX MARA S,D,AB,SHIRT,MADE IN CHINA,재고 없음
AB04X2519191003,MAX MARA S,D,AB,SHIRT,MADE IN CHINA,재고 없음
156987,MABE,Women,Clothing,Dresses,,재고 없음
157115,BOTTEGA VENETA,Women,Bags,Crossbody Bags,Italy,재고 없음
157095,VERSACE,Women,Clothing,Tops,,재고 없음
AB22XNF0A87N009,THE NORTH FACE,U,AB,T-SHIRT,MADE IN TURKEY,재고 없음
AB22XNF0A87N009,THE NORTH FACE,U,AB,T-SHIRT,MADE IN TURKEY,재고 없음
157460,NEMA,Women,Clothing,Tops,Greece,재고 없음
157640,ERES,Women,Clothing,Beachwear,,재고 없음
AB22XP25SP02001,PLEASURES,U,AB,T-SHIRT,MADE IN CHINA,재고 없음
AB22XP25SP02001,PLEASURES,U,AB,T-SHIRT,MADE IN CHINA,재고 없음
AB22XS52GC03010,MM6,D,AB,T-SHIRT,MADE IN PORTUGAL,재고 없음
AB22XS52GC03010,MM6,D,AB,T-SHIRT,MADE IN PORTUGAL,재고 없음
AB22XS74GD14004,DSQUARED2,U,AB,T-SHIRT,,재고 없음
158045,ETRO,Women,Clothing,Tops,Italy,재고 없음
AB22XT4060XX001,GANNI,D,AB,T-SHIRT,MADE IN PORTUGAL,재고 없음
AB22XT4060XX001,GANNI,D,AB,T-SHIRT,MADE IN PORTUGAL,재고 없음
158221,THEORY,Women,Clothing,Jersey,Italy,재고 없음
158157,TWINSET,Women,Clothing,Jersey,China,재고 없음
158422,BOTTEGA VENETA,Women,Bags,Crossbody Bags,Italy,재고 없음
AB04XHT0078F002,ISABEL MARANT,D,AB,SHIRT,MADE IN INDIA,재고 없음
AB04XHT0078F002,ISABEL MARANT,D,AB,SHIRT,MADE IN INDIA,재고 없음
AB31XBG25160002,BUTTER GOODS,U,AB,DOWNJACKET,,재고 없음
AB31XBG25160002,BUTTER GOODS,U,AB,DOWNJACKET,,재고 없음
AB05X101597X001,PINKO,D,AB,COAT,MADE IN CHINA,재고 없음
AB05X101597X001,PINKO,D,AB,COAT,MADE IN CHINA,재고 없음
AB05X812414X001,SAINT LAURENT,D,AB,COAT,MADE IN ITALY,재고 없음
AB05X812414X001,SAINT LAURENT,D,AB,COAT,MADE IN ITALY,재고 없음
AB11XD5M104X005,DRUMOHR,U,AB,KNITWEAR,MADE IN ITALY,재고 없음
AB11XD5M104X005,DRUMOHR,U,AB,KNITWEAR,MADE IN ITALY,재고 없음
159409,MISSONI,Women,Clothing,Outerwear,Italy,재고 없음
AB11XD300792002,P.A.R.O.S.H.,D,AB,KNITWEAR,MADE IN INDIA,재고 없음
AB11XD300792002,P.A.R.O.S.H.,D,AB,KNITWEAR,MADE IN INDIA,재고 없음
160077,'S MAXMARA,Women,Clothing,Outerwear,,재고 없음
AB04XUSH063X003,AMI,U,AB,SHIRT,MADE IN PORTUGAL,재고 없음
AB04XUSH063X003,AMI,U,AB,SHIRT,MADE IN PORTUGAL,재고 없음
160089,'S MAXMARA,Women,Clothing,Outerwear,,재고 없음
160493,MISSONI HOME,home,Textiles,Bathrobes,,재고 없음
160623,POLO RALPH LAUREN KIDS,Baby boy,Clothing,Tshirts and polo shirts,Bangladesh,재고 없음
160924,FLOWZE,Women,Shoes,Flat Shoes,Italy,재고 없음
AB13X18CMSP0001,CP COMPANY,U,AB,TROUSERS,MADE IN MYANMAR,재고 없음
AB13X18CMSP0001,CP COMPANY,U,AB,TROUSERS,MADE IN MYANMAR,재고 없음
AB31XPI00193002,HERNO,D,AB,DOWNJACKET,MADE IN ROMANIA,재고 없음
AB31XPI00193002,HERNO,D,AB,DOWNJACKET,MADE IN ROMANIA,재고 없음
161875,SUNFLOWER,Men,Clothing,Outerwear,India,재고 없음
162065,YVMIN X SHUSHU TONG,Women,Jewelry,Earrings,,재고 없음
162173,MERCI,Women,Clothing,Long Dresses,,재고 없음
29492834,TOOCO,Woman,Clothing,Sweaters,,브랜드 실패(사유: TOOCO) / 카테고리 성공 / 원산지 성공
29492834,TOOCO,Woman,Clothing,Sweaters,,브랜드 실패(사유: TOOCO) / 카테고리 성공 / 원산지 성공
29492834,TOOCO,Woman,Clothing,Sweaters,,브랜드 실패(사유: TOOCO) / 카테고리 성공 / 원산지 성공
29492834,TOOCO,Woman,Clothing,Sweaters,,브랜드 실패(사유: TOOCO) / 카테고리 성공 / 원산지 성공
AB12XNF0A88X002,THE NORTH FACE,U,AB,OUTERWEAR,MADE IN VIETNAM,재고 없음
AB12XNF0A88X002,THE NORTH FACE,U,AB,OUTERWEAR,MADE IN VIETNAM,재고 없음
AB05XMA0426F001,ISABEL MARANT ETOILE,D,AB,COAT,,재고 없음
AB11XK1S1551008,STONE ISLAND,U,AB,KNITWEAR,MADE IN BULGARIA,재고 없음
AB11XK1S1551008,STONE ISLAND,U,AB,KNITWEAR,MADE IN BULGARIA,재고 없음
AB23X246DE03001,JACQUEMUS,U,AB,SWEATSHIRT,MADE IN PORTUGAL,재고 없음
AB23X246DE03001,JACQUEMUS,U,AB,SWEATSHIRT,MADE IN PORTUGAL,재고 없음
163087,TOM FORD,Men,Accessories,Leather Products,Italy,재고 없음
AB07X8100595001,BURBERRY,D,AB,JACKET,MADE IN THAILANDIA,재고 없음
AB07X8100595001,BURBERRY,D,AB,JACKET,MADE IN THAILANDIA,재고 없음
AB07X6B3CE3Y001,VALENTINO,D,AB,JACKET,MADE IN ITALY,재고 없음
AB07X6B3CE3Y001,VALENTINO,D,AB,JACKET,MADE IN ITALY,재고 없음
164815,PLAIN,Women,Clothing,Shirts and blouses,,재고 없음
164930,LONGCHAMP,Women,Accessories,Scarfs and foulards,,재고 없음
165029,PLAIN,Women,Shoes,Heels,Italy,재고 없음
CA03XNBM991G001,NEW BALANCE,U,CA,SNEAKERS,MADE IN GREAT BRITAIN,재고 없음
CA03XNBM991G001,NEW BALANCE,U,CA,SNEAKERS,MADE IN GREAT BRITAIN,재고 없음
AB23CK1S1661026,STONE ISLAND,K,AB,SWEATSHIRT Colore unico,MADE IN ALBANIA,재고 없음
AB23CK1S1661026,STONE ISLAND,K,AB,SWEATSHIRT Colore unico,MADE IN ALBANIA,재고 없음
AB07X823641X001,SAINT LAURENT,D,AB,JACKET,MADE IN ITALY,재고 없음
AB07X823641X001,SAINT LAURENT,D,AB,JACKET,MADE IN ITALY,재고 없음
AB31XPI00115001,HERNO,U,AB,DOWNJACKET,,재고 없음
165302,FEDERICO CINA,Women,Bags,Hand bags,,재고 없음
165303,FEDERICO CINA,Women,Bags,Hand bags,,재고 없음
165454,LONGCHAMP,Women,Bags,Shoulder bags,Morocco,재고 없음
AL02XC24AC06002,CHLOE',D,AL,JEWELLERY,MADE IN ITALY,재고 없음
AL02XC24AC06002,CHLOE',D,AL,JEWELLERY,MADE IN ITALY,재고 없음
AL02XUJW917X009,AMI,D,AL,JEWELLERY,MADE IN ITALY,재고 없음
AL02XUJW917X009,AMI,D,AL,JEWELLERY,MADE IN ITALY,재고 없음
166066,SEMICOUTURE,Women,Clothing,Shirts and blouses,,재고 없음
AL04X813461X001,GUCCI,U,AL,HAT,MADE IN ITALY,재고 없음
AL04X813461X001,GUCCI,U,AL,HAT,MADE IN ITALY,재고 없음
AL04XMD47998001,BRUNELLO CUCINELLI,U,AL,HAT,MADE IN ITALY,재고 없음
AL04XMD47998001,BRUNELLO CUCINELLI,U,AL,HAT,MADE IN ITALY,재고 없음
166133,BOTTEGA VENETA,Women,Bags,Hand bags,Italy,재고 없음
AB09XBW40TRX001,GIVENCHY,D,AB,SKIRT,MADE IN ITALY,재고 없음
AB09XBW40TRX001,GIVENCHY,D,AB,SKIRT,MADE IN ITALY,재고 없음
AB22XOMAA120033,OFF WHITE,U,AB,T-SHIRT,MADE IN PORTUGAL,재고 없음
AB22XOMAA120033,OFF WHITE,U,AB,T-SHIRT,MADE IN PORTUGAL,재고 없음
166727,MOON BOOT KIDS,Baby girl,Shoes,Boots,Hungary,재고 없음
AB22XPMAA001121,PALM ANGELS,U,AB,T-SHIRT,MADE IN PORTUGAL,재고 없음
AB22XPMAA001121,PALM ANGELS,U,AB,T-SHIRT,MADE IN PORTUGAL,재고 없음
AL04X213AC00016,JACQUEMUS,U,AL,HAT,MADE IN BULGARIA,재고 없음
AL04X213AC00016,JACQUEMUS,U,AL,HAT,MADE IN BULGARIA,재고 없음
AB11CS05GJUK002,BONPOINT,K,AB,KNITWEAR Colore unico,MADE IN CHINA,재고 없음
AB11CS05GJUK002,BONPOINT,K,AB,KNITWEAR Colore unico,MADE IN CHINA,재고 없음
167483,SAINT LAURENT,Women,Bags,Crossbody Bags,Italy,재고 없음
167846,FENDI,Women,Bags,Mini Bags,Italy,재고 없음
AB22XRU01E52001,RICK OWENS,U,AB,T-SHIRT,MADE IN ITALY,재고 없음
AB22XRU01E52001,RICK OWENS,U,AB,T-SHIRT,MADE IN ITALY,재고 없음
168017,BOTTEGA VENETA,Women,Bags,Hand bags,Italy,재고 없음
168549,TOD'S,Women,Bags,Hand bags,,재고 없음
AB22XPOLTEEE001,POLAR SKATE CO,U,AB,T-SHIRT,MADE IN PORTUGAL,재고 없음
AB22XPOLTEEE001,POLAR SKATE CO,U,AB,T-SHIRT,MADE IN PORTUGAL,재고 없음
AB22XS50GC07001,MAISON MARGIELA,U,AB,T-SHIRT,MADE IN ITALY,재고 없음
AB22XS50GC07001,MAISON MARGIELA,U,AB,T-SHIRT,MADE IN ITALY,재고 없음
BO01X5115002011,VIVIENNE WESTWOOD,D,BO,LEATHER BAG,MADE IN CHINA,재고 없음
BO01X5115002011,VIVIENNE WESTWOOD,D,BO,LEATHER BAG,MADE IN CHINA,재고 없음
AB08XS62FB00003,MM6,D,AB,VEST,MADE IN ITALY,재고 없음
AB08XS62FB00003,MM6,D,AB,VEST,MADE IN ITALY,재고 없음
105796,FENDI,Men,Accessories,Leather Products,Italy,재고 없음
112268,SAINT LAURENT,Women,Accessories,Sunglasses,Japan,재고 없음
112270,MONCLER,Women,Shoes,Sneakers,Italy,재고 없음
127840,JACOB COHEN,Men,Clothing,Jeans,Italy,재고 없음
129234,ROTATE,Women,Clothing,Skirts,China,재고 없음
124589,SPORTMAX,Women,Clothing,Trousers,,재고 없음
125204,BALENCIAGA,Women,Bags,Shoulder bags,Italy      ,재고 없음
130223,POLO RALPH LAUREN,Men,Clothing,Shorts and Bermuda shorts,Vietnam,재고 없음
AL13CEM00218001,EMPORIO ARMANI,U,AL,MEN SILK Colore unico,MADE IN ITALY,재고 없음
AL13CEM00218001,EMPORIO ARMANI,U,AL,MEN SILK Colore unico,MADE IN ITALY,재고 없음
AL19C340049X017,EMPORIO ARMANI,U,AL,TIE Colore unico,MADE IN ITALY,재고 없음
AL19C340049X017,EMPORIO ARMANI,U,AL,TIE Colore unico,MADE IN ITALY,재고 없음
BO01XC24AS61001,CHLOE',D,BO,LEATHER BAG,MADE IN ITALY,재고 없음
BO01XC24AS61001,CHLOE',D,BO,LEATHER BAG,MADE IN ITALY,재고 없음
BO01XJH306B0002,JW PEI,D,BO,LEATHER BAG,MADE IN CHINA,재고 없음
BO01XJH306B0002,JW PEI,D,BO,LEATHER BAG,MADE IN CHINA,재고 없음
AB09X25UJU10001,CHLOE',D,AB,SKIRT,MADE IN MADAGASCAR,재고 없음
AL20X714794X001,SAINT LAURENT,D,AL,SUNGLASSES,MADE IN ITALY,재고 없음
AB31CK19541A010,MONCLER,K,AB,DOWNJACKET Colore unico,,재고 없음
AB31CK19541A010,MONCLER,K,AB,DOWNJACKET Colore unico,,재고 없음
BO01CEW00100007,EMPORIO ARMANI,D,BO,LEATHER BAG Colore unico,MADE IN CHINA,재고 없음
BO01CEW00100007,EMPORIO ARMANI,D,BO,LEATHER BAG Colore unico,MADE IN CHINA,재고 없음
BO01X2T33XXX002,JW PEI,D,BO,LEATHER BAG,MADE IN CHINA,재고 없음
BO01X2T33XXX002,JW PEI,D,BO,LEATHER BAG,MADE IN CHINA,재고 없음
29492979,,Kids,Accessories,Sunglasses,CHINA,브랜드 실패(사유: None) / 카테고리 성공 / 원산지 성공
29492979,,Kids,Accessories,Sunglasses,CHINA,브랜드 실패(사유: None) / 카테고리 성공 / 원산지 성공
29492979,,Kids,Accessories,Sunglasses,CHINA,브랜드 실패(사유: None) / 카테고리 성공 / 원산지 성공
29492979,,Kids,Accessories,Sunglasses,CHINA,브랜드 실패(사유: None) / 카테고리 성공 / 원산지 성공
29492979,,Kids,Accessories,Sunglasses,CHINA,브랜드 실패(사유: None) / 카테고리 성공 / 원산지 성공
29492979,,Kids,Accessories,Sunglasses,CHINA,브랜드 실패(사유: None) / 카테고리 성공 / 원산지 성공
AB11CS05GBLW002,BONPOINT,K,AB,KNITWEAR Colore unico,MADE IN MADAGASCAR,재고 없음
AB11CS05GBLW002,BONPOINT,K,AB,KNITWEAR Colore unico,MADE IN MADAGASCAR,재고 없음
AB11X100414X003,PINKO,D,AB,KNITWEAR,MADE IN CHINA,재고 없음
AB11X100414X003,PINKO,D,AB,KNITWEAR,MADE IN CHINA,재고 없음
AB23CK1S1661014,STONE ISLAND,K,AB,SWEATSHIRT Colore unico,MADE IN ROMANIA,재고 없음
AB23CK1S1661014,STONE ISLAND,K,AB,SWEATSHIRT Colore unico,MADE IN ROMANIA,재고 없음
BO01XXBWAPAT020,TODS,D,BO,LEATHER BAG,MADE IN ITALY,재고 없음
BO01XXBWAPAT020,TODS,D,BO,LEATHER BAG,MADE IN ITALY,재고 없음
AB31X6V3CIM2001,VALENTINO,U,AB,DOWNJACKET,MADE IN ITALY,재고 없음
AB31X6V3CIM2001,VALENTINO,U,AB,DOWNJACKET,MADE IN ITALY,재고 없음
CA03X1203A53007,ASICS,D,CA,SNEAKERS,MADE IN VIETNAM,재고 없음
CA03X1203A53007,ASICS,D,CA,SNEAKERS,MADE IN VIETNAM,재고 없음
AB31XLTAT24A026,TATRAS,D,AB,DOWNJACKET,MADE IN POLAND,재고 없음
AB31XLTAT24A026,TATRAS,D,AB,DOWNJACKET,MADE IN POLAND,재고 없음
AB31XPI00193001,HERNO,D,AB,DOWNJACKET,MADE IN ROMANIA,재고 없음
AB31XPI00193001,HERNO,D,AB,DOWNJACKET,MADE IN ROMANIA,재고 없음
BO01XS54WD00023,MM6,D,BO,LEATHER BAG,MADE IN CHINA,재고 없음
BO01XS54WD00023,MM6,D,BO,LEATHER BAG,MADE IN CHINA,재고 없음
AB28CKS10319001,KONGES SLOJD,K,AB,BABY DRESS,MADE IN CHINA,재고 없음
AB28CKS10319001,KONGES SLOJD,K,AB,BABY DRESS,MADE IN CHINA,재고 없음
AB13X8107685001,BURBERRY,D,AB,TROUSERS,,재고 없음
AB13X8107685001,BURBERRY,D,AB,TROUSERS,,재고 없음
29493021,,Man,Shoes,Flat shoes,ITALY,브랜드 실패(사유: None) / 카테고리 성공 / 원산지 성공
29493021,,Man,Shoes,Flat shoes,ITALY,브랜드 실패(사유: None) / 카테고리 성공 / 원산지 성공
29493021,,Man,Shoes,Flat shoes,ITALY,브랜드 실패(사유: None) / 카테고리 성공 / 원산지 성공
29493021,,Man,Shoes,Flat shoes,ITALY,브랜드 실패(사유: None) / 카테고리 성공 / 원산지 성공
29493021,,Man,Shoes,Flat shoes,ITALY,브랜드 실패(사유: None) / 카테고리 성공 / 원산지 성공
29493021,,Man,Shoes,Flat shoes,ITALY,브랜드 실패(사유: None) / 카테고리 성공 / 원산지 성공
CA03XCP05015009,VEJA,U,CA,SNEAKERS,MADE IN BRAZIL,재고 없음
CA03XCP05015009,VEJA,U,CA,SNEAKERS,MADE IN BRAZIL,재고 없음
AB13XRU02E13002,RICK OWENS,U,AB,TROUSERS,,재고 없음
AB13XS52LA02006,MM6,D,AB,TROUSERS,MADE IN ITALY,재고 없음
AB13XS52LA02006,MM6,D,AB,TROUSERS,MADE IN ITALY,재고 없음
AB18X251TO11001,JACQUEMUS,D,AB,TOP,MADE IN PORTUGAL,재고 없음
AB18X251TO11001,JACQUEMUS,D,AB,TOP,MADE IN PORTUGAL,재고 없음
29493049,,Woman,Clothing,Sea clothing,BULGARIA,브랜드 실패(사유: None) / 카테고리 성공 / 원산지 성공
29493049,,Woman,Clothing,Sea clothing,BULGARIA,브랜드 실패(사유: None) / 카테고리 성공 / 원산지 성공
29493049,,Woman,Clothing,Sea clothing,BULGARIA,브랜드 실패(사유: None) / 카테고리 성공 / 원산지 성공
29493049,,Woman,Clothing,Sea clothing,BULGARIA,브랜드 실패(사유: None) / 카테고리 성공 / 원산지 성공
29493049,,Woman,Clothing,Sea clothing,BULGARIA,브랜드 실패(사유: None) / 카테고리 성공 / 원산지 성공
29493049,,Woman,Clothing,Sea clothing,BULGARIA,브랜드 실패(사유: None) / 카테고리 성공 / 원산지 성공
CA03XBH00ARX003,GIVENCHY,U,CA,SNEAKERS,MADE IN PORTUGAL,재고 없음
CA03XBH00ARX003,GIVENCHY,U,CA,SNEAKERS,MADE IN PORTUGAL,재고 없음
CA08XBEGUMME002,AMINA MUADDI,D,CA,HEELED SHOES,MADE IN ITALY,재고 없음
CA08XBEGUMME002,AMINA MUADDI,D,CA,HEELED SHOES,MADE IN ITALY,재고 없음
CA08XC24A02X001,CHLOE',D,CA,HEELED SHOES,MADE IN ITALY,재고 없음
CA08XC24A02X001,CHLOE',D,CA,HEELED SHOES,MADE IN ITALY,재고 없음
29493106,,Woman,Clothing,Sea clothing,BULGARIA,브랜드 실패(사유: None) / 카테고리 성공 / 원산지 성공
29493106,,Woman,Clothing,Sea clothing,BULGARIA,브랜드 실패(사유: None) / 카테고리 성공 / 원산지 성공
29493106,,Woman,Clothing,Sea clothing,BULGARIA,브랜드 실패(사유: None) / 카테고리 성공 / 원산지 성공
29493106,,Woman,Clothing,Sea clothing,BULGARIA,브랜드 실패(사유: None) / 카테고리 성공 / 원산지 성공
29493106,,Woman,Clothing,Sea clothing,BULGARIA,브랜드 실패(사유: None) / 카테고리 성공 / 원산지 성공
29493106,,Woman,Clothing,Sea clothing,BULGARIA,브랜드 실패(사유: None) / 카테고리 성공 / 원산지 성공
AB22XJG00024001,HERNO,U,AB,T-SHIRT,,재고 없음
AB22XLDM1012002,LES DEUX,U,AB,T-SHIRT,MADE IN INDIA,재고 없음
AB22XLDM1012002,LES DEUX,U,AB,T-SHIRT,MADE IN INDIA,재고 없음
PP12X5W2P0AA001,VALENTINO GARAVANI,D,PP,POUCH,MADE IN ITALY,재고 없음
PP12X5W2P0AA001,VALENTINO GARAVANI,D,PP,POUCH,MADE IN ITALY,재고 없음
AB22XLM00104019,MAISON KITSUNE,U,AB,T-SHIRT,MADE IN PORTUGAL,재고 없음
AB22XLOCKTEE002,BUTTER GOODS,U,AB,T-SHIRT,MADE IN CHINA,재고 없음
AB22XLOCKTEE002,BUTTER GOODS,U,AB,T-SHIRT,MADE IN CHINA,재고 없음
AB22XUTS027X001,AMI,U,AB,T-SHIRT,MADE IN PORTUGAL,재고 없음
AB22XUTS027X001,AMI,U,AB,T-SHIRT,MADE IN PORTUGAL,재고 없음
AB23CK1S1661020,STONE ISLAND,K,AB,SWEATSHIRT Colore unico,,재고 없음
AB23CK1S1661020,STONE ISLAND,K,AB,SWEATSHIRT Colore unico,,재고 없음
AB23CK1S1661021,STONE ISLAND,K,AB,SWEATSHIRT Colore unico,MADE IN ROMANIA,재고 없음
AB23CK1S1661021,STONE ISLAND,K,AB,SWEATSHIRT Colore unico,MADE IN ROMANIA,재고 없음
AL02X696429X006,FERRAGAMO,D,AL,JEWELLERY,MADE IN ITALY,재고 없음
AL02X696429X006,FERRAGAMO,D,AL,JEWELLERY,MADE IN ITALY,재고 없음
CA04X1116109008,UGG,D,CA,BOOTS,MADE IN VIETNAM,재고 없음
CA04X1116109008,UGG,D,CA,BOOTS,MADE IN VIETNAM,재고 없음
AB31X3802WXX003,CANADA GOOSE,D,AB,2000031322292,MADE IN CANADA,재고 없음
AB31X3802WXX003,CANADA GOOSE,D,AB,2000031322292,MADE IN CANADA,재고 없음
BO01XXBWTSBA021,TODS,D,BO,LEATHER BAG,MADE IN ITALY,재고 없음
BO01XXBWTSBA021,TODS,D,BO,LEATHER BAG,MADE IN ITALY,재고 없음
AL02XC24AFE8001,CHLOE',D,AL,JEWELLERY,MADE IN ITALY,재고 없음
AL02XC24AFE8001,CHLOE',D,AL,JEWELLERY,MADE IN ITALY,재고 없음
AB23XAMJYHD1008,AMIRI,U,AB,SWEATSHIRT,,재고 없음
CA07XS59WZ00006,MM6,D,CA,FLAT SHOES,MADE IN ITALY,재고 없음
CA07XS59WZ00006,MM6,D,CA,FLAT SHOES,MADE IN ITALY,재고 없음
AB28CP25VM78005,IL GUFO,K,AB,BABY DRESS Colore unico,MADE IN MAROCCO,재고 없음
AB28CP25VM78005,IL GUFO,K,AB,BABY DRESS Colore unico,MADE IN MAROCCO,재고 없음
AB29XLM00208007,MAISON KITSUNE,U,AB,POLO,MADE IN PORTUGAL,재고 없음
AB31X8079414001,BURBERRY,D,AB,DOWNJACKET,MADE IN ENGLAND,재고 없음
AB31X8079414001,BURBERRY,D,AB,DOWNJACKET,MADE IN ENGLAND,재고 없음
AB31XM15XXXX003,DACUTE,U,AB,DOWNJACKET,MADE IN ITALY,재고 없음
AB31XM15XXXX003,DACUTE,U,AB,DOWNJACKET,MADE IN ITALY,재고 없음
AB31XPI00193005,HERNO,D,AB,DOWNJACKET,,재고 없음
AB31XPI00209001,HERNO,D,AB,DOWNJACKET,,재고 없음
AL02X251SL14002,JACQUEMUS,U,AL,JEWELLERY,MADE IN MADAGASCAR,재고 없음
AL02X251SL14002,JACQUEMUS,U,AL,JEWELLERY,MADE IN MADAGASCAR,재고 없음
AB28CC20596_001,CHLOE',K,AB,BABY DRESS Colore unico,MADE IN TUNISIA,재고 없음
AB28CC20596_001,CHLOE',K,AB,BABY DRESS Colore unico,MADE IN TUNISIA,재고 없음
PP02X8C0648X004,FENDI,D,PP,BELT,MADE IN ITALY,재고 없음
PP02X8C0648X004,FENDI,D,PP,BELT,MADE IN ITALY,재고 없음
CA01XDU3304C001,DOUCAL'S,U,CA,LEATHER SOLE,MADE IN ITALY,재고 없음
CA01XDU3304C001,DOUCAL'S,U,CA,LEATHER SOLE,MADE IN ITALY,재고 없음
AL02X696430X004,FERRAGAMO,D,AL,JEWELLERY,MADE IN ITALY,재고 없음
AL02X696430X004,FERRAGAMO,D,AL,JEWELLERY,MADE IN ITALY,재고 없음
AL02X736244X001,FERRAGAMO,D,AL,JEWELLERY,MADE IN ITALY,재고 없음
AL02X736244X001,FERRAGAMO,D,AL,JEWELLERY,MADE IN ITALY,재고 없음
AB25CK1S1641004,STONE ISLAND,K,AB,WINDBREAKER Colore unico,MADE IN INDONESIA,재고 없음
AB25CK1S1641004,STONE ISLAND,K,AB,WINDBREAKER Colore unico,MADE IN INDONESIA,재고 없음
AL02X736294X001,FERRAGAMO,D,AL,JEWELLERY,MADE IN ITALY,재고 없음
AL02X736294X001,FERRAGAMO,D,AL,JEWELLERY,MADE IN ITALY,재고 없음
AB13X1972CXX002,CITIZENS OF HUMANITY,D,AB,TROUSERS,MADE IN U.S.A.,재고 없음
AB13X1972CXX002,CITIZENS OF HUMANITY,D,AB,TROUSERS,MADE IN U.S.A.,재고 없음
AL04X213AC00017,JACQUEMUS,U,AL,HAT,MADE IN BULGARIA,재고 없음
AL04X213AC00017,JACQUEMUS,U,AL,HAT,MADE IN BULGARIA,재고 없음
AL04X6W0HE00001,VALENTINO GARAVANI,D,AL,HAT,MADE IN ITALY,재고 없음
AL04X6W0HE00001,VALENTINO GARAVANI,D,AL,HAT,MADE IN ITALY,재고 없음
AL04XSORRYID001,IDEA,U,AL,HAT,MADE IN CHINA,재고 없음
AL04XSORRYID001,IDEA,U,AL,HAT,MADE IN CHINA,재고 없음
AB29X806250X001,GUCCI,U,AB,POLO,MADE IN ITALY,재고 없음
AB29X806250X001,GUCCI,U,AB,POLO,MADE IN ITALY,재고 없음
BO01CY3D277X006,EMPORIO ARMANI,D,BO,LEATHER BAG Colore unico,MADE IN CHINA,재고 없음
BO01CY3D277X006,EMPORIO ARMANI,D,BO,LEATHER BAG Colore unico,MADE IN CHINA,재고 없음
BO01X1C131XX002,JW PEI,D,BO,LEATHER BAG,MADE IN CHINA,재고 없음
BO01X1C131XX002,JW PEI,D,BO,LEATHER BAG,MADE IN CHINA,재고 없음
AB31X2228MBX002,CANADA GOOSE,U,AB,DOWNJACKET,MADE IN CANADA,재고 없음
AB31X2228MBX002,CANADA GOOSE,U,AB,DOWNJACKET,MADE IN CANADA,재고 없음
AB31XFJ7561X001,FENDI,D,AB,DOWNJACKET,MADE IN ITALY,재고 없음
AB31XFJ7561X001,FENDI,D,AB,DOWNJACKET,MADE IN ITALY,재고 없음
AB13X2511331002,MAX MARA,D,AB,TROUSERS,MADE IN CHINA,재고 없음
AB13X2511331002,MAX MARA,D,AB,TROUSERS,MADE IN CHINA,재고 없음
BO01XM001649020,MARC JACOBS,D,BO,LEATHER BAG,,재고 없음
AL12X8088140001,BURBERRY,D,AL,WOMEN SILK,MADE IN ITALY,재고 없음
AL12X8088140001,BURBERRY,D,AL,WOMEN SILK,MADE IN ITALY,재고 없음
BO01XPP0003F011,ISABEL MARANT,D,BO,LEATHER BAG,,재고 없음
CA05XL71Y0X001,MANEBI,D,CA,SANDALS,MADE IN INDIA,재고 없음
CA05XL71Y0X001,MANEBI,D,CA,SANDALS,MADE IN INDIA,재고 없음
AB09XGWP0195001,GOLDEN GOOSE,D,AB,SKIRT,MADE IN ITALY,재고 없음
AB09XGWP0195001,GOLDEN GOOSE,D,AB,SKIRT,MADE IN ITALY,재고 없음
AB09XR13WD10001,R13,D,AB,SKIRT,MADE IN CHINA,재고 없음
AB09XR13WD10001,R13,D,AB,SKIRT,MADE IN CHINA,재고 없음
CA06XBH301TX001,GIVENCHY,U,CA,FLIP FLOPS,MADE IN ITALY,재고 없음
CA06XBH301TX001,GIVENCHY,U,CA,FLIP FLOPS,MADE IN ITALY,재고 없음
29493245,,Woman,Clothing,Sea clothing,BULGARIA,브랜드 실패(사유: None) / 카테고리 성공 / 원산지 성공
29493245,,Woman,Clothing,Sea clothing,BULGARIA,브랜드 실패(사유: None) / 카테고리 성공 / 원산지 성공
29493245,,Woman,Clothing,Sea clothing,BULGARIA,브랜드 실패(사유: None) / 카테고리 성공 / 원산지 성공
29493245,,Woman,Clothing,Sea clothing,BULGARIA,브랜드 실패(사유: None) / 카테고리 성공 / 원산지 성공
29493245,,Woman,Clothing,Sea clothing,BULGARIA,브랜드 실패(사유: None) / 카테고리 성공 / 원산지 성공
29493245,,Woman,Clothing,Sea clothing,BULGARIA,브랜드 실패(사유: None) / 카테고리 성공 / 원산지 성공
PP02C432707X003,GUCCI,K,PP,BELT Colore unico,MADE IN ITALY,재고 없음
PP02C432707X003,GUCCI,K,PP,BELT Colore unico,MADE IN ITALY,재고 없음
CA03XAULWLL0009,AUTRY,D,CA,SNEAKERS,MADE IN ITALY,재고 없음
CA03XAULWLL0009,AUTRY,D,CA,SNEAKERS,MADE IN ITALY,재고 없음
PP12X2S4SMN0002,MARC JACOBS,D,PP,POUCH,MADE IN VIETNAM,재고 없음
PP12X2S4SMN0002,MARC JACOBS,D,PP,POUCH,MADE IN VIETNAM,재고 없음
PP02X659416X006,GUCCI,D,PP,BELT,MADE IN ITALY,재고 없음
PP02X659416X006,GUCCI,D,PP,BELT,MADE IN ITALY,재고 없음
AB02XLIGHTIN089,SAINT BARTH,U,AB,BEACHWEAR,MADE IN CHINA,재고 없음
AB02XLIGHTIN089,SAINT BARTH,U,AB,BEACHWEAR,MADE IN CHINA,재고 없음
AB22CM01413X001,MARNI,K,AB,T-SHIRT Colore unico,MADE IN BULGARIA,재고 없음
AB22CM01413X001,MARNI,K,AB,T-SHIRT Colore unico,MADE IN BULGARIA,재고 없음
AB22C9518C00002,MONCLER,K,AB,T-SHIRT Colore unico,MADE IN TURKEY,재고 없음
AB22C9518C00002,MONCLER,K,AB,T-SHIRT Colore unico,MADE IN TURKEY,재고 없음
CA03XAULMVS0005,AUTRY,U,CA,SNEAKERS,MADE IN INDONESIA,재고 없음
CA03XAULMVS0005,AUTRY,U,CA,SNEAKERS,MADE IN INDONESIA,재고 없음
AB22X38504XX006,PATAGONIA,U,AB,T-SHIRT,MADE IN MEXICO,재고 없음
AB22X38504XX006,PATAGONIA,U,AB,T-SHIRT,MADE IN MEXICO,재고 없음
AB02XLIGHTIN094,SAINT BARTH,U,AB,BEACHWEAR,MADE IN CHINA,재고 없음
AB02XLIGHTIN094,SAINT BARTH,U,AB,BEACHWEAR,MADE IN CHINA,재고 없음
AB02XPATMOSX004,SAINT BARTH,U,AB,BEACHWEAR,,재고 없음
AB02XPATMOSX004,SAINT BARTH,U,AB,BEACHWEAR,,재고 없음
AB04X18CMOS1003,CP COMPANY,U,AB,SHIRT,MADE IN TUNISIA,재고 없음
AB04X18CMOS1003,CP COMPANY,U,AB,SHIRT,MADE IN TUNISIA,재고 없음
AB02XCAPRESE007,SAINT BARTH,U,AB,BEACHWEAR,MADE IN CHINA,재고 없음
AB02XCAPRESE007,SAINT BARTH,U,AB,BEACHWEAR,MADE IN CHINA,재고 없음
AB27CJ29518L002,MONCLER,K,AB,BABY TRACKSUIT Colore unico,MADE IN BULGARIA,재고 없음
AB27CJ29518L002,MONCLER,K,AB,BABY TRACKSUIT Colore unico,MADE IN BULGARIA,재고 없음
AB07CP24GR19004,IL GUFO,K,AB,JACKET Colore unico,,재고 없음
AB07CP24GR19004,IL GUFO,K,AB,JACKET Colore unico,,재고 없음
AB31C9511A00026,MONCLER,K,AB,DOWNJACKET Colore unico,MADE IN MOLDOVA,재고 없음
AB31C9511A00026,MONCLER,K,AB,DOWNJACKET Colore unico,MADE IN MOLDOVA,재고 없음
AL02X6W0J0Z8002,VALENTINO GARAVANI,D,AL,JEWELLERY,MADE IN ITALY,재고 없음
AL02X6W0J0Z8002,VALENTINO GARAVANI,D,AL,JEWELLERY,MADE IN ITALY,재고 없음
AB06XR13W508005,R13,D,AB,DENIM,MADE IN ITALY,재고 없음
AB06XR13W508005,R13,D,AB,DENIM,MADE IN ITALY,재고 없음
AB22C9518A00001,MONCLER,K,AB,T-SHIRT Colore unico,MADE IN TURKEY,재고 없음
AB22C9518A00001,MONCLER,K,AB,T-SHIRT Colore unico,MADE IN TURKEY,재고 없음
AL02X157204X002,TORY BURCH,D,AL,JEWELLERY,MADE IN CHINA,재고 없음
AL02X157204X002,TORY BURCH,D,AL,JEWELLERY,MADE IN CHINA,재고 없음
AB26C9548M00002,MONCLER,K,AB,TRACKSUIT Colore unico,MADE IN PORTUGAL,재고 없음
AB26C9548M00002,MONCLER,K,AB,TRACKSUIT Colore unico,MADE IN PORTUGAL,재고 없음
AB28CS05GDRW004,BONPOINT,K,AB,BABY DRESS Colore unico,MADE IN INDIA,재고 없음
AB28CS05GDRW004,BONPOINT,K,AB,BABY DRESS Colore unico,MADE IN INDIA,재고 없음
AB31CK61314W002,K-WAY,K,AB,DOWNJACKET Colore unico,MADE IN VIETNAM,재고 없음
AB31CK61314W002,K-WAY,K,AB,DOWNJACKET Colore unico,MADE IN VIETNAM,재고 없음
BO01X25US901001,CHLOE',D,BO,LEATHER BAG,MADE IN MADAGASCAR,재고 없음
BO01X25US901001,CHLOE',D,BO,LEATHER BAG,MADE IN MADAGASCAR,재고 없음
AB09XFZDD38X001,FENDI,D,AB,SKIRT,MADE IN ITALY,재고 없음
AB09XFZDD38X001,FENDI,D,AB,SKIRT,MADE IN ITALY,재고 없음
AB01XA0422XX006,PHILOSOPHY,D,AB,DRESS,MADE IN ITALY,재고 없음
AB01XA0422XX006,PHILOSOPHY,D,AB,DRESS,MADE IN ITALY,재고 없음
AB09X157518X001,TORY BURCH,D,AB,SKIRT,MADE IN CHINA,재고 없음
AB09X157518X001,TORY BURCH,D,AB,SKIRT,MADE IN CHINA,재고 없음
AB22XK14018C004,MONCLER X MERCEDES-BENZ BY NIGO,U,AB,T-SHIRT,MADE IN TURKEY,재고 없음
AB22XK14018C004,MONCLER X MERCEDES-BENZ BY NIGO,U,AB,T-SHIRT,MADE IN TURKEY,재고 없음
AB01XA0434XX003,PHILOSOPHY,D,AB,DRESS,MADE IN ITALY,재고 없음
AB01XA0434XX003,PHILOSOPHY,D,AB,DRESS,MADE IN ITALY,재고 없음
AB31C9541A00038,MONCLER,K,AB,DOWNJACKET Colore unico,MADE IN ROMANIA,재고 없음
AB31C9541A00038,MONCLER,K,AB,DOWNJACKET Colore unico,MADE IN ROMANIA,재고 없음
AB04XHT0668F001,ISABEL MARANT,D,AB,SHIRT,,재고 없음
AB04XHT0668F001,ISABEL MARANT,D,AB,SHIRT,,재고 없음
AB31C9541A00041,MONCLER,K,AB,DOWNJACKET Colore unico,,재고 없음
AB31C9541A00041,MONCLER,K,AB,DOWNJACKET Colore unico,,재고 없음
AB22C9548A00002,MONCLER,K,AB,T-SHIRT Colore unico,MADE IN PORTUGAL,재고 없음
AB22C9548A00002,MONCLER,K,AB,T-SHIRT Colore unico,MADE IN PORTUGAL,재고 없음
AB31CJ29511A016,MONCLER,K,AB,DOWNJACKET Colore unico,MADE IN MOLDOVA,재고 없음
AB31CJ29511A016,MONCLER,K,AB,DOWNJACKET Colore unico,MADE IN MOLDOVA,재고 없음
AB11XK2370XX001,GANNI,D,AB,KNITWEAR,MADE IN ROMANIA,재고 없음
AB11XK2370XX001,GANNI,D,AB,KNITWEAR,MADE IN ROMANIA,재고 없음
AB13X777361X001,SAINT LAURENT,U,AB,TROUSERS,MADE IN ITALY,재고 없음
AB13X777361X001,SAINT LAURENT,U,AB,TROUSERS,MADE IN ITALY,재고 없음
AB31C9511A00022,MONCLER,K,AB,DOWNJACKET Colore unico,MADE IN ARMENIA,재고 없음
AB31C9511A00022,MONCLER,K,AB,DOWNJACKET Colore unico,MADE IN ARMENIA,재고 없음
AB27C9518M00004,MONCLER,K,AB,BABY TRACKSUIT Colore unico,MADE IN TURKEY,재고 없음
AB27C9518M00004,MONCLER,K,AB,BABY TRACKSUIT Colore unico,MADE IN TURKEY,재고 없음
AB29CEM00085006,EMPORIO ARMANI,U,AB,POLO Colore unico,MADE IN TURKEY,재고 없음
AB29CEM00085006,EMPORIO ARMANI,U,AB,POLO Colore unico,MADE IN TURKEY,재고 없음
AB28CKS10254003,KONGES SLOJD,K,AB,BABY DRESS,MADE IN CHINA,재고 없음
AB28CKS10254003,KONGES SLOJD,K,AB,BABY DRESS,MADE IN CHINA,재고 없음
AB13CK1S1631001,STONE ISLAND,K,AB,TROUSERS Colore unico,,재고 없음
AB13CK1S1631001,STONE ISLAND,K,AB,TROUSERS Colore unico,,재고 없음
AB31CJ29511A024,MONCLER,K,AB,DOWNJACKET Colore unico,MADE IN BULGARIA,재고 없음
AB31CJ29511A024,MONCLER,K,AB,DOWNJACKET Colore unico,MADE IN BULGARIA,재고 없음
AB27C9518L00001,MONCLER,K,AB,BABY TRACKSUIT Colore unico,MADE IN TURKEY,재고 없음
AB27C9518L00001,MONCLER,K,AB,BABY TRACKSUIT Colore unico,MADE IN TURKEY,재고 없음
AB27C9518M00002,MONCLER,K,AB,BABY TRACKSUIT Colore unico,MADE IN TURKEY,재고 없음
AB27C9518M00002,MONCLER,K,AB,BABY TRACKSUIT Colore unico,MADE IN TURKEY,재고 없음
AB31CJ29541A009,MONCLER,K,AB,DOWNJACKET Colore unico,MADE IN ARMENIA,재고 없음
AB31CJ29541A009,MONCLER,K,AB,DOWNJACKET Colore unico,MADE IN ARMENIA,재고 없음
AB13XCALOREX001,SANTANIELLO,U,AB,TROUSERS,,재고 없음
AB13XCALOREX001,SANTANIELLO,U,AB,TROUSERS,,재고 없음
AB31C9511A00016,MONCLER,K,AB,DOWNJACKET Colore unico,MADE IN ARMENIA,재고 없음
AB31C9511A00016,MONCLER,K,AB,DOWNJACKET Colore unico,MADE IN ARMENIA,재고 없음
AB13CK1S1631008,STONE ISLAND,K,AB,TROUSERS Colore unico,,재고 없음
AB13CK1S1631008,STONE ISLAND,K,AB,TROUSERS Colore unico,,재고 없음
AB31C9541A00006,MONCLER,K,AB,DOWNJACKET Colore unico,MADE IN ROMANIA,재고 없음
AB31C9541A00006,MONCLER,K,AB,DOWNJACKET Colore unico,MADE IN ROMANIA,재고 없음
AB31CJ29541A027,MONCLER,K,AB,DOWNJACKET Colore unico,MADE IN MOLDOVA,재고 없음
AB31CJ29541A027,MONCLER,K,AB,DOWNJACKET Colore unico,MADE IN MOLDOVA,재고 없음
AB13X6B3RB69001,VALENTINO,D,AB,TROUSERS,MADE IN ITALY,재고 없음
AB13X6B3RB69001,VALENTINO,D,AB,TROUSERS,MADE IN ITALY,재고 없음
AB22XA13049X002,DIESEL,U,AB,T-SHIRT,MADE IN INDIA,재고 없음
AB22XA13049X002,DIESEL,U,AB,T-SHIRT,MADE IN INDIA,재고 없음
AB18XIP0205-001,TALBOT RUNHOF,D,AB,TOP,MADE IN GERMANY,재고 없음
AB18XIP0205-001,TALBOT RUNHOF,D,AB,TOP,MADE IN GERMANY,재고 없음
AB31XK1S1541010,STONE ISLAND,U,AB,DOWNJACKET,MADE IN ALBANIA,재고 없음
AB31XK1S1541010,STONE ISLAND,U,AB,DOWNJACKET,MADE IN ALBANIA,재고 없음
AB18XIW5736X001,ADIDAS ORIGINALS,D,AB,TOP,MADE IN TURKEY,재고 없음
AB18XIW5736X001,ADIDAS ORIGINALS,D,AB,TOP,MADE IN TURKEY,재고 없음
AB31C9541A00004,MONCLER,K,AB,DOWNJACKET Colore unico,MADE IN MOLDOVA,재고 없음
AB31C9541A00004,MONCLER,K,AB,DOWNJACKET Colore unico,MADE IN MOLDOVA,재고 없음
AB09XWRFA011002,ETRO,D,AB,SKIRT,MADE IN ITALY,재고 없음
AB09XWRFA011002,ETRO,D,AB,SKIRT,MADE IN ITALY,재고 없음
BO01XSB6WD00023,MM6,D,BO,LEATHER BAG,MADE IN CHINA,재고 없음
BO01XSB6WD00023,MM6,D,BO,LEATHER BAG,MADE IN CHINA,재고 없음
AB31CJ29511A015,MONCLER,K,AB,DOWNJACKET Colore unico,MADE IN SERBIA,재고 없음
AB31CJ29511A015,MONCLER,K,AB,DOWNJACKET Colore unico,MADE IN SERBIA,재고 없음
AB13XS75LB08003,DSQUARED2,D,AB,TROUSERS,MADE IN ITALY,재고 없음
AB13XS75LB08003,DSQUARED2,D,AB,TROUSERS,MADE IN ITALY,재고 없음
AB08XPI0200U001,HERNO,U,AB,VEST,MADE IN ROMANIA,재고 없음
AB08XPI0200U001,HERNO,U,AB,VEST,MADE IN ROMANIA,재고 없음
PP07X6W2P0AK002,VALENTINO GARAVANI,D,PP,WALLET,MADE IN ITALY,재고 없음
PP07X6W2P0AK002,VALENTINO GARAVANI,D,PP,WALLET,MADE IN ITALY,재고 없음
BO01XWP1D002002,ETRO,D,BO,LEATHER BAG,MADE IN ITALY,재고 없음
BO01XWP1D002002,ETRO,D,BO,LEATHER BAG,MADE IN ITALY,재고 없음
AB22XUTS003X006,AMI,U,AB,T-SHIRT,MADE IN PORTUGAL,재고 없음
AB22XUTS003X006,AMI,U,AB,T-SHIRT,MADE IN PORTUGAL,재고 없음
AB13X1032916001,KHAITE,D,AB,TROUSERS,MADE IN U.S.A.,재고 없음
AB13X1032916001,KHAITE,D,AB,TROUSERS,MADE IN U.S.A.,재고 없음
AL02X144706X004,TORY BURCH,D,AL,JEWELLERY,MADE IN CHINA,재고 없음
AL02X144706X004,TORY BURCH,D,AL,JEWELLERY,MADE IN CHINA,재고 없음
BO01XBB7116X023,DOLCE&GABBANA,D,BO,LEATHER BAG,MADE IN ITALY,재고 없음
BO01XBB7116X023,DOLCE&GABBANA,D,BO,LEATHER BAG,MADE IN ITALY,재고 없음
PP07X772643X001,GUCCI,D,PP,WALLET,MADE IN ITALY,재고 없음
PP07X772643X001,GUCCI,D,PP,WALLET,MADE IN ITALY,재고 없음
AL02X796562X001,GUCCI,D,AL,JEWELLERY,MADE IN ITALY,재고 없음
AL02X796562X001,GUCCI,D,AL,JEWELLERY,MADE IN ITALY,재고 없음
AB13XJC8539X001,ADIDAS ORIGINALS,D,AB,TROUSERS,,재고 없음
AB13XJC8539X001,ADIDAS ORIGINALS,D,AB,TROUSERS,,재고 없음
AL25CEX00001003,EMPORIO ARMANI,D,AL,TELO MARE Colore unico,MADE IN PORTUGAL,재고 없음
AL25CEX00001003,EMPORIO ARMANI,D,AL,TELO MARE Colore unico,MADE IN PORTUGAL,재고 없음
AL25CEX00002002,EMPORIO ARMANI,D,AL,TELO MARE Colore unico,,재고 없음
AL25CEX00002002,EMPORIO ARMANI,D,AL,TELO MARE Colore unico,,재고 없음
PP12X396303X001,SAINT LAURENT,U,PP,POUCH,MADE IN ITALY,재고 없음
PP12X396303X001,SAINT LAURENT,U,PP,POUCH,MADE IN ITALY,재고 없음
CA01XDU2630X002,DOUCAL'S,U,CA,LEATHER SOLE,,재고 없음
CA01XDU2630X002,DOUCAL'S,U,CA,LEATHER SOLE,,재고 없음
CA01XA10703X002,DOLCE&GABBANA,U,CA,LEATHER SOLE,MADE IN ITALY,재고 없음
CA01XA10703X002,DOLCE&GABBANA,U,CA,LEATHER SOLE,MADE IN ITALY,재고 없음
AL02XUKR906X001,AMI,D,AL,JEWELLERY,MADE IN CHINA,재고 없음
AL02XUKR906X001,AMI,D,AL,JEWELLERY,MADE IN CHINA,재고 없음
CA01XDU1003Y001,DOUCAL'S,U,CA,LEATHER SOLE,MADE IN ITALY,재고 없음
CA01XDU1003Y001,DOUCAL'S,U,CA,LEATHER SOLE,MADE IN ITALY,재고 없음
AB13X2519181001,MAX MARA S,D,AB,TROUSERS,MADE IN CHINA,재고 없음
AB13X2519181001,MAX MARA S,D,AB,TROUSERS,MADE IN CHINA,재고 없음
CA06X1122553002,UGG,D,CA,FLIP FLOPS,MADE IN VIETNAM,재고 없음
CA06X1122553002,UGG,D,CA,FLIP FLOPS,MADE IN VIETNAM,재고 없음
AB08CK19541A002,MONCLER,K,AB,VEST Colore unico,MADE IN ARMENIA,재고 없음
AB08CK19541A002,MONCLER,K,AB,VEST Colore unico,MADE IN ARMENIA,재고 없음
AB22XA19054X001,DIESEL,D,AB,T-SHIRT,MADE IN BULGARIA,재고 없음
AB22XA19054X001,DIESEL,D,AB,T-SHIRT,MADE IN BULGARIA,재고 없음
AB25XK10931A003,MONCLER,D,AB,WINDBREAKER,MADE IN ARMENIA,재고 없음
AB25XK10931A003,MONCLER,D,AB,WINDBREAKER,MADE IN ARMENIA,재고 없음
PP07X750244X001,BOTTEGA VENETA,D,PP,WALLET,MADE IN ITALY,재고 없음
PP07X750244X001,BOTTEGA VENETA,D,PP,WALLET,MADE IN ITALY,재고 없음
AL04C310-876001,RALPH LAUREN,K,AL,HAT Colore unico,MADE IN INDIA,재고 없음
AL04C310-876001,RALPH LAUREN,K,AL,HAT Colore unico,MADE IN INDIA,재고 없음
AL02X713035X003,FERRAGAMO,D,AL,JEWELLERY,MADE IN ITALY,재고 없음
AL02X713035X003,FERRAGAMO,D,AL,JEWELLERY,MADE IN ITALY,재고 없음
AB13XTRO0026008,LA DOUBLE J,D,AB,TROUSERS,MADE IN ITALY,재고 없음
AB13XTRO0026008,LA DOUBLE J,D,AB,TROUSERS,MADE IN ITALY,재고 없음
AB13XS51LA01004,MAISON MARGIELA,D,AB,TROUSERS,MADE IN ITALY,재고 없음
AB13XS51LA01004,MAISON MARGIELA,D,AB,TROUSERS,MADE IN ITALY,재고 없음
AB09X215424X001,MAGDA BUTRYM,D,AB,SKIRT,MADE IN POLAND,재고 없음
AB09X215424X001,MAGDA BUTRYM,D,AB,SKIRT,MADE IN POLAND,재고 없음
BO01X795208X001,GUCCI,D,BO,LEATHER BAG,MADE IN ITALY,재고 없음
BO01X795208X001,GUCCI,D,BO,LEATHER BAG,MADE IN ITALY,재고 없음
AB03XK1S15B1005,STONE ISLAND,U,AB,SHORT,MADE IN INDONESIA,재고 없음
AB03XK1S15B1005,STONE ISLAND,U,AB,SHORT,MADE IN INDONESIA,재고 없음
AB22CC20478_001,CHLOE',K,AB,T-SHIRT Colore unico,MADE IN TUNISIA,재고 없음
AB22CC20478_001,CHLOE',K,AB,T-SHIRT Colore unico,MADE IN TUNISIA,재고 없음
AB22CK19548C017,MONCLER,K,AB,T-SHIRT Colore unico,MADE IN PORTUGAL,재고 없음
AB22CK19548C017,MONCLER,K,AB,T-SHIRT Colore unico,MADE IN PORTUGAL,재고 없음
AB22C820889X001,GUCCI,K,AB,T-SHIRT Colore unico,MADE IN ITALY,재고 없음
AB22C820889X001,GUCCI,K,AB,T-SHIRT Colore unico,MADE IN ITALY,재고 없음
AB22XOMAA120036,OFF WHITE,U,AB,T-SHIRT,MADE IN PORTUGAL,재고 없음
AB22XOMAA120036,OFF WHITE,U,AB,T-SHIRT,MADE IN PORTUGAL,재고 없음
CA03XHXW6300005,HOGAN,D,CA,SNEAKERS,MADE IN ITALY,재고 없음
CA03XHXW6300005,HOGAN,D,CA,SNEAKERS,MADE IN ITALY,재고 없음
AB29XCOPJS11001,COPERNI,D,AB,POLO,MADE IN PORTUGAL,재고 없음
AB29XCOPJS11001,COPERNI,D,AB,POLO,MADE IN PORTUGAL,재고 없음
BO01X161913X001,TORY BURCH,D,BO,LEATHER BAG,MADE IN VIETNAM,재고 없음
BO01X161913X001,TORY BURCH,D,BO,LEATHER BAG,MADE IN VIETNAM,재고 없음
AB31XLTAT24A018,TATRAS,D,AB,DOWNJACKET,MADE IN POLAND,재고 없음
AB31XLTAT24A018,TATRAS,D,AB,DOWNJACKET,MADE IN POLAND,재고 없음
AB03CM01329X002,MARNI,K,AB,SHORT Colore unico,MADE IN BULGARIA,재고 없음
AB03CM01329X002,MARNI,K,AB,SHORT Colore unico,MADE IN BULGARIA,재고 없음
AL04CKS10250002,KONGES SLOJD,K,AL,HAT,MADE IN CHINA,재고 없음
AL04CKS10250002,KONGES SLOJD,K,AL,HAT,MADE IN CHINA,재고 없음
BO01X251BA41004,JACQUEMUS,D,BO,LEATHER BAG,MADE IN ITALY,재고 없음
BO01X251BA41004,JACQUEMUS,D,BO,LEATHER BAG,MADE IN ITALY,재고 없음
BO01X34178XX003,LONGCHAMP,D,BO,LEATHER BAG,MADE IN TUNISIA,재고 없음
BO01X34178XX003,LONGCHAMP,D,BO,LEATHER BAG,MADE IN TUNISIA,재고 없음
AB31CJ29511A022,MONCLER,K,AB,DOWNJACKET Colore unico,MADE IN ITALY,재고 없음
AB31CJ29511A022,MONCLER,K,AB,DOWNJACKET Colore unico,MADE IN ITALY,재고 없음
AB23XAMJYHD1002,AMIRI,U,AB,2000029998478,MADE IN ITALY,재고 없음
AB23XAMJYHD1002,AMIRI,U,AB,2000029998478,MADE IN ITALY,재고 없음
AL12X783157X001,GUCCI,D,AL,WOMEN SILK,MADE IN ITALY,재고 없음
AL12X783157X001,GUCCI,D,AL,WOMEN SILK,MADE IN ITALY,재고 없음
BO01X725282X001,GUCCI,U,BO,travel bag,MADE IN ITALY,재고 없음
BO01X725282X001,GUCCI,U,BO,travel bag,MADE IN ITALY,재고 없음
AB09XJU0146F003,ISABEL MARANT ETOILE,D,AB,SKIRT,MADE IN PORTUGAL,재고 없음
AB09XJU0146F003,ISABEL MARANT ETOILE,D,AB,SKIRT,MADE IN PORTUGAL,재고 없음
AB18XA15703X004,DIESEL,D,AB,TOP,MADE IN CHINA,재고 없음
AB18XA15703X004,DIESEL,D,AB,TOP,MADE IN CHINA,재고 없음
AB31XBG25160001,BUTTER GOODS,U,AB,DOWNJACKET,,재고 없음
AB31XBG25160001,BUTTER GOODS,U,AB,DOWNJACKET,,재고 없음
AB13X22MC000009,OBEY,U,AB,TROUSERS,MADE IN CHINA,재고 없음
AB13X22MC000009,OBEY,U,AB,TROUSERS,MADE IN CHINA,재고 없음
AB26XHEW1003001,HAIKURE,D,AB,TRACKSUIT,MADE IN ITALY,재고 없음
AB26XHEW1003001,HAIKURE,D,AB,TRACKSUIT,MADE IN ITALY,재고 없음
BO01X700073X046,STELLA MCCARTNEY,D,BO,LEATHER BAG,MADE IN ITALY,재고 없음
BO01X700073X046,STELLA MCCARTNEY,D,BO,LEATHER BAG,MADE IN ITALY,재고 없음
AB29XCOPJS11002,COPERNI,D,AB,POLO,MADE IN PORTUGAL,재고 없음
AB29XCOPJS11002,COPERNI,D,AB,POLO,MADE IN PORTUGAL,재고 없음
AB31XFREYA-S002,MACKAGE,D,AB,DOWNJACKET,MADE IN VIETNAM,재고 없음
AB31XFREYA-S002,MACKAGE,D,AB,DOWNJACKET,MADE IN VIETNAM,재고 없음
BO01X100053X019,PINKO,D,BO,LEATHER BAG,MADE IN CHINA,재고 없음
BO01X100053X019,PINKO,D,BO,LEATHER BAG,MADE IN CHINA,재고 없음
PP12X396307X001,SAINT LAURENT,U,PP,POUCH,MADE IN ITALY,재고 없음
PP12X396307X001,SAINT LAURENT,U,PP,POUCH,MADE IN ITALY,재고 없음
BO01X068010X008,ZANELLATO,D,BO,LEATHER BAG,MADE IN ITALY,재고 없음
BO01X068010X008,ZANELLATO,D,BO,LEATHER BAG,MADE IN ITALY,재고 없음
CA03X1203A45002,ASICS BY KIKO KOSTADINOV,U,CA,SNEAKERS,MADE IN CAMBOGIA,재고 없음
CA03X1203A45002,ASICS BY KIKO KOSTADINOV,U,CA,SNEAKERS,MADE IN CAMBOGIA,재고 없음
AB31XK10931A019,MONCLER,D,AB,DOWNJACKET,MADE IN ARMENIA,재고 없음
AB31XK10931A019,MONCLER,D,AB,DOWNJACKET,MADE IN ARMENIA,재고 없음
BO01X165386X001,TORY BURCH,D,BO,LEATHER BAG,MADE IN CHINA,재고 없음
BO01X165386X001,TORY BURCH,D,BO,LEATHER BAG,MADE IN CHINA,재고 없음
CA01XA10597X002,DOLCE&GABBANA,U,CA,LEATHER SOLE,MADE IN ITALY,재고 없음
CA01XA10597X002,DOLCE&GABBANA,U,CA,LEATHER SOLE,MADE IN ITALY,재고 없음
AB31XPI00194003,HERNO,D,AB,DOWNJACKET,MADE IN ARMENIA,재고 없음
AB31XPI00194003,HERNO,D,AB,DOWNJACKET,MADE IN ARMENIA,재고 없음
AB23XBG25130001,BUTTER GOODS,U,AB,SWEATSHIRT,,재고 없음
AB23XBG25130001,BUTTER GOODS,U,AB,SWEATSHIRT,,재고 없음
AB22XT4061XX001,GANNI,D,AB,T-SHIRT,MADE IN PORTUGAL,재고 없음
AB22XT4061XX001,GANNI,D,AB,T-SHIRT,MADE IN PORTUGAL,재고 없음
BO01X6W2B0R1003,VALENTINO GARAVANI,D,BO,LEATHER BAG,MADE IN ITALY,재고 없음
BO01X6W2B0R1003,VALENTINO GARAVANI,D,BO,LEATHER BAG,MADE IN ITALY,재고 없음
AB22COBAA002036,OFF WHITE,K,AB,T-SHIRT Colore unico,MADE IN PORTUGAL,재고 없음
AB22COBAA002036,OFF WHITE,K,AB,T-SHIRT Colore unico,MADE IN PORTUGAL,재고 없음
AB22X245JS21008,JACQUEMUS,U,AB,T-SHIRT,MADE IN PORTUGAL,재고 없음
AB22X245JS21008,JACQUEMUS,U,AB,T-SHIRT,MADE IN PORTUGAL,재고 없음
AB22X225JTS2002,COURREGES,D,AB,T-SHIRT,MADE IN PORTUGAL,재고 없음
AB22X225JTS2002,COURREGES,D,AB,T-SHIRT,MADE IN PORTUGAL,재고 없음
AB22C576871X010,GUCCI,K,AB,T-SHIRT Colore unico,MADE IN ITALY,재고 없음
AB22C576871X010,GUCCI,K,AB,T-SHIRT Colore unico,MADE IN ITALY,재고 없음
AB22CB125AC0002,BOBO CHOSES,K,AB,T-SHIRT Colore unico,MADE IN PORTUGAL,재고 없음
AB22CB125AC0002,BOBO CHOSES,K,AB,T-SHIRT Colore unico,MADE IN PORTUGAL,재고 없음
BO01XLW05104006,MAISON KITSUNE,U,BO,LEATHER BAG,MADE IN CHINA,재고 없음
BO01XLW05104006,MAISON KITSUNE,U,BO,LEATHER BAG,MADE IN CHINA,재고 없음
AB22X788093X003,GUCCI,D,AB,T-SHIRT,MADE IN ITALY,재고 없음
AB22X788093X003,GUCCI,D,AB,T-SHIRT,MADE IN ITALY,재고 없음
AB27CKS10229001,KONGES SLOJD,K,AB,BABY TRACKSUIT,MADE IN CHINA,재고 없음
AB27CKS10229001,KONGES SLOJD,K,AB,BABY TRACKSUIT,MADE IN CHINA,재고 없음
AB24XK10938G001,MONCLER,D,AB,CARDIGAN,MADE IN PORTUGAL,재고 없음
AB24XK10938G001,MONCLER,D,AB,CARDIGAN,MADE IN PORTUGAL,재고 없음
AB22CP25TS47003,IL GUFO,K,AB,T-SHIRT Colore unico,MADE IN ITALY,재고 없음
AB22CP25TS47003,IL GUFO,K,AB,T-SHIRT Colore unico,MADE IN ITALY,재고 없음
PP02CY4S427X003,EMPORIO ARMANI,U,PP,BELT Colore unico,MADE IN ITALY,재고 없음
PP02CY4S427X003,EMPORIO ARMANI,U,PP,BELT Colore unico,MADE IN ITALY,재고 없음
AB25XK10931A008,MONCLER,D,AB,WINDBREAKER,MADE IN ROMANIA,재고 없음
AB25XK10931A008,MONCLER,D,AB,WINDBREAKER,MADE IN ROMANIA,재고 없음
AB22XK1S1521006,STONE ISLAND,U,AB,T-SHIRT,MADE IN TUNISIA,재고 없음
AB22XK1S1521006,STONE ISLAND,U,AB,T-SHIRT,MADE IN TUNISIA,재고 없음
AB03XS74MU08002,DSQUARED2,U,AB,SHORT,MADE IN ITALY,재고 없음
AB03XS74MU08002,DSQUARED2,U,AB,SHORT,MADE IN ITALY,재고 없음
AB07X18CMOW1001,CP COMPANY,U,AB,JACKET,MADE IN ROMANIA,재고 없음
AB07X18CMOW1001,CP COMPANY,U,AB,JACKET,MADE IN ROMANIA,재고 없음
AB11X6B3MG24001,VALENTINO,D,AB,KNITWEAR,MADE IN ITALY,재고 없음
AB11X6B3MG24001,VALENTINO,D,AB,KNITWEAR,MADE IN ITALY,재고 없음
AB28CP25VM78006,IL GUFO,K,AB,BABY DRESS Colore unico,MADE IN MAROCCO,재고 없음
AB28CP25VM78006,IL GUFO,K,AB,BABY DRESS Colore unico,MADE IN MAROCCO,재고 없음
AB22X255JS31001,JACQUEMUS,U,AB,T-SHIRT,MADE IN PORTUGAL,재고 없음
AB22X255JS31001,JACQUEMUS,U,AB,T-SHIRT,MADE IN PORTUGAL,재고 없음
AL02X53423XX006,TORY BURCH,D,AL,JEWELLERY,MADE IN CHINA,재고 없음
AL02X53423XX006,TORY BURCH,D,AL,JEWELLERY,MADE IN CHINA,재고 없음
AB31XBG24320001,BUTTER GOODS,U,AB,DOWNJACKET,,재고 없음
AB31XBG24320001,BUTTER GOODS,U,AB,DOWNJACKET,,재고 없음
AB22XS52GC03005,MM6 X SALOMON,D,AB,T-SHIRT,,재고 없음
AB22XS52GC03005,MM6 X SALOMON,D,AB,T-SHIRT,,재고 없음
AB31XK14011A004,MONCLER X MERCEDES-BENZ BY NIGO,U,AB,DOWNJACKET,MADE IN ROMANIA,재고 없음
AB31XK14011A004,MONCLER X MERCEDES-BENZ BY NIGO,U,AB,DOWNJACKET,MADE IN ROMANIA,재고 없음
BO01X068010_014,ZANELLATO,D,BO,LEATHER BAG,MADE IN ITALY,재고 없음
BO01X068010_014,ZANELLATO,D,BO,LEATHER BAG,MADE IN ITALY,재고 없음
AB28CKS10228001,KONGES SLOJD,K,AB,BABY DRESS,MADE IN CHINA,재고 없음
AB28CKS10228001,KONGES SLOJD,K,AB,BABY DRESS,MADE IN CHINA,재고 없음
AL03XNF0A882005,THE NORTH FACE,U,AL,SOCKS,MADE IN TURKEY,재고 없음
AL03XNF0A882005,THE NORTH FACE,U,AL,SOCKS,MADE IN TURKEY,재고 없음
AB28CKS10316002,KONGES SLOJD,K,AB,BABY DRESS,MADE IN CHINA,재고 없음
AB28CKS10316002,KONGES SLOJD,K,AB,BABY DRESS,MADE IN CHINA,재고 없음
AL04XK1S1591002,STONE ISLAND,U,AL,HAT,MADE IN CHINA,재고 없음
AL04XK1S1591002,STONE ISLAND,U,AL,HAT,MADE IN CHINA,재고 없음
AB31X250WCB0001,THE ATTICO,D,AB,DOWNJACKET,MADE IN ROMANIA,재고 없음
AB31X250WCB0001,THE ATTICO,D,AB,DOWNJACKET,MADE IN ROMANIA,재고 없음
AB31XMTAT24A007,TATRAS,U,AB,2000030157772,MADE IN POLAND,재고 없음
AB31XMTAT24A007,TATRAS,U,AB,2000030157772,MADE IN POLAND,재고 없음
AL04XSS25-21002,ARTE,U,AL,HAT,MADE IN CHINA,재고 없음
AL04XSS25-21002,ARTE,U,AL,HAT,MADE IN CHINA,재고 없음
AB22XNF0A87D003,THE NORTH FACE,U,AB,T-SHIRT,MADE IN MACEDONIA,재고 없음
AB22XNF0A87D003,THE NORTH FACE,U,AB,T-SHIRT,MADE IN MACEDONIA,재고 없음
AL04XUCP116X003,AMI,D,AL,HAT,MADE IN ITALY,재고 없음
AL04XUCP116X003,AMI,D,AL,HAT,MADE IN ITALY,재고 없음
BO01XXBWAPAE017,TODS,D,BO,LEATHER BAG,MADE IN ITALY,재고 없음
BO01XXBWAPAE017,TODS,D,BO,LEATHER BAG,MADE IN ITALY,재고 없음
AB31X250WCB0002,THE ATTICO,D,AB,DOWNJACKET,MADE IN ITALY,재고 없음
AB31X250WCB0002,THE ATTICO,D,AB,DOWNJACKET,MADE IN ITALY,재고 없음
AB31XK10931A016,MONCLER,D,AB,DOWNJACKET,MADE IN ROMANIA,재고 없음
AB31XK10931A016,MONCLER,D,AB,DOWNJACKET,MADE IN ROMANIA,재고 없음
AB01X25UHT59001,CHLOE',D,AB,DRESS,,재고 없음
AB01X25UHT59001,CHLOE',D,AB,DRESS,,재고 없음
AB01XA0413XX007,PHILOSOPHY,D,AB,DRESS,MADE IN HUNGARY,재고 없음
AB01XA0413XX007,PHILOSOPHY,D,AB,DRESS,MADE IN HUNGARY,재고 없음
AB13CEW00156001,EMPORIO ARMANI,D,AB,TROUSERS Colore unico,,재고 없음
AB13CEW00156001,EMPORIO ARMANI,D,AB,TROUSERS Colore unico,,재고 없음
AB18XF79DETX001,DOLCE&GABBANA,D,AB,TOP,MADE IN ITALY,재고 없음
AB18XF79DETX001,DOLCE&GABBANA,D,AB,TOP,MADE IN ITALY,재고 없음
AB23CK1S1661022,STONE ISLAND,K,AB,SWEATSHIRT Colore unico,MADE IN TUNISIA,재고 없음
AB23CK1S1661022,STONE ISLAND,K,AB,SWEATSHIRT Colore unico,MADE IN TUNISIA,재고 없음
BO01X25US902001,CHLOE',D,BO,LEATHER BAG,MADE IN MADAGASCAR,재고 없음
BO01X25US902001,CHLOE',D,BO,LEATHER BAG,MADE IN MADAGASCAR,재고 없음
AB21CEM00197001,EMPORIO ARMANI,U,AB,SUIT Colore unico,,재고 없음
AB21CEM00197001,EMPORIO ARMANI,U,AB,SUIT Colore unico,,재고 없음
BO01X154706X007,TORY BURCH,D,BO,LEATHER BAG,MADE IN CHINA,재고 없음
BO01X154706X007,TORY BURCH,D,BO,LEATHER BAG,MADE IN CHINA,재고 없음
AB13CKS10228002,KONGES SLOJD,K,AB,TROUSERS,MADE IN CHINA,재고 없음
AB13CKS10228002,KONGES SLOJD,K,AB,TROUSERS,MADE IN CHINA,재고 없음
AB22XLM00110009,MAISON KITSUNE,U,AB,T-SHIRT,MADE IN PORTUGAL,재고 없음
AB22XLM00110009,MAISON KITSUNE,U,AB,T-SHIRT,MADE IN PORTUGAL,재고 없음
AB07XEBD19XX006,BLAZE,D,AB,JACKET,MADE IN ITALY,재고 없음
AB07XEBD19XX006,BLAZE,D,AB,JACKET,MADE IN ITALY,재고 없음
AB07XT153001002,THE ANDAMANE,D,AB,JACKET,MADE IN ITALY,재고 없음
AB07XT153001002,THE ANDAMANE,D,AB,JACKET,MADE IN ITALY,재고 없음
AB12XNF0A88X001,THE NORTH FACE,U,AB,OUTERWEAR,MADE IN VIETNAM,재고 없음
AB12XNF0A88X001,THE NORTH FACE,U,AB,OUTERWEAR,MADE IN VIETNAM,재고 없음
AB01XCHC24UR001,CHLOE',D,AB,DRESS,MADE IN FRANCE,재고 없음
AB01XCHC24UR001,CHLOE',D,AB,DRESS,MADE IN FRANCE,재고 없음
BO01X100061X020,PINKO,D,BO,LEATHER BAG,MADE IN CHINA,재고 없음
BO01X100061X020,PINKO,D,BO,LEATHER BAG,MADE IN CHINA,재고 없음
BO01X8BS017X004,FENDI,D,BO,LEATHER BAG,MADE IN ITALY,재고 없음
BO01X8BS017X004,FENDI,D,BO,LEATHER BAG,MADE IN ITALY,재고 없음
AB04X264424X001,MAGDA BUTRYM,D,AB,SHIRT,MADE IN POLAND,재고 없음
AB04X264424X001,MAGDA BUTRYM,D,AB,SHIRT,MADE IN POLAND,재고 없음
AB04X18CMSH1001,CP COMPANY,U,AB,SHIRT,MADE IN TUNISIA,재고 없음
AB04X18CMSH1001,CP COMPANY,U,AB,SHIRT,MADE IN TUNISIA,재고 없음
AL11X8037017011,BURBERRY,D,AL,SCARF,MADE IN ITALY,재고 없음
AL11X8037017011,BURBERRY,D,AL,SCARF,MADE IN ITALY,재고 없음
AB11XB9D0037001,AMARANTO,U,AB,KNITWEAR,MADE IN ITALY,재고 없음
AB11XB9D0037001,AMARANTO,U,AB,KNITWEAR,MADE IN ITALY,재고 없음
AB13XGWP0120007,GOLDEN GOOSE,D,AB,TROUSERS,MADE IN ITALY,재고 없음
AB13XGWP0120007,GOLDEN GOOSE,D,AB,TROUSERS,MADE IN ITALY,재고 없음
BO01X000148X002,WANDLER,D,BO,LEATHER BAG,MADE IN ITALY,재고 없음
BO01X000148X002,WANDLER,D,BO,LEATHER BAG,MADE IN ITALY,재고 없음
AB25CK1S1641001,STONE ISLAND,K,AB,WINDBREAKER Colore unico,MADE IN INDONESIA,재고 없음
AB25CK1S1641001,STONE ISLAND,K,AB,WINDBREAKER Colore unico,MADE IN INDONESIA,재고 없음
AB13XJJ0943X001,ADIDAS ORIGINALS,D,AB,TROUSERS,,재고 없음
AB13XJJ0943X001,ADIDAS ORIGINALS,D,AB,TROUSERS,,재고 없음
AB11X22MC000002,OBEY,U,AB,KNITWEAR,MADE IN CHINA,재고 없음
AB11X22MC000002,OBEY,U,AB,KNITWEAR,MADE IN CHINA,재고 없음
BO01X8BS105X002,FENDI,D,BO,LEATHER BAG,MADE IN ITALY,재고 없음
BO01X8BS105X002,FENDI,D,BO,LEATHER BAG,MADE IN ITALY,재고 없음
BO02X167752X001,TORY BURCH,D,BO,FABRIC BAG,MADE IN CHINA,재고 없음
BO02X167752X001,TORY BURCH,D,BO,FABRIC BAG,MADE IN CHINA,재고 없음
AB03X18CMBE1001,CP COMPANY,U,AB,SHORT,MADE IN TUNISIA,재고 없음
AB03X18CMBE1001,CP COMPANY,U,AB,SHORT,MADE IN TUNISIA,재고 없음
BO01XL1512XX019,LONGCHAMP,D,BO,LEATHER BAG,MADE IN ROMANIA,재고 없음
BO01XL1512XX019,LONGCHAMP,D,BO,LEATHER BAG,MADE IN ROMANIA,재고 없음
BO01X25US902003,CHLOE',D,BO,LEATHER BAG,MADE IN MADAGASCAR,재고 없음
BO01X25US902003,CHLOE',D,BO,LEATHER BAG,MADE IN MADAGASCAR,재고 없음
BO01X104550X001,PINKO,D,BO,LEATHER BAG,MADE IN CHINA,재고 없음
BO01X104550X001,PINKO,D,BO,LEATHER BAG,MADE IN CHINA,재고 없음
AB03C7M00032002,EA7,U,AB,SHORT Colore unico,MADE IN CAMBOGIA,재고 없음
AB03C7M00032002,EA7,U,AB,SHORT Colore unico,MADE IN CAMBOGIA,재고 없음
AB01X8066DR2002,ZIMMERMANN,D,AB,DRESS,MADE IN CHINA,재고 없음
AB01X8066DR2002,ZIMMERMANN,D,AB,DRESS,MADE IN CHINA,재고 없음
AB05XARTURO1001,MAX MARA,D,AB,COAT,,재고 없음
AB05XARTURO1001,MAX MARA,D,AB,COAT,,재고 없음
AB13CEM00186001,EMPORIO ARMANI,U,AB,TROUSERS Colore unico,,재고 없음
AB13CEM00186001,EMPORIO ARMANI,U,AB,TROUSERS Colore unico,,재고 없음
BO01X4B01000013,VIVIENNE WESTWOOD,D,BO,LEATHER BAG,MADE IN ALBANIA,재고 없음
BO01X4B01000013,VIVIENNE WESTWOOD,D,BO,LEATHER BAG,MADE IN ALBANIA,재고 없음
AB03XMM01121005,MAISON KITSUNE,U,AB,SHORT,MADE IN PORTUGAL,재고 없음
AB03XMM01121005,MAISON KITSUNE,U,AB,SHORT,MADE IN PORTUGAL,재고 없음
AB13XHANGARX001,MAX MARA,D,AB,TROUSERS,MADE IN ITALY,재고 없음
AB13XHANGARX001,MAX MARA,D,AB,TROUSERS,MADE IN ITALY,재고 없음
AB04XOM00424001,MAISON KITSUNE,U,AB,SHIRT,MADE IN PORTUGAL,재고 없음
AB04XOM00424001,MAISON KITSUNE,U,AB,SHIRT,MADE IN PORTUGAL,재고 없음
BO01XC25SS81001,CHLOE',D,BO,LEATHER BAG,MADE IN ITALY,재고 없음
BO01XC25SS81001,CHLOE',D,BO,LEATHER BAG,MADE IN ITALY,재고 없음
AB09XJ03MA02001,JIL SANDER,D,AB,SKIRT,MADE IN ITALY,재고 없음
AB09XJ03MA02001,JIL SANDER,D,AB,SKIRT,MADE IN ITALY,재고 없음
AB04XCH0177F001,ISABEL MARANT,D,AB,SHIRT,MADE IN PORTUGAL,재고 없음
AB04XCH0177F001,ISABEL MARANT,D,AB,SHIRT,MADE IN PORTUGAL,재고 없음
AB01X13431XX001,AGUA BY AGUA BENDITA,D,AB,DRESS,MADE IN EXTRA UE,재고 없음
AB01X13431XX001,AGUA BY AGUA BENDITA,D,AB,DRESS,MADE IN EXTRA UE,재고 없음
AB01CM01299X001,MARNI,K,AB,DRESS Colore unico,MADE IN TURKEY,재고 없음
AB01CM01299X001,MARNI,K,AB,DRESS Colore unico,MADE IN TURKEY,재고 없음
AB22X2511361001,MAX MARA,D,AB,T-SHIRT,MADE IN ROMANIA,재고 없음
AB22X2511361001,MAX MARA,D,AB,T-SHIRT,MADE IN ROMANIA,재고 없음
AB31CK19511A013,MONCLER,K,AB,DOWNJACKET Colore unico,MADE IN ARMENIA,재고 없음
AB31CK19511A013,MONCLER,K,AB,DOWNJACKET Colore unico,MADE IN ARMENIA,재고 없음
AB01XFOOTING001,MAX MARA,D,AB,DRESS,MADE IN ITALY,재고 없음
AB01XFOOTING001,MAX MARA,D,AB,DRESS,MADE IN ITALY,재고 없음
BO01XM001616023,MARC JACOBS,D,BO,LEATHER BAG,MADE IN VIETNAM,재고 없음
BO01XM001616023,MARC JACOBS,D,BO,LEATHER BAG,MADE IN VIETNAM,재고 없음
AB11XB2P010X004,BALLANTYNE,U,AB,KNITWEAR,MADE IN SCOTLAND,재고 없음
AB11XB2P010X004,BALLANTYNE,U,AB,KNITWEAR,MADE IN SCOTLAND,재고 없음
AB09XSK064XX001,PATOU,D,AB,SKIRT,MADE IN POLAND,재고 없음
AB09XSK064XX001,PATOU,D,AB,SKIRT,MADE IN POLAND,재고 없음
AB22XGWP0187001,GOLDEN GOOSE,D,AB,T-SHIRT,MADE IN ITALY,재고 없음
AB22XGWP0187001,GOLDEN GOOSE,D,AB,T-SHIRT,MADE IN ITALY,재고 없음
BO01X5S24XXX001,JW PEI,D,BO,LEATHER BAG,MADE IN CHINA,재고 없음
BO01X5S24XXX001,JW PEI,D,BO,LEATHER BAG,MADE IN CHINA,재고 없음
BO01XM001616022,MARC JACOBS,D,BO,LEATHER BAG,MADE IN VIETNAM,재고 없음
BO01XM001616022,MARC JACOBS,D,BO,LEATHER BAG,MADE IN VIETNAM,재고 없음
AB22XLM00104016,MAISON KITSUNE,U,AB,T-SHIRT,MADE IN PORTUGAL,재고 없음
AB22XLM00104016,MAISON KITSUNE,U,AB,T-SHIRT,MADE IN PORTUGAL,재고 없음
AB04XF4844XX001,FORET,U,AB,SHIRT,MADE IN PORTUGAL,재고 없음
AB04XF4844XX001,FORET,U,AB,SHIRT,MADE IN PORTUGAL,재고 없음
AB04CP25CC10004,IL GUFO,K,AB,SHIRT Colore unico,MADE IN ITALY,재고 없음
AB04CP25CC10004,IL GUFO,K,AB,SHIRT Colore unico,MADE IN ITALY,재고 없음
AB31XK1S1541012,STONE ISLAND,U,AB,DOWNJACKET,,재고 없음
AB31XK1S1541012,STONE ISLAND,U,AB,DOWNJACKET,,재고 없음
AB10X18CMTS1011,CP COMPANY,U,AB,JERSEY,MADE IN MOLDOVA,재고 없음
AB10X18CMTS1011,CP COMPANY,U,AB,JERSEY,MADE IN MOLDOVA,재고 없음
CA03XC25S07X002,CHLOE',D,CA,SNEAKERS,MADE IN VIETNAM,재고 없음
CA03XC25S07X002,CHLOE',D,CA,SNEAKERS,MADE IN VIETNAM,재고 없음
AB09X3WHNN08001,GIORGIO ARMANI,D,AB,SKIRT,MADE IN ITALY,재고 없음
AB09X3WHNN08001,GIORGIO ARMANI,D,AB,SKIRT,MADE IN ITALY,재고 없음
AL02X554504X014,ALEXANDER MCQUEEN,U,AL,JEWELLERY,MADE IN ITALY,재고 없음
AL02X554504X014,ALEXANDER MCQUEEN,U,AL,JEWELLERY,MADE IN ITALY,재고 없음
AL02X554588X003,ALEXANDER MCQUEEN,U,AL,JEWELLERY,MADE IN ITALY,재고 없음
AL02X554588X003,ALEXANDER MCQUEEN,U,AL,JEWELLERY,MADE IN ITALY,재고 없음
BO01X1C131XX001,JW PEI,D,BO,LEATHER BAG,MADE IN CHINA,재고 없음
BO01X1C131XX001,JW PEI,D,BO,LEATHER BAG,MADE IN CHINA,재고 없음
AB04XUSH171X001,AMI,U,AB,SHIRT,MADE IN POLAND,재고 없음
AB04XUSH171X001,AMI,U,AB,SHIRT,MADE IN POLAND,재고 없음
CA06XBH301TX002,GIVENCHY,U,CA,FLIP FLOPS,MADE IN ITALY,재고 없음
CA06XBH301TX002,GIVENCHY,U,CA,FLIP FLOPS,MADE IN ITALY,재고 없음
BO09X155038X001,TORY BURCH,D,BO,POUCH BAG,MADE IN INDIA,재고 없음
BO09X155038X001,TORY BURCH,D,BO,POUCH BAG,MADE IN INDIA,재고 없음
AB31XK10931A017,MONCLER,D,AB,DOWNJACKET,MADE IN ROMANIA,재고 없음
AB31XK10931A017,MONCLER,D,AB,DOWNJACKET,MADE IN ROMANIA,재고 없음
CA03X1203A38007,ASICS,U,CA,SNEAKERS,MADE IN VIETNAM,재고 없음
CA03X1203A38007,ASICS,U,CA,SNEAKERS,MADE IN VIETNAM,재고 없음
AB18XF7W98DX001,DOLCE&GABBANA,D,AB,TOP,MADE IN ITALY,재고 없음
AB18XF7W98DX001,DOLCE&GABBANA,D,AB,TOP,MADE IN ITALY,재고 없음
BO09XS35WB00001,MAISON MARGIELA,U,BO,POUCH BAG,MADE IN ITALY,재고 없음
BO09XS35WB00001,MAISON MARGIELA,U,BO,POUCH BAG,MADE IN ITALY,재고 없음
CA03XHXM6300002,HOGAN,U,CA,SNEAKERS,MADE IN ITALY,재고 없음
CA03XHXM6300002,HOGAN,U,CA,SNEAKERS,MADE IN ITALY,재고 없음
BO01XTMSR25B006,THEMOIRE,D,BO,LEATHER BAG,MADE IN ITALY,재고 없음
BO01XTMSR25B006,THEMOIRE,D,BO,LEATHER BAG,MADE IN ITALY,재고 없음
BO01X25ESS04001,RABANNE,D,BO,LEATHER BAG,MADE IN HUNGARY,재고 없음
BO01X25ESS04001,RABANNE,D,BO,LEATHER BAG,MADE IN HUNGARY,재고 없음
AB13XWW23DPA001,FRAME DENIM,D,AB,TROUSERS,MADE IN PARAGUAY,재고 없음
AB13XWW23DPA001,FRAME DENIM,D,AB,TROUSERS,MADE IN PARAGUAY,재고 없음
AL04X2514571003,MAX MARA,D,AL,HAT,MADE IN ITALY,재고 없음
AL04X2514571003,MAX MARA,D,AL,HAT,MADE IN ITALY,재고 없음
CA05X816470X001,GUCCI,U,CA,SANDALS,,재고 없음
CA05X816470X001,GUCCI,U,CA,SANDALS,,재고 없음
CA07XH36N0X001,MANEBI,D,CA,FLAT SHOES,MADE IN SPAIN,재고 없음
CA07XH36N0X001,MANEBI,D,CA,FLAT SHOES,MADE IN SPAIN,재고 없음
AB18XD311572001,P.A.R.O.S.H.,D,AB,TOP,MADE IN CHINA,재고 없음
AB18XD311572001,P.A.R.O.S.H.,D,AB,TOP,MADE IN CHINA,재고 없음
BO01X161943X001,TORY BURCH,D,BO,LEATHER BAG,MADE IN PHILIPPINES,재고 없음
BO01X161943X001,TORY BURCH,D,BO,LEATHER BAG,MADE IN PHILIPPINES,재고 없음
CA03XL478014001,SALOMON,U,CA,SNEAKERS,MADE IN VIETNAM,재고 없음
CA03XL478014001,SALOMON,U,CA,SNEAKERS,MADE IN VIETNAM,재고 없음
AL02XSM6UQ00001,MM6,D,AL,JEWELLERY,MADE IN ITALY,재고 없음
AL02XSM6UQ00001,MM6,D,AL,JEWELLERY,MADE IN ITALY,재고 없음
CA02XXXM59K0007,TODS,U,CA,RUBBER SOLE,MADE IN ITALY,재고 없음
CA02XXXM59K0007,TODS,U,CA,RUBBER SOLE,MADE IN ITALY,재고 없음
AB13X8081401001,BURBERRY,D,AB,TROUSERS,MADE IN POLAND,재고 없음
AB13X8081401001,BURBERRY,D,AB,TROUSERS,MADE IN POLAND,재고 없음
AB22COGAA019004,OFF WHITE,K,AB,T-SHIRT Colore unico,MADE IN PORTUGAL,재고 없음
AB22COGAA019004,OFF WHITE,K,AB,T-SHIRT Colore unico,MADE IN PORTUGAL,재고 없음
AB22CS05GTSK002,BONPOINT,K,AB,T-SHIRT Colore unico,MADE IN INDIA,재고 없음
AB22CS05GTSK002,BONPOINT,K,AB,T-SHIRT Colore unico,MADE IN INDIA,재고 없음
AB22X255JS32001,JACQUEMUS,U,AB,T-SHIRT,MADE IN PORTUGAL,재고 없음
AB22X255JS32001,JACQUEMUS,U,AB,T-SHIRT,MADE IN PORTUGAL,재고 없음
CA08XG28470X012,GIANVITO ROSSI,D,CA,HEELED SHOES,MADE IN ITALY,재고 없음
CA08XG28470X012,GIANVITO ROSSI,D,CA,HEELED SHOES,MADE IN ITALY,재고 없음
CA06X162307X001,TORY BURCH,D,CA,FLIP FLOPS,MADE IN CHINA,재고 없음
CA06X162307X001,TORY BURCH,D,CA,FLIP FLOPS,MADE IN CHINA,재고 없음
PP02X634440X020,SAINT LAURENT,U,PP,BELT,MADE IN ITALY,재고 없음
PP02X634440X020,SAINT LAURENT,U,PP,BELT,MADE IN ITALY,재고 없음
PP06XUKR907X003,AMI,D,PP,KEY CASE,MADE IN CHINA,재고 없음
PP06XUKR907X003,AMI,D,PP,KEY CASE,MADE IN CHINA,재고 없음
BO01X068010_017,ZANELLATO,D,BO,LEATHER BAG,MADE IN ITALY,재고 없음
BO01X068010_017,ZANELLATO,D,BO,LEATHER BAG,MADE IN ITALY,재고 없음
BO01X34180XX003,LONGCHAMP,D,BO,2000030107159,MADE IN TUNISIA,재고 없음
BO01X34180XX003,LONGCHAMP,D,BO,2000030107159,MADE IN TUNISIA,재고 없음
CA03XL477374002,SALOMON,D,CA,SNEAKERS,MADE IN CAMBOGIA,재고 없음
CA03XL477374002,SALOMON,D,CA,SNEAKERS,MADE IN CAMBOGIA,재고 없음
BO01CEW00036019,EMPORIO ARMANI,D,BO,SHOPPING BAG M CANVAS,MADE IN CHINA,재고 없음
BO01CEW00036019,EMPORIO ARMANI,D,BO,SHOPPING BAG M CANVAS,MADE IN CHINA,재고 없음
CA03XHXM00N0056,HOGAN,U,CA,SNEAKERS,MADE IN ITALY,재고 없음
CA03XHXM00N0056,HOGAN,U,CA,SNEAKERS,MADE IN ITALY,재고 없음
CA03X1250206001,CHRISTIAN LOUBOUTIN,U,CA,SNEAKERS,,재고 없음
CA03X1250206001,CHRISTIAN LOUBOUTIN,U,CA,SNEAKERS,,재고 없음
AB31XHWW006P002,PYRENEX,D,AB,DOWNJACKET,MADE IN CHINA,재고 없음
AB31XHWW006P002,PYRENEX,D,AB,DOWNJACKET,MADE IN CHINA,재고 없음
CA03X3WF1006001,ON,D,CA,SNEAKERS,MADE IN VIETNAM,재고 없음
CA03X3WF1006001,ON,D,CA,SNEAKERS,MADE IN VIETNAM,재고 없음
AB31XHWW031P001,PYRENEX,D,AB,DOWNJACKET,MADE IN TUNISIA,재고 없음
AB31XHWW031P001,PYRENEX,D,AB,DOWNJACKET,MADE IN TUNISIA,재고 없음
CA02XXXM59K0006,TODS,U,CA,RUBBER SOLE,MADE IN ITALY,재고 없음
CA02XXXM59K0006,TODS,U,CA,RUBBER SOLE,MADE IN ITALY,재고 없음
CA03XSS0071X001,PINKO,D,CA,SNEAKERS,MADE IN CHINA,재고 없음
CA03XSS0071X001,PINKO,D,CA,SNEAKERS,MADE IN CHINA,재고 없음
BO01X2T78XXX003,JW PEI,D,BO,LEATHER BAG,MADE IN ITALY,재고 없음
BO01X2T78XXX003,JW PEI,D,BO,LEATHER BAG,MADE IN ITALY,재고 없음
CA08XLUPITAN001,AMINA MUADDI,D,CA,HEELED SHOES,MADE IN ITALY,재고 없음
CA08XLUPITAN001,AMINA MUADDI,D,CA,HEELED SHOES,MADE IN ITALY,재고 없음
AB22XFZXD61X001,FENDI,D,AB,T-SHIRT,MADE IN ITALY,재고 없음
AB22XFZXD61X001,FENDI,D,AB,T-SHIRT,MADE IN ITALY,재고 없음
BO01CEW00100006,EMPORIO ARMANI,D,BO,LEATHER BAG Colore unico,,재고 없음
BO01CEW00100006,EMPORIO ARMANI,D,BO,LEATHER BAG Colore unico,,재고 없음
AB18X779195X001,BOTTEGA VENETA,D,AB,TOP,MADE IN ITALY,재고 없음
AB18X779195X001,BOTTEGA VENETA,D,AB,TOP,MADE IN ITALY,재고 없음
PP02X659418X006,GUCCI,D,PP,BELT,MADE IN ITALY,재고 없음
PP02X659418X006,GUCCI,D,PP,BELT,MADE IN ITALY,재고 없음
CA03XXXW54C0018,TODS,D,CA,SNEAKERS,MADE IN ITALY,재고 없음
CA03XXXW54C0018,TODS,D,CA,SNEAKERS,MADE IN ITALY,재고 없음
AB31CK5131GW001,K-WAY,K,AB,DOWNJACKET Colore unico,MADE IN VIETNAM,재고 없음
AB31CK5131GW001,K-WAY,K,AB,DOWNJACKET Colore unico,MADE IN VIETNAM,재고 없음
CA08XLTRMIDS001,AQUAZZURA,D,CA,HEELED SHOES,MADE IN ITALY,재고 없음
CA08XLTRMIDS001,AQUAZZURA,D,CA,HEELED SHOES,MADE IN ITALY,재고 없음
BO01XNM05171004,MAISON KITSUNE,D,BO,LEATHER BAG,MADE IN CHINA,재고 없음
BO01XNM05171004,MAISON KITSUNE,D,BO,LEATHER BAG,MADE IN CHINA,재고 없음
BO01X8BS081X005,FENDI,D,BO,mini bag,MADE IN ITALY,재고 없음
BO01X8BS081X005,FENDI,D,BO,mini bag,MADE IN ITALY,재고 없음
AB23CS05GSWK004,BONPOINT,K,AB,SWEATSHIRT Colore unico,MADE IN INDIA,재고 없음
AB23CS05GSWK004,BONPOINT,K,AB,SWEATSHIRT Colore unico,MADE IN INDIA,재고 없음
AL17CKS10318001,KONGES SLOJD,K,AL,OTHER ACCESSORIES,MADE IN BANGLADESH,재고 없음
AL17CKS10318001,KONGES SLOJD,K,AL,OTHER ACCESSORIES,MADE IN BANGLADESH,재고 없음
AB22XS51GC05019,MAISON MARGIELA,D,AB,T-SHIRT,MADE IN ITALY,재고 없음
AB22XS51GC05019,MAISON MARGIELA,D,AB,T-SHIRT,MADE IN ITALY,재고 없음
AB22CP25TS47001,IL GUFO,K,AB,T-SHIRT Colore unico,MADE IN ITALY,재고 없음
AB22CP25TS47001,IL GUFO,K,AB,T-SHIRT Colore unico,MADE IN ITALY,재고 없음
AB03X18CMBE0001,CP COMPANY,U,AB,SHORT,MADE IN ROMANIA,재고 없음
AB03X18CMBE0001,CP COMPANY,U,AB,SHORT,MADE IN ROMANIA,재고 없음
AB01X3507DS2001,ZIMMERMANN,D,AB,DRESS,MADE IN CHINA,재고 없음
AB01X3507DS2001,ZIMMERMANN,D,AB,DRESS,MADE IN CHINA,재고 없음
AB01X250WCA0004,THE ATTICO,D,AB,DRESS,MADE IN CROAZIA,재고 없음
AB01X250WCA0004,THE ATTICO,D,AB,DRESS,MADE IN CROAZIA,재고 없음
AB04X4B0CJ3F001,VALENTINO,D,AB,SHIRT,MADE IN ITALY,재고 없음
AB04X4B0CJ3F001,VALENTINO,D,AB,SHIRT,MADE IN ITALY,재고 없음
AB09X4B3RA9B001,VALENTINO,D,AB,SKIRT,MADE IN ITALY,재고 없음
AB09X4B3RA9B001,VALENTINO,D,AB,SKIRT,MADE IN ITALY,재고 없음
AB22XK109U8C002,MONCLER X FRAGMENT,U,AB,T-SHIRT,MADE IN TURKEY,재고 없음
AB22XK109U8C002,MONCLER X FRAGMENT,U,AB,T-SHIRT,MADE IN TURKEY,재고 없음
AB01XNA01LN0007,NEW ARRIVALS,D,AB,DRESS,MADE IN TURKEY,재고 없음
AB01XNA01LN0007,NEW ARRIVALS,D,AB,DRESS,MADE IN TURKEY,재고 없음
AB22CKS10260001,KONGES SLOJD,K,AB,T-SHIRT,MADE IN CHINA,재고 없음
AB22CKS10260001,KONGES SLOJD,K,AB,T-SHIRT,MADE IN CHINA,재고 없음
AB01XF6TLDTX001,DOLCE&GABBANA,D,AB,DRESS,MADE IN ALBANIA,재고 없음
AB01XF6TLDTX001,DOLCE&GABBANA,D,AB,DRESS,MADE IN ALBANIA,재고 없음
AB31CK19541A039,MONCLER,K,AB,DOWNJACKET Colore unico,MADE IN ARMENIA,재고 없음
AB31CK19541A039,MONCLER,K,AB,DOWNJACKET Colore unico,MADE IN ARMENIA,재고 없음
AB22XTS0004F015,ISABEL MARANT ETOILE,D,AB,T-SHIRT,MADE IN TUNISIA,재고 없음
AB22XTS0004F015,ISABEL MARANT ETOILE,D,AB,T-SHIRT,MADE IN TUNISIA,재고 없음
AB01XAA9R252001,ALAIA,D,AB,DRESS,MADE IN ITALY,재고 없음
AB01XAA9R252001,ALAIA,D,AB,DRESS,MADE IN ITALY,재고 없음
AB03XK1S1562005,STONE ISLAND,U,AB,SHORT,MADE IN ROMANIA,재고 없음
AB03XK1S1562005,STONE ISLAND,U,AB,SHORT,MADE IN ROMANIA,재고 없음
CA03XU9060XX012,NEW BALANCE,D,CA,SNEAKERS,MADE IN VIETNAM,재고 없음
CA03XU9060XX012,NEW BALANCE,D,CA,SNEAKERS,MADE IN VIETNAM,재고 없음
AB04X25UHT67001,CHLOE',D,AB,SHIRT,MADE IN MADAGASCAR,재고 없음
AB04X25UHT67001,CHLOE',D,AB,SHIRT,MADE IN MADAGASCAR,재고 없음
AB22XMW00110010,MAISON KITSUNE,D,AB,T-SHIRT,MADE IN PORTUGAL,재고 없음
AB22XMW00110010,MAISON KITSUNE,D,AB,T-SHIRT,MADE IN PORTUGAL,재고 없음
AB22XPMAA001124,PALM ANGELS,U,AB,T-SHIRT,MADE IN TURKEY,재고 없음
AB22XPMAA001124,PALM ANGELS,U,AB,T-SHIRT,MADE IN TURKEY,재고 없음
AB31CK19541A001,MONCLER,K,AB,DOWNJACKET Colore unico,MADE IN ROMANIA,재고 없음
AB31CK19541A001,MONCLER,K,AB,DOWNJACKET Colore unico,MADE IN ROMANIA,재고 없음
AB03XBG24370001,BUTTER GOODS,U,AB,SHORT,,재고 없음
AB03XBG24370001,BUTTER GOODS,U,AB,SHORT,,재고 없음
AB02XCOM0009005,SAINT BARTH,U,AB,BEACHWEAR,MADE IN CHINA,재고 없음
AB02XCOM0009005,SAINT BARTH,U,AB,BEACHWEAR,MADE IN CHINA,재고 없음
AB03XK1S15B1004,STONE ISLAND,U,AB,SHORT,MADE IN INDONESIA,재고 없음
AB03XK1S15B1004,STONE ISLAND,U,AB,SHORT,MADE IN INDONESIA,재고 없음
AB04X6B3AB77001,VALENTINO,D,AB,SHIRT,,재고 없음
AB04X6B3AB77001,VALENTINO,D,AB,SHIRT,,재고 없음
AB03XNF0A8BJ004,THE NORTH FACE,U,AB,SHORT,MADE IN CAMBOGIA,재고 없음
AB03XNF0A8BJ004,THE NORTH FACE,U,AB,SHORT,MADE IN CAMBOGIA,재고 없음
AB07CEM00014001,EMPORIO ARMANI,U,AB,JACKET Colore unico,MADE IN TUNISIA,재고 없음
AB07CEM00014001,EMPORIO ARMANI,U,AB,JACKET Colore unico,MADE IN TUNISIA,재고 없음
BO01XL1500XX046,LONGCHAMP,D,BO,LEATHER BAG,MADE IN MOROCCO,재고 없음
BO01XL1500XX046,LONGCHAMP,D,BO,LEATHER BAG,MADE IN MOROCCO,재고 없음
AB07XVE0140F003,ISABEL MARANT,D,AB,JACKET,MADE IN BULGARIA,재고 없음
AB07XVE0140F003,ISABEL MARANT,D,AB,JACKET,MADE IN BULGARIA,재고 없음
AB07XJNAYADE003,TAGLIATORE,D,AB,JACKET,MADE IN ITALY,재고 없음
AB07XJNAYADE003,TAGLIATORE,D,AB,JACKET,MADE IN ITALY,재고 없음
AB04CDW5A30_001,DOUDOU,K,AB,SHIRT Colore unico,MADE IN ITALY,재고 없음
AB04CDW5A30_001,DOUDOU,K,AB,SHIRT Colore unico,MADE IN ITALY,재고 없음
AB22CKS10319002,KONGES SLOJD,K,AB,T-SHIRT,MADE IN TURKEY,재고 없음
AB22CKS10319002,KONGES SLOJD,K,AB,T-SHIRT,MADE IN TURKEY,재고 없음
AB23XBMJ0HA3003,GIVENCHY,U,AB,SWEATSHIRT,MADE IN PORTUGAL,재고 없음
AB23XBMJ0HA3003,GIVENCHY,U,AB,SWEATSHIRT,MADE IN PORTUGAL,재고 없음
BO02XL1899XX090,LONGCHAMP,D,BO,tote bag,MADE IN TUNISIA,재고 없음
BO02XL1899XX090,LONGCHAMP,D,BO,tote bag,MADE IN TUNISIA,재고 없음
AB04X6B0CE4D001,VALENTINO,D,AB,SHIRT,MADE IN ITALY,재고 없음
AB04X6B0CE4D001,VALENTINO,D,AB,SHIRT,MADE IN ITALY,재고 없음
AB04X6D02513001,STELLA MCCARTNEY,D,AB,SHIRT,MADE IN ITALY,재고 없음
AB04X6D02513001,STELLA MCCARTNEY,D,AB,SHIRT,MADE IN ITALY,재고 없음
BO01X81932XX002,TORY BURCH,D,BO,LEATHER BAG,MADE IN CAMBOGIA,재고 없음
BO01X81932XX002,TORY BURCH,D,BO,LEATHER BAG,MADE IN CAMBOGIA,재고 없음
AB31XLTKE24A003,TATRAS,D,AB,DOWNJACKET,MADE IN POLAND,재고 없음
AB31XLTKE24A003,TATRAS,D,AB,DOWNJACKET,MADE IN POLAND,재고 없음
AB04XSALETTA001,MAX MARA,D,AB,SHIRT,MADE IN ITALY,재고 없음
AB04XSALETTA001,MAX MARA,D,AB,SHIRT,MADE IN ITALY,재고 없음
AL04C322-552001,RALPH LAUREN,K,AL,HAT Colore unico,MADE IN ALBANIA,재고 없음
AL04C322-552001,RALPH LAUREN,K,AL,HAT Colore unico,MADE IN ALBANIA,재고 없음
AB07XJ-BERTH003,TAGLIATORE,D,AB,JACKET,MADE IN ITALY,재고 없음
AB07XJ-BERTH003,TAGLIATORE,D,AB,JACKET,MADE IN ITALY,재고 없음
AB10X18CMPL0002,CP COMPANY,U,AB,JERSEY,MADE IN CHINA,재고 없음
AB10X18CMPL0002,CP COMPANY,U,AB,JERSEY,MADE IN CHINA,재고 없음
AB07XJPARIGI003,TAGLIATORE,D,AB,JACKET,MADE IN ITALY,재고 없음
AB07XJPARIGI003,TAGLIATORE,D,AB,JACKET,MADE IN ITALY,재고 없음
AB07XCF1SE05001,BALMAIN,D,AB,JACKET,MADE IN SLOVAKIA,재고 없음
AB07XCF1SE05001,BALMAIN,D,AB,JACKET,MADE IN SLOVAKIA,재고 없음
AB07XJLIZ15B001,TAGLIATORE,D,AB,JACKET,MADE IN ITALY,재고 없음
AB07XJLIZ15B001,TAGLIATORE,D,AB,JACKET,MADE IN ITALY,재고 없음
AB07XZERMATX001,SPORTMAX,D,AB,JACKET,MADE IN CHINA,재고 없음
AB07XZERMATX001,SPORTMAX,D,AB,JACKET,MADE IN CHINA,재고 없음
AB09XWS24JE2001,WALES BONNER,D,AB,SKIRT,MADE IN PORTUGAL,재고 없음
AB09XWS24JE2001,WALES BONNER,D,AB,SKIRT,MADE IN PORTUGAL,재고 없음
AB07XNANDINA001,MAX MARA,D,AB,JACKET,MADE IN ITALY,재고 없음
AB07XNANDINA001,MAX MARA,D,AB,JACKET,MADE IN ITALY,재고 없음
AB28CB125AC0001,BOBO CHOSES,K,AB,BABY DRESS Colore unico,MADE IN SPAIN,재고 없음
AB28CB125AC0001,BOBO CHOSES,K,AB,BABY DRESS Colore unico,MADE IN SPAIN,재고 없음
AB11CEM00087001,EMPORIO ARMANI,U,AB,KNITWEAR Colore unico,MADE IN CHINA,재고 없음
AB11CEM00087001,EMPORIO ARMANI,U,AB,KNITWEAR Colore unico,MADE IN CHINA,재고 없음
BO01XXBWAPAT016,TODS,D,BO,LEATHER BAG,MADE IN ITALY,재고 없음
BO01XXBWAPAT016,TODS,D,BO,LEATHER BAG,MADE IN ITALY,재고 없음
CA03XAULMLS3006,AUTRY,U,CA,SNEAKERS,MADE IN INDONESIA,재고 없음
CA03XAULMLS3006,AUTRY,U,CA,SNEAKERS,MADE IN INDONESIA,재고 없음
BO01X6W0P0AK001,VALENTINO GARAVANI,D,BO,LEATHER BAG,MADE IN ITALY,재고 없음
BO01X6W0P0AK001,VALENTINO GARAVANI,D,BO,LEATHER BAG,MADE IN ITALY,재고 없음
AL04CKS10273001,KONGES SLOJD,K,AL,HAT,MADE IN ALBANIA,재고 없음
AL04CKS10273001,KONGES SLOJD,K,AL,HAT,MADE IN ALBANIA,재고 없음
AB13XC5PP05Z001,PT TORINO,U,AB,TROUSERS,MADE IN ITALY,재고 없음
AB13XC5PP05Z001,PT TORINO,U,AB,TROUSERS,MADE IN ITALY,재고 없음
AL04X38283XX003,PATAGONIA,U,AL,HAT,MADE IN VIETNAM,재고 없음
AL04X38283XX003,PATAGONIA,U,AL,HAT,MADE IN VIETNAM,재고 없음
BO02XL1621XX061,LONGCHAMP,D,BO,FABRIC BAG,MADE IN TUNISIA,재고 없음
BO02XL1621XX061,LONGCHAMP,D,BO,FABRIC BAG,MADE IN TUNISIA,재고 없음
BO01X8092085002,BURBERRY,D,BO,LEATHER BAG,MADE IN ITALY,재고 없음
BO01X8092085002,BURBERRY,D,BO,LEATHER BAG,MADE IN ITALY,재고 없음
AB01X787761X001,GUCCI,D,AB,DRESS,MADE IN ITALY,재고 없음
AB01X787761X001,GUCCI,D,AB,DRESS,MADE IN ITALY,재고 없음
AB08XHADFIEL002,JOHN SMEDLEY,U,AB,VEST,MADE IN ENGLAND,재고 없음
AB08XHADFIEL002,JOHN SMEDLEY,U,AB,VEST,MADE IN ENGLAND,재고 없음
AB13XHTR429X003,AMI,U,AB,TROUSERS,MADE IN ROMANIA,재고 없음
AB13XHTR429X003,AMI,U,AB,TROUSERS,MADE IN ROMANIA,재고 없음
AB13XK109U2A001,MONCLER X FRAGMENT,U,AB,TROUSERS,MADE IN ITALY,재고 없음
AB13XK109U2A001,MONCLER X FRAGMENT,U,AB,TROUSERS,MADE IN ITALY,재고 없음
AB28CTW1112X001,STELLA MCCARTNEY,K,AB,BABY DRESS Colore unico,MADE IN CHINA,재고 없음
AB28CTW1112X001,STELLA MCCARTNEY,K,AB,BABY DRESS Colore unico,MADE IN CHINA,재고 없음
AB07X25UVE21001,CHLOE',D,AB,JACKET,MADE IN SLOVAKIA,재고 없음
AB07X25UVE21001,CHLOE',D,AB,JACKET,MADE IN SLOVAKIA,재고 없음
AB02X011402X003,ERES,D,AB,BEACHWEAR,MADE IN ITALY,재고 없음
AB02X011402X003,ERES,D,AB,BEACHWEAR,MADE IN ITALY,재고 없음
BO01X658574X013,GUCCI,D,BO,LEATHER BAG,MADE IN ITALY,재고 없음
BO01X658574X013,GUCCI,D,BO,LEATHER BAG,MADE IN ITALY,재고 없음
BO01X671309X025,BALENCIAGA,D,BO,LEATHER BAG,MADE IN ITALY,재고 없음
BO01X671309X025,BALENCIAGA,D,BO,LEATHER BAG,MADE IN ITALY,재고 없음
AB31XRR02D67001,RICK OWENS,U,AB,DOWNJACKET,MADE IN ITALY,재고 없음
AB31XRR02D67001,RICK OWENS,U,AB,DOWNJACKET,MADE IN ITALY,재고 없음
PP07X8M0506X002,FENDI,D,PP,WALLET,MADE IN ITALY,재고 없음
PP07X8M0506X002,FENDI,D,PP,WALLET,MADE IN ITALY,재고 없음
AB22X241JS13003,JACQUEMUS,D,AB,T-SHIRT,MADE IN PORTUGAL,재고 없음
AB22X241JS13003,JACQUEMUS,D,AB,T-SHIRT,MADE IN PORTUGAL,재고 없음
AB31CK19541A035,MONCLER,K,AB,DOWNJACKET Colore unico,MADE IN ARMENIA,재고 없음
AB31CK19541A035,MONCLER,K,AB,DOWNJACKET Colore unico,MADE IN ARMENIA,재고 없음
BO01XC25SS59003,CHLOE',D,BO,LEATHER BAG,MADE IN KENYA,재고 없음
BO01XC25SS59003,CHLOE',D,BO,LEATHER BAG,MADE IN KENYA,재고 없음
PP11XJ07UI00007,JIL SANDER,D,PP,CARD HOLDER,MADE IN ITALY,재고 없음
PP11XJ07UI00007,JIL SANDER,D,PP,CARD HOLDER,MADE IN ITALY,재고 없음
AB13X6B3RB68001,VALENTINO,D,AB,TROUSERS,,재고 없음
AB13X6B3RB68001,VALENTINO,D,AB,TROUSERS,,재고 없음
BO01X100059X028,PINKO,D,BO,LEATHER BAG,MADE IN CHINA,재고 없음
BO01X100059X028,PINKO,D,BO,LEATHER BAG,MADE IN CHINA,재고 없음
AB22XAA9H043003,ALAIA,D,AB,T-SHIRT,MADE IN ITALY,재고 없음
AB22XAA9H043003,ALAIA,D,AB,T-SHIRT,MADE IN ITALY,재고 없음
AB03X18CMSB1001,CP COMPANY,U,AB,SHORT,MADE IN TURKEY,재고 없음
AB03X18CMSB1001,CP COMPANY,U,AB,SHORT,MADE IN TURKEY,재고 없음
AB18XTM17094001,THE ANDAMANE,D,AB,TOP,MADE IN ITALY,재고 없음
AB18XTM17094001,THE ANDAMANE,D,AB,TOP,MADE IN ITALY,재고 없음
AB13X10714XX001,MOTHER,D,AB,TROUSERS,MADE IN U.S.A.,재고 없음
AB13X10714XX001,MOTHER,D,AB,TROUSERS,MADE IN U.S.A.,재고 없음
BO01CM01480X001,MARNI,K,BO,LEATHER BAG Colore unico,MADE IN EXTRA UE,재고 없음
BO01CM01480X001,MARNI,K,BO,LEATHER BAG Colore unico,MADE IN EXTRA UE,재고 없음
BO01CM01480X002,MARNI,K,BO,LEATHER BAG Colore unico,MADE IN EXTRA UE,재고 없음
BO01CM01480X002,MARNI,K,BO,LEATHER BAG Colore unico,MADE IN EXTRA UE,재고 없음
BO01X145613X015,TORY BURCH,D,BO,LEATHER BAG,MADE IN CAMBOGIA,재고 없음
BO01X145613X015,TORY BURCH,D,BO,LEATHER BAG,MADE IN CAMBOGIA,재고 없음
AB18X819010X001,SAINT LAURENT,D,AB,TOP,MADE IN ITALY,재고 없음
AB18X819010X001,SAINT LAURENT,D,AB,TOP,MADE IN ITALY,재고 없음
AB31XHSS241W001,HALFBOY,D,AB,DOWNJACKET,MADE IN ITALY,재고 없음
AB31XHSS241W001,HALFBOY,D,AB,DOWNJACKET,MADE IN ITALY,재고 없음
AB22CK61137X001,KENZO,K,AB,T-SHIRT Colore unico,MADE IN TURKEY,재고 없음
AB22CK61137X001,KENZO,K,AB,T-SHIRT Colore unico,MADE IN TURKEY,재고 없음
AB13X2511331001,MAX MARA,D,AB,TROUSERS,MADE IN CHINA,재고 없음
AB13X2511331001,MAX MARA,D,AB,TROUSERS,MADE IN CHINA,재고 없음
AB13X18CMPA0001,CP COMPANY,U,AB,TROUSERS,MADE IN TUNISIA,재고 없음
AB13X18CMPA0001,CP COMPANY,U,AB,TROUSERS,MADE IN TUNISIA,재고 없음
AB13X25SDP16001,CHLOE',D,AB,TROUSERS,MADE IN ITALY,재고 없음
AB13X25SDP16001,CHLOE',D,AB,TROUSERS,MADE IN ITALY,재고 없음
AB22X3841MDM001,MSGM,D,AB,T-SHIRT,MADE IN TURKEY,재고 없음
AB22X3841MDM001,MSGM,D,AB,T-SHIRT,MADE IN TURKEY,재고 없음
BO01X18CMAC1002,CP COMPANY,U,BO,LEATHER BAG,MADE IN CHINA,재고 없음
BO01X18CMAC1002,CP COMPANY,U,BO,LEATHER BAG,MADE IN CHINA,재고 없음
AB13XHEW0329002,HAIKURE,D,AB,TROUSERS,MADE IN ITALY,재고 없음
AB13XHEW0329002,HAIKURE,D,AB,TROUSERS,MADE IN ITALY,재고 없음
AB13XPMCH02C001,PALM ANGELS,U,AB,TROUSERS,,재고 없음
AB13XPMCH02C001,PALM ANGELS,U,AB,TROUSERS,,재고 없음
AL04XM252D98001,BRUNELLO CUCINELLI,U,AL,HAT,MADE IN ITALY,재고 없음
AL04XM252D98001,BRUNELLO CUCINELLI,U,AL,HAT,MADE IN ITALY,재고 없음
AB13XWTR02XX002,DARKPARK,D,AB,TROUSERS,MADE IN ITALY,재고 없음
AB13XWTR02XX002,DARKPARK,D,AB,TROUSERS,MADE IN ITALY,재고 없음
AB23CM01408X002,MARNI,K,AB,SWEATSHIRT Colore unico,MADE IN BULGARIA,재고 없음
AB23CM01408X002,MARNI,K,AB,SWEATSHIRT Colore unico,MADE IN BULGARIA,재고 없음
AB22XS52GC03009,MM6,D,AB,T-SHIRT,MADE IN ITALY,재고 없음
AB22XS52GC03009,MM6,D,AB,T-SHIRT,MADE IN ITALY,재고 없음
AB13XTM17047001,THE ANDAMANE,D,AB,TROUSERS,MADE IN ITALY,재고 없음
AB13XTM17047001,THE ANDAMANE,D,AB,TROUSERS,MADE IN ITALY,재고 없음
AB22XPOLTEES002,POLAR SKATE CO,U,AB,T-SHIRT,MADE IN PORTUGAL,재고 없음
AB22XPOLTEES002,POLAR SKATE CO,U,AB,T-SHIRT,MADE IN PORTUGAL,재고 없음
AL02X753886X001,GUCCI,D,AL,JEWELLERY,MADE IN ITALY,재고 없음
AL02X753886X001,GUCCI,D,AL,JEWELLERY,MADE IN ITALY,재고 없음
AB18X2049XXX001,SUNFLOWER,U,AB,TOP,MADE IN PORTUGAL,재고 없음
AB18X2049XXX001,SUNFLOWER,U,AB,TOP,MADE IN PORTUGAL,재고 없음
AB22X25SJH20001,CHLOE',D,AB,T-SHIRT,MADE IN ITALY,재고 없음
AB22X25SJH20001,CHLOE',D,AB,T-SHIRT,MADE IN ITALY,재고 없음
AB22X25UJH04001,CHLOE',D,AB,T-SHIRT,MADE IN PORTUGAL,재고 없음
AB22X25UJH04001,CHLOE',D,AB,T-SHIRT,MADE IN PORTUGAL,재고 없음
AB24X117XXXX001,EXTREME CASHMERE,D,AB,CARDIGAN,MADE IN CHINA,재고 없음
AB24X117XXXX001,EXTREME CASHMERE,D,AB,CARDIGAN,MADE IN CHINA,재고 없음
AB18XA15703X005,DIESEL,D,AB,TOP,MADE IN CHINA,재고 없음
AB18XA15703X005,DIESEL,D,AB,TOP,MADE IN CHINA,재고 없음
AB18X100822X002,PINKO,D,AB,TOP,MADE IN TUNISIA,재고 없음
AB18X100822X002,PINKO,D,AB,TOP,MADE IN TUNISIA,재고 없음
AB22CK19548C030,MONCLER,K,AB,T-SHIRT Colore unico,MADE IN ALBANIA,재고 없음
AB22CK19548C030,MONCLER,K,AB,T-SHIRT Colore unico,MADE IN ALBANIA,재고 없음
AB22COBAA002035,OFF WHITE,K,AB,T-SHIRT Colore unico,MADE IN PORTUGAL,재고 없음
AB22COBAA002035,OFF WHITE,K,AB,T-SHIRT Colore unico,MADE IN PORTUGAL,재고 없음
AB31XAA9V042001,ALAIA,D,AB,DOWNJACKET,MADE IN ITALY,재고 없음
AB31XAA9V042001,ALAIA,D,AB,DOWNJACKET,MADE IN ITALY,재고 없음
AB13XWTR04XX002,DARKPARK,D,AB,TROUSERS,MADE IN ITALY,재고 없음
AB13XWTR04XX002,DARKPARK,D,AB,TROUSERS,MADE IN ITALY,재고 없음
AB22XA16839X002,DIESEL,D,AB,T-SHIRT,MADE IN BULGARIA,재고 없음
AB22XA16839X002,DIESEL,D,AB,T-SHIRT,MADE IN BULGARIA,재고 없음
AB22CK61058_001,KENZO,K,AB,T-SHIRT Colore unico,MADE IN TURKEY,재고 없음
AB22CK61058_001,KENZO,K,AB,T-SHIRT Colore unico,MADE IN TURKEY,재고 없음
AL12X133483X017,GUCCI,D,AL,WOMEN SILK,MADE IN ITALY,재고 없음
AL12X133483X017,GUCCI,D,AL,WOMEN SILK,MADE IN ITALY,재고 없음
AL12X133483X018,GUCCI,D,AL,WOMEN SILK,MADE IN ITALY,재고 없음
AL12X133483X018,GUCCI,D,AL,WOMEN SILK,MADE IN ITALY,재고 없음
BO01X145613X016,TORY BURCH,D,BO,LEATHER BAG,MADE IN CAMBOGIA,재고 없음
BO01X145613X016,TORY BURCH,D,BO,LEATHER BAG,MADE IN CAMBOGIA,재고 없음
AB22CK19548C021,MONCLER,K,AB,T-SHIRT Colore unico,MADE IN PORTUGAL,재고 없음
AB22CK19548C021,MONCLER,K,AB,T-SHIRT Colore unico,MADE IN PORTUGAL,재고 없음
BO01X152313X005,TORY BURCH,D,BO,LEATHER BAG,MADE IN CAMBOGIA,재고 없음
BO01X152313X005,TORY BURCH,D,BO,LEATHER BAG,MADE IN CAMBOGIA,재고 없음
BO01X162451X002,TORY BURCH,D,BO,LEATHER BAG,MADE IN VIETNAM,재고 없음
BO01X162451X002,TORY BURCH,D,BO,LEATHER BAG,MADE IN VIETNAM,재고 없음
AB22XNF0A8C4002,THE NORTH FACE,U,AB,T-SHIRT,MADE IN TURKEY,재고 없음
AB22XNF0A8C4002,THE NORTH FACE,U,AB,T-SHIRT,MADE IN TURKEY,재고 없음
AB13XS74LB16003,DSQUARED2,U,AB,TROUSERS,MADE IN ITALY,재고 없음
AB13XS74LB16003,DSQUARED2,U,AB,TROUSERS,MADE IN ITALY,재고 없음
AB22X8084234003,BURBERRY,U,AB,T-SHIRT,MADE IN PORTUGAL,재고 없음
AB22X8084234003,BURBERRY,U,AB,T-SHIRT,MADE IN PORTUGAL,재고 없음
AB22XS52GC03008,MM6,D,AB,T-SHIRT,MADE IN ITALY,재고 없음
AB22XS52GC03008,MM6,D,AB,T-SHIRT,MADE IN ITALY,재고 없음
AB22XTSHM001005,SAINT BARTH,U,AB,T-SHIRT,,재고 없음
AB22XTSHM001005,SAINT BARTH,U,AB,T-SHIRT,,재고 없음
BO01X163388X001,TORY BURCH,D,BO,LEATHER BAG,MADE IN PHILIPPINES,재고 없음
BO01X163388X001,TORY BURCH,D,BO,LEATHER BAG,MADE IN PHILIPPINES,재고 없음
AB23XA15714X003,DIESEL,D,AB,SWEATSHIRT,MADE IN CHINA,재고 없음
AB23XA15714X003,DIESEL,D,AB,SWEATSHIRT,MADE IN CHINA,재고 없음
AB22CK61058X002,KENZO,K,AB,T-SHIRT Colore unico,MADE IN TURKEY,재고 없음
AB22CK61058X002,KENZO,K,AB,T-SHIRT Colore unico,MADE IN TURKEY,재고 없음
AL02X488214X005,FERRAGAMO,D,AL,JEWELLERY,MADE IN ITALY,재고 없음
AL02X488214X005,FERRAGAMO,D,AL,JEWELLERY,MADE IN ITALY,재고 없음
AB22XSS25DLC001,COLE BUXTON,U,AB,T-SHIRT,,재고 없음
AB22XSS25DLC001,COLE BUXTON,U,AB,T-SHIRT,,재고 없음
AL02X751029X003,FERRAGAMO,D,AL,JEWELLERY,MADE IN ITALY,재고 없음
AL02X751029X003,FERRAGAMO,D,AL,JEWELLERY,MADE IN ITALY,재고 없음
AB22XPOLTEEH001,POLAR SKATE CO,U,AB,T-SHIRT,MADE IN PORTUGAL,재고 없음
AB22XPOLTEEH001,POLAR SKATE CO,U,AB,T-SHIRT,MADE IN PORTUGAL,재고 없음
AL12X777066X001,GUCCI,D,AL,WOMEN SILK,MADE IN ITALY,재고 없음
AL12X777066X001,GUCCI,D,AL,WOMEN SILK,MADE IN ITALY,재고 없음
BO05X18CMAC2001,CP COMPANY,U,BO,BACKPACK,MADE IN CHINA,재고 없음
BO05X18CMAC2001,CP COMPANY,U,BO,BACKPACK,MADE IN CHINA,재고 없음
BO01X166982X002,TORY BURCH,D,BO,LEATHER BAG,MADE IN PHILIPPINES,재고 없음
BO01X166982X002,TORY BURCH,D,BO,LEATHER BAG,MADE IN PHILIPPINES,재고 없음
AB22XK1S1521004,STONE ISLAND,U,AB,T-SHIRT,MADE IN TUNISIA,재고 없음
AB22XK1S1521004,STONE ISLAND,U,AB,T-SHIRT,MADE IN TUNISIA,재고 없음
AL02X164617X001,TORY BURCH,D,AL,JEWELLERY,MADE IN CHINA,재고 없음
AL02X164617X001,TORY BURCH,D,AL,JEWELLERY,MADE IN CHINA,재고 없음
AL04XF24KK34001,KANGOL,U,AL,HAT,MADE IN TAIWAN,재고 없음
AL04XF24KK34001,KANGOL,U,AL,HAT,MADE IN TAIWAN,재고 없음
AB27CKS10244001,KONGES SLOJD,K,AB,BABY TRACKSUIT,MADE IN CHINA,재고 없음
AB27CKS10244001,KONGES SLOJD,K,AB,BABY TRACKSUIT,MADE IN CHINA,재고 없음
AB22XEH1EG01006,BALMAIN,U,AB,T-SHIRT,MADE IN PORTUGAL,재고 없음
AB22XEH1EG01006,BALMAIN,U,AB,T-SHIRT,MADE IN PORTUGAL,재고 없음
AL12X832980X001,GUCCI,D,AL,WOMEN SILK,MADE IN ITALY,재고 없음
AL12X832980X001,GUCCI,D,AL,WOMEN SILK,MADE IN ITALY,재고 없음
AL02X817048X001,GUCCI,D,AL,JEWELLERY,MADE IN ITALY,재고 없음
AL02X817048X001,GUCCI,D,AL,JEWELLERY,MADE IN ITALY,재고 없음
AB22XK1S1521005,STONE ISLAND,U,AB,T-SHIRT,MADE IN TUNISIA,재고 없음
AB22XK1S1521005,STONE ISLAND,U,AB,T-SHIRT,MADE IN TUNISIA,재고 없음
AB23XBWJ03MX003,GIVENCHY,D,AB,SWEATSHIRT,MADE IN PORTUGAL,재고 없음
AB23XBWJ03MX003,GIVENCHY,D,AB,SWEATSHIRT,MADE IN PORTUGAL,재고 없음
AB28CP25VM78001,IL GUFO,K,AB,BABY DRESS Colore unico,MADE IN ROMANIA,재고 없음
AB31X794147X001,GUCCI,D,AB,DOWNJACKET,MADE IN ITALY,재고 없음
AB31X794147X001,GUCCI,D,AB,DOWNJACKET,MADE IN ITALY,재고 없음
BO01X391698X052,STELLA MCCARTNEY,D,BO,LEATHER BAG,MADE IN ITALY,재고 없음
BO01X391698X052,STELLA MCCARTNEY,D,BO,LEATHER BAG,MADE IN ITALY,재고 없음
CA03XGWF0010110,GOLDEN GOOSE,D,CA,SNEAKERS,MADE IN ITALY,재고 없음
CA03XGWF0010110,GOLDEN GOOSE,D,CA,SNEAKERS,MADE IN ITALY,재고 없음
AB23C771624X001,GUCCI,K,AB,SWEATSHIRT Colore unico,MADE IN ITALY,재고 없음
AB23C771624X001,GUCCI,K,AB,SWEATSHIRT Colore unico,MADE IN ITALY,재고 없음
BO01X158734X001,TORY BURCH,D,BO,LEATHER BAG,MADE IN CHINA,재고 없음
BO01X158734X001,TORY BURCH,D,BO,LEATHER BAG,MADE IN CHINA,재고 없음
BO01X159379X001,TORY BURCH,D,BO,LEATHER BAG,MADE IN ALBANIA,재고 없음
BO01X159379X001,TORY BURCH,D,BO,LEATHER BAG,MADE IN ALBANIA,재고 없음
BO01X251BA42001,JACQUEMUS,D,BO,LEATHER BAG,,재고 없음
BO01X251BA42001,JACQUEMUS,D,BO,LEATHER BAG,,재고 없음
AB25CK1S1641006,STONE ISLAND,K,AB,WINDBREAKER Colore unico,MADE IN VIETNAM,재고 없음
AB25CK1S1641006,STONE ISLAND,K,AB,WINDBREAKER Colore unico,MADE IN VIETNAM,재고 없음
BO01X6W0P0AJ001,VALENTINO GARAVANI,D,BO,LEATHER BAG,MADE IN ITALY,재고 없음
BO01X6W0P0AJ001,VALENTINO GARAVANI,D,BO,LEATHER BAG,MADE IN ITALY,재고 없음
BO01X164762X001,TORY BURCH,D,BO,LEATHER BAG,MADE IN CHINA,재고 없음
BO01X164762X001,TORY BURCH,D,BO,LEATHER BAG,MADE IN CHINA,재고 없음
AB29X255KN54002,JACQUEMUS,U,AB,POLO,,재고 없음
AB29X255KN54002,JACQUEMUS,U,AB,POLO,,재고 없음
BO01XRBWAOKA001,ROGER VIVIER,D,BO,LEATHER BAG,MADE IN ITALY,재고 없음
BO01XRBWAOKA001,ROGER VIVIER,D,BO,LEATHER BAG,MADE IN ITALY,재고 없음
CA03XHXW6470002,HOGAN,D,CA,SNEAKERS,MADE IN ALBANIA,재고 없음
CA03XHXW6470002,HOGAN,D,CA,SNEAKERS,MADE IN ALBANIA,재고 없음
CA03XJI0189X001,ADIDAS ORIGINALS,D,CA,SNEAKERS,MADE IN CAMBOGIA,재고 없음
CA03XJI0189X001,ADIDAS ORIGINALS,D,CA,SNEAKERS,MADE IN CAMBOGIA,재고 없음
BO01X371223X056,STELLA MCCARTNEY,D,BO,LEATHER BAG,MADE IN ITALY,재고 없음
BO01X371223X056,STELLA MCCARTNEY,D,BO,LEATHER BAG,MADE IN ITALY,재고 없음
AL17X513120X001,GUCCI,D,AL,OTHER ACCESSORIES,MADE IN ITALY,재고 없음
AL17X513120X001,GUCCI,D,AL,OTHER ACCESSORIES,MADE IN ITALY,재고 없음
AB23XSW0003F025,ISABEL MARANT ETOILE,D,AB,SWEATSHIRT,MADE IN PORTUGAL,재고 없음
AB23XSW0003F025,ISABEL MARANT ETOILE,D,AB,SWEATSHIRT,MADE IN PORTUGAL,재고 없음
BO01X161831X001,TORY BURCH,D,BO,LEATHER BAG,MADE IN VIETNAM,재고 없음
BO01X161831X001,TORY BURCH,D,BO,LEATHER BAG,MADE IN VIETNAM,재고 없음
AL02X696656X003,FERRAGAMO,D,AL,JEWELLERY,MADE IN ITALY,재고 없음
AL02X696656X003,FERRAGAMO,D,AL,JEWELLERY,MADE IN ITALY,재고 없음
AL02X751029X004,FERRAGAMO,D,AL,JEWELLERY,MADE IN ITALY,재고 없음
AL02X751029X004,FERRAGAMO,D,AL,JEWELLERY,MADE IN ITALY,재고 없음
BO01CY3D277X007,EMPORIO ARMANI,D,BO,LEATHER BAG Colore unico,MADE IN CHINA,재고 없음
BO01CY3D277X007,EMPORIO ARMANI,D,BO,LEATHER BAG Colore unico,MADE IN CHINA,재고 없음
AL02X696581X006,FERRAGAMO,D,AL,JEWELLERY,MADE IN ITALY,재고 없음
AL02X696581X006,FERRAGAMO,D,AL,JEWELLERY,MADE IN ITALY,재고 없음
BO01X163892X001,TORY BURCH,D,BO,LEATHER BAG,MADE IN VIETNAM,재고 없음
BO01X163892X001,TORY BURCH,D,BO,LEATHER BAG,MADE IN VIETNAM,재고 없음
160858,UMA WANG,Women,Clothing,Dresses,Italy,재고 없음
AL12X2514731002,MAX MARA,D,AL,WOMEN SILK,MADE IN ITALY,재고 없음
AL12X2514731002,MAX MARA,D,AL,WOMEN SILK,MADE IN ITALY,재고 없음
AL02X696656X004,FERRAGAMO,D,AL,JEWELLERY,MADE IN ITALY,재고 없음
AL02X696656X004,FERRAGAMO,D,AL,JEWELLERY,MADE IN ITALY,재고 없음
AL02X53423XX005,TORY BURCH,D,AL,JEWELLERY,MADE IN CHINA,재고 없음
AL02X53423XX005,TORY BURCH,D,AL,JEWELLERY,MADE IN CHINA,재고 없음
BO01X161831X002,TORY BURCH,D,BO,LEATHER BAG,MADE IN VIETNAM,재고 없음
BO01X161831X002,TORY BURCH,D,BO,LEATHER BAG,MADE IN VIETNAM,재고 없음
BO01X000140X001,WANDLER,D,BO,LEATHER BAG,MADE IN ITALY,재고 없음
BO01X000140X001,WANDLER,D,BO,LEATHER BAG,MADE IN ITALY,재고 없음
BO01X371223X058,STELLA MCCARTNEY,D,BO,LEATHER BAG,MADE IN ITALY,재고 없음
BO01X371223X058,STELLA MCCARTNEY,D,BO,LEATHER BAG,MADE IN ITALY,재고 없음
BO01X4C03000002,VIVIENNE WESTWOOD,D,BO,LEATHER BAG,MADE IN CHINA,재고 없음
BO01X4C03000002,VIVIENNE WESTWOOD,D,BO,LEATHER BAG,MADE IN CHINA,재고 없음
AL04X38283XX001,PATAGONIA,U,AL,HAT,MADE IN VIETNAM,재고 없음
AL04X38283XX001,PATAGONIA,U,AL,HAT,MADE IN VIETNAM,재고 없음
CA03XOMIA189041,OFF WHITE,U,CA,SNEAKERS,MADE IN CHINA,재고 없음
CA03XOMIA189041,OFF WHITE,U,CA,SNEAKERS,MADE IN CHINA,재고 없음
CA05X560773X001,BIRKENSTOCK,D,CA,SANDALS,MADE IN GERMANY,재고 없음
CA05X560773X001,BIRKENSTOCK,D,CA,SANDALS,MADE IN GERMANY,재고 없음
AB28CK19548I002,MONCLER,K,AB,BABY DRESS Colore unico,MADE IN TURKEY,재고 없음
AB28CK19548I002,MONCLER,K,AB,BABY DRESS Colore unico,MADE IN TURKEY,재고 없음
AB29C758815X002,GUCCI,K,AB,POLO Colore unico,MADE IN ALBANIA,재고 없음
AB29C758815X002,GUCCI,K,AB,POLO Colore unico,MADE IN ALBANIA,재고 없음
BO01X6W2B0K5001,VALENTINO GARAVANI,D,BO,LEATHER BAG,MADE IN ITALY,재고 없음
BO01X6W2B0K5001,VALENTINO GARAVANI,D,BO,LEATHER BAG,MADE IN ITALY,재고 없음
BO01X758664X001,GUCCI,U,BO,travel bag,MADE IN ITALY,재고 없음
BO01X758664X001,GUCCI,U,BO,travel bag,MADE IN ITALY,재고 없음
AL02X998983X002,FERRAGAMO,D,AL,JEWELLERY,MADE IN ITALY,재고 없음
AL02X998983X002,FERRAGAMO,D,AL,JEWELLERY,MADE IN ITALY,재고 없음
AL03XNF0A882002,THE NORTH FACE,U,AL,SOCKS,MADE IN TURKEY,재고 없음
AL03XNF0A882002,THE NORTH FACE,U,AL,SOCKS,MADE IN TURKEY,재고 없음
CA05XQ37Y0X001,MANEBI,D,CA,SANDALS,MADE IN INDIA,재고 없음
CA05XQ37Y0X001,MANEBI,D,CA,SANDALS,MADE IN INDIA,재고 없음
AL02X90547XX002,TORY BURCH,D,AL,JEWELLERY,MADE IN CHINA,재고 없음
AL02X90547XX002,TORY BURCH,D,AL,JEWELLERY,MADE IN CHINA,재고 없음
BO09XALINEXX004,SAINT BARTH,U,BO,POUCH BAG,MADE IN CHINA,재고 없음
BO09XALINEXX004,SAINT BARTH,U,BO,POUCH BAG,MADE IN CHINA,재고 없음
BO01CEW00177003,EMPORIO ARMANI,D,BO,LEATHER BAG Colore unico,MADE IN CHINA,재고 없음
BO01CEW00177003,EMPORIO ARMANI,D,BO,LEATHER BAG Colore unico,MADE IN CHINA,재고 없음
CA07XSD0111X003,PINKO,D,CA,FLAT SHOES,MADE IN EXTRA UE,재고 없음
CA07XSD0111X003,PINKO,D,CA,FLAT SHOES,MADE IN EXTRA UE,재고 없음
BO01XBB511JX001,GIVENCHY,D,BO,MINI BAG,MADE IN ITALY,재고 없음
BO01XBB511JX001,GIVENCHY,D,BO,MINI BAG,MADE IN ITALY,재고 없음
BO01X34180XX004,LONGCHAMP,D,BO,LEATHER BAG,MADE IN TUNISIA,재고 없음
BO01X34180XX004,LONGCHAMP,D,BO,LEATHER BAG,MADE IN TUNISIA,재고 없음
AB31CKS10244001,KONGES SLOJD,K,AB,DOWNJACKET,MADE IN CHINA,재고 없음
AB31CKS10244001,KONGES SLOJD,K,AB,DOWNJACKET,MADE IN CHINA,재고 없음
CA08XRVW0064001,ROGER VIVIER,D,CA,HEELED SHOES,MADE IN ITALY,재고 없음
CA08XRVW0064001,ROGER VIVIER,D,CA,HEELED SHOES,MADE IN ITALY,재고 없음
BO01X068010_015,ZANELLATO,D,BO,LEATHER BAG,MADE IN ITALY,재고 없음
BO01X068010_015,ZANELLATO,D,BO,LEATHER BAG,MADE IN ITALY,재고 없음
AB31COBEH001003,OFF WHITE,K,AB,DOWNJACKET Colore unico,MADE IN PORTUGAL,재고 없음
AB31COBEH001003,OFF WHITE,K,AB,DOWNJACKET Colore unico,MADE IN PORTUGAL,재고 없음
AL12X8088136001,BURBERRY,D,AL,WOMEN SILK,MADE IN ITALY,재고 없음
AL12X8088136001,BURBERRY,D,AL,WOMEN SILK,MADE IN ITALY,재고 없음
BO01XXBWAPAE020,TODS,D,BO,LEATHER BAG,MADE IN ITALY,재고 없음
BO01XXBWAPAE020,TODS,D,BO,LEATHER BAG,MADE IN ITALY,재고 없음
PP12X6W2P0AI002,VALENTINO GARAVANI,D,PP,POUCH,MADE IN ITALY,재고 없음
PP12X6W2P0AI002,VALENTINO GARAVANI,D,PP,POUCH,MADE IN ITALY,재고 없음
BO01X18CMAC1001,CP COMPANY,U,BO,LEATHER BAG,MADE IN CHINA,재고 없음
BO01X18CMAC1001,CP COMPANY,U,BO,LEATHER BAG,MADE IN CHINA,재고 없음
AB31X828105X001,GUCCI,D,AB,DOWNJACKET,MADE IN ITALY,재고 없음
AB31X828105X001,GUCCI,D,AB,DOWNJACKET,MADE IN ITALY,재고 없음
AB31XHMW018P001,PYRENEX,U,AB,DOWNJACKET,MADE IN CHINA,재고 없음
AB31XHMW018P001,PYRENEX,U,AB,DOWNJACKET,MADE IN CHINA,재고 없음
CA03X3240422002,CHRISTIAN LOUBOUTIN,U,CA,SNEAKERS,MADE IN ITALY,재고 없음
CA03X3240422002,CHRISTIAN LOUBOUTIN,U,CA,SNEAKERS,MADE IN ITALY,재고 없음
CA05XL70Y0X001,MANEBI,D,CA,SANDALS,MADE IN INDIA,재고 없음
CA05XL70Y0X001,MANEBI,D,CA,SANDALS,MADE IN INDIA,재고 없음
29494107,,Woman,Clothing,Sea clothing,BULGARIA,브랜드 실패(사유: None) / 카테고리 성공 / 원산지 성공
29494107,,Woman,Clothing,Sea clothing,BULGARIA,브랜드 실패(사유: None) / 카테고리 성공 / 원산지 성공
29494107,,Woman,Clothing,Sea clothing,BULGARIA,브랜드 실패(사유: None) / 카테고리 성공 / 원산지 성공
29494107,,Woman,Clothing,Sea clothing,BULGARIA,브랜드 실패(사유: None) / 카테고리 성공 / 원산지 성공
29494107,,Woman,Clothing,Sea clothing,BULGARIA,브랜드 실패(사유: None) / 카테고리 성공 / 원산지 성공
29494107,,Woman,Clothing,Sea clothing,BULGARIA,브랜드 실패(사유: None) / 카테고리 성공 / 원산지 성공
BO01X371223X057,STELLA MCCARTNEY,D,BO,LEATHER BAG,MADE IN ITALY,재고 없음
BO01X371223X057,STELLA MCCARTNEY,D,BO,LEATHER BAG,MADE IN ITALY,재고 없음
AL02X143760X001,TORY BURCH,D,AL,JEWELLERY,MADE IN CHINA,재고 없음
AL02X143760X001,TORY BURCH,D,AL,JEWELLERY,MADE IN CHINA,재고 없음
AL02XS25-FG0001,PANCONESI,D,AL,JEWELLERY,MADE IN ITALY,재고 없음
AL02XS25-FG0001,PANCONESI,D,AL,JEWELLERY,MADE IN ITALY,재고 없음
CA07XSD0349X001,PINKO,D,CA,FLAT SHOES,MADE IN ITALY,재고 없음
CA01XDU3266_001,DOUCAL'S,U,CA,LEATHER SOLE,,재고 없음
CA01XDU3266_001,DOUCAL'S,U,CA,LEATHER SOLE,,재고 없음
BO01X162451X003,TORY BURCH,D,BO,LEATHER BAG,MADE IN VIETNAM,재고 없음
BO01X162451X003,TORY BURCH,D,BO,LEATHER BAG,MADE IN VIETNAM,재고 없음
CA03CJRM476_001,FENDI,K,CA,SNEAKERS Colore unico,MADE IN ITALY,재고 없음
CA03CJRM476_001,FENDI,K,CA,SNEAKERS Colore unico,MADE IN ITALY,재고 없음
BO09X155038X002,TORY BURCH,D,BO,POUCH BAG,MADE IN INDIA,재고 없음
BO09X155038X002,TORY BURCH,D,BO,POUCH BAG,MADE IN INDIA,재고 없음
AB31XNAM3749001,FAY,U,AB,DOWNJACKET,MADE IN ITALY,재고 없음
AB31XNAM3749001,FAY,U,AB,DOWNJACKET,MADE IN ITALY,재고 없음
CA03XS57WS02038,MAISON MARGIELA,U,CA,SNEAKERS,MADE IN ITALY,재고 없음
CA03XS57WS02038,MAISON MARGIELA,U,CA,SNEAKERS,MADE IN ITALY,재고 없음
BO01X100074X022,PINKO,D,BO,LEATHER BAG,MADE IN CHINA,재고 없음
BO01X100074X022,PINKO,D,BO,LEATHER BAG,MADE IN CHINA,재고 없음
BO01CEW00177002,EMPORIO ARMANI,D,BO,LEATHER BAG Colore unico,MADE IN CHINA,재고 없음
BO01CEW00177002,EMPORIO ARMANI,D,BO,LEATHER BAG Colore unico,MADE IN CHINA,재고 없음
BO01X6W2B0R1008,VALENTINO GARAVANI,D,BO,LEATHER BAG,MADE IN ITALY,재고 없음
BO01X6W2B0R1008,VALENTINO GARAVANI,D,BO,LEATHER BAG,MADE IN ITALY,재고 없음
AL02X155515X001,TORY BURCH,D,AL,2000029974519,MADE IN CHINA,재고 없음
AL02X155515X001,TORY BURCH,D,AL,2000029974519,MADE IN CHINA,재고 없음
BO01X161876X001,TORY BURCH,D,BO,LEATHER BAG,MADE IN CAMBOGIA,재고 없음
BO01X161876X001,TORY BURCH,D,BO,LEATHER BAG,MADE IN CAMBOGIA,재고 없음
BO01X81928XX021,TORY BURCH,D,BO,2000029971914,MADE IN CAMBOGIA,재고 없음
BO01X81928XX021,TORY BURCH,D,BO,2000029971914,MADE IN CAMBOGIA,재고 없음
BO02X10090XX004,LONGCHAMP,D,BO,FABRIC BAG,MADE IN FRANCE,재고 없음
BO02X10090XX004,LONGCHAMP,D,BO,FABRIC BAG,MADE IN FRANCE,재고 없음
BO01XBB50SSX007,GIVENCHY,D,BO,tote bag,MADE IN ITALY,재고 없음
BO01XBB50SSX007,GIVENCHY,D,BO,tote bag,MADE IN ITALY,재고 없음
AB03XP25SP03002,PLEASURES,U,AB,SHORT,MADE IN CHINA,재고 없음
AB03XP25SP03002,PLEASURES,U,AB,SHORT,MADE IN CHINA,재고 없음
BO01XXBWAPAF022,TODS,D,BO,LEATHER BAG,MADE IN ITALY,재고 없음
BO01XXBWAPAF022,TODS,D,BO,LEATHER BAG,MADE IN ITALY,재고 없음
BO05X18CMAC3001,CP COMPANY,U,BO,BACKPACK,MADE IN CHINA,재고 없음
BO05X18CMAC3001,CP COMPANY,U,BO,BACKPACK,MADE IN CHINA,재고 없음
CA05X1029193001,BIRKENSTOCK,U,CA,SANDALS,MADE IN GERMANY,재고 없음
CA05X1029193001,BIRKENSTOCK,U,CA,SANDALS,MADE IN GERMANY,재고 없음
CA08XG24580X018,GIANVITO ROSSI,D,CA,HEELED SHOES,MADE IN ITALY,재고 없음
CA08XG24580X018,GIANVITO ROSSI,D,CA,HEELED SHOES,MADE IN ITALY,재고 없음
BO01XJ209B5L001,MONCLER,D,BO,LEATHER BAG,MADE IN HUNGARY,재고 없음
BO01XJ209B5L001,MONCLER,D,BO,LEATHER BAG,MADE IN HUNGARY,재고 없음
CA01XXXW54K0001,TODS,D,CA,LEATHER SOLE,MADE IN ITALY,재고 없음
CA01XXXW54K0001,TODS,D,CA,LEATHER SOLE,MADE IN ITALY,재고 없음
CA03X810345X001,STELLA MCCARTNEY,D,CA,SNEAKERS,MADE IN SPAIN,재고 없음
CA03X810345X001,STELLA MCCARTNEY,D,CA,SNEAKERS,MADE IN SPAIN,재고 없음
CA03XHXM6300006,HOGAN,U,CA,SNEAKERS,MADE IN ITALY,재고 없음
CA03XHXM6300006,HOGAN,U,CA,SNEAKERS,MADE IN ITALY,재고 없음
CA05X659817X003,SAINT LAURENT,D,CA,SANDALS,MADE IN ITALY,재고 없음
CA05X659817X003,SAINT LAURENT,D,CA,SANDALS,MADE IN ITALY,재고 없음
PP02X6W0T0SM001,VALENTINO GARAVANI,D,PP,BELT,MADE IN ITALY,재고 없음
PP02X6W0T0SM001,VALENTINO GARAVANI,D,PP,BELT,MADE IN ITALY,재고 없음
PP07X768248X005,GUCCI,U,PP,WALLET,MADE IN ITALY,재고 없음
PP07X768248X005,GUCCI,U,PP,WALLET,MADE IN ITALY,재고 없음
CA05X144328X006,TORY BURCH,D,CA,SANDALS,MADE IN VIETNAM,재고 없음
CA05X144328X006,TORY BURCH,D,CA,SANDALS,MADE IN VIETNAM,재고 없음
29494187,,Woman,Clothing,Sea clothing,BULGARIA,브랜드 실패(사유: None) / 카테고리 성공 / 원산지 성공
29494187,,Woman,Clothing,Sea clothing,BULGARIA,브랜드 실패(사유: None) / 카테고리 성공 / 원산지 성공
29494187,,Woman,Clothing,Sea clothing,BULGARIA,브랜드 실패(사유: None) / 카테고리 성공 / 원산지 성공
29494187,,Woman,Clothing,Sea clothing,BULGARIA,브랜드 실패(사유: None) / 카테고리 성공 / 원산지 성공
29494187,,Woman,Clothing,Sea clothing,BULGARIA,브랜드 실패(사유: None) / 카테고리 성공 / 원산지 성공
29494187,,Woman,Clothing,Sea clothing,BULGARIA,브랜드 실패(사유: None) / 카테고리 성공 / 원산지 성공
CA06X5955XXX002,UGG,D,CA,FLIP FLOPS,MADE IN VIETNAM,재고 없음
CA06X5955XXX002,UGG,D,CA,FLIP FLOPS,MADE IN VIETNAM,재고 없음
PP06X794061X001,GUCCI,U,PP,2000030173321,MADE IN ITALY,재고 없음
PP06X794061X001,GUCCI,U,PP,2000030173321,MADE IN ITALY,재고 없음
CA07X157625X001,TORY BURCH,D,CA,FLAT SHOES,MADE IN VIETNAM,재고 없음
CA07X157625X001,TORY BURCH,D,CA,FLAT SHOES,MADE IN VIETNAM,재고 없음
CA05XRVW7754001,ROGER VIVIER,D,CA,SANDALS,MADE IN ITALY,재고 없음
CA05XRVW7754001,ROGER VIVIER,D,CA,SANDALS,MADE IN ITALY,재고 없음
AB02XGUS0009001,SAINT BARTH,U,AB,BEACHWEAR,MADE IN CHINA,재고 없음
AB02XGUS0009001,SAINT BARTH,U,AB,BEACHWEAR,MADE IN CHINA,재고 없음
AB02XGUS0009002,SAINT BARTH,U,AB,BEACHWEAR,MADE IN CHINA,재고 없음
AB02XGUS0009002,SAINT BARTH,U,AB,BEACHWEAR,MADE IN CHINA,재고 없음
AB04XF5G19TX004,DOLCE&GABBANA,D,AB,SHIRT,MADE IN ITALY,재고 없음
AB04XF5G19TX004,DOLCE&GABBANA,D,AB,SHIRT,MADE IN ITALY,재고 없음
AB04XG5LG9TX003,DOLCE&GABBANA,U,AB,SHIRT,,재고 없음
AB04XG5LG9TX003,DOLCE&GABBANA,U,AB,SHIRT,,재고 없음
AB03X8101268001,BURBERRY,U,AB,SHORT,MADE IN ITALY,재고 없음
AB03X8101268001,BURBERRY,U,AB,SHORT,MADE IN ITALY,재고 없음
CA06X129443X001,BIRKENSTOCK,D,CA,FLIP FLOPS,MADE IN GERMANY,재고 없음
CA06X129443X001,BIRKENSTOCK,D,CA,FLIP FLOPS,MADE IN GERMANY,재고 없음
AB01XBFSS23D001,BEAUFILLE,D,AB,DRESS,MADE IN PORTUGAL,재고 없음
AB01XBFSS23D001,BEAUFILLE,D,AB,DRESS,MADE IN PORTUGAL,재고 없음
PP12X100062X001,PINKO,D,PP,POUCH,MADE IN CHINA,재고 없음
PP12X100062X001,PINKO,D,PP,POUCH,MADE IN CHINA,재고 없음
AB01X141424X001,MAGDA BUTRYM,D,AB,DRESS,MADE IN POLAND,재고 없음
AB01X141424X001,MAGDA BUTRYM,D,AB,DRESS,MADE IN POLAND,재고 없음
BO01X158532X001,TORY BURCH,D,BO,LEATHER BAG,MADE IN CAMBOGIA,재고 없음
BO01X158532X001,TORY BURCH,D,BO,LEATHER BAG,MADE IN CAMBOGIA,재고 없음
AB10X18CMTS1006,CP COMPANY,U,AB,JERSEY,MADE IN MOLDOVA,재고 없음
AB10X18CMTS1006,CP COMPANY,U,AB,JERSEY,MADE IN MOLDOVA,재고 없음
AB03XPMCL004004,PALM ANGELS,U,AB,2000031078151,MADE IN PORTUGAL,재고 없음
AB03XPMCL004004,PALM ANGELS,U,AB,2000031078151,MADE IN PORTUGAL,재고 없음
BO09X1235118001,CHRISTIAN LOUBOUTIN,D,BO,POUCH BAG,,재고 없음
BO09X1235118001,CHRISTIAN LOUBOUTIN,D,BO,POUCH BAG,,재고 없음
AB11XB9D0035001,AMARANTO,U,AB,KNITWEAR,MADE IN ITALY,재고 없음
AB11XB9D0035001,AMARANTO,U,AB,KNITWEAR,MADE IN ITALY,재고 없음
CA05X144328X005,TORY BURCH,D,CA,SANDALS,MADE IN VIETNAM,재고 없음
CA05X144328X005,TORY BURCH,D,CA,SANDALS,MADE IN VIETNAM,재고 없음
AB11XB9D0035002,AMARANTO,U,AB,KNITWEAR,MADE IN ITALY,재고 없음
AB11XB9D0035002,AMARANTO,U,AB,KNITWEAR,MADE IN ITALY,재고 없음
AB11XPERMPU0001,COURREGES,D,AB,KNITWEAR,MADE IN BULGARIA,재고 없음
AB11XPERMPU0001,COURREGES,D,AB,KNITWEAR,MADE IN BULGARIA,재고 없음
AB13XGYJCCZX001,DOLCE&GABBANA,U,AB,TROUSERS,MADE IN ITALY,재고 없음
AB13XGYJCCZX001,DOLCE&GABBANA,U,AB,TROUSERS,MADE IN ITALY,재고 없음
BO05XSB5WA00001,MM6,U,BO,2000031153070,MADE IN CHINA,재고 없음
BO05XSB5WA00001,MM6,U,BO,2000031153070,MADE IN CHINA,재고 없음
AB11CS05XOVW001,BONPOINT,K,AB,KNITWEAR Colore unico,MADE IN ALBANIA,재고 없음
AB11CS05XOVW001,BONPOINT,K,AB,KNITWEAR Colore unico,MADE IN ALBANIA,재고 없음
AB07X6500953001,STELLA MCCARTNEY,D,AB,JACKET,MADE IN POLAND,재고 없음
AB07X6500953001,STELLA MCCARTNEY,D,AB,JACKET,MADE IN POLAND,재고 없음
AB13CEW00157001,EMPORIO ARMANI,D,AB,TROUSERS,MADE IN TUNISIA,재고 없음
AB13CEW00157001,EMPORIO ARMANI,D,AB,TROUSERS,MADE IN TUNISIA,재고 없음
AB23XK1S1561012,STONE ISLAND,U,AB,SWEATSHIRT,MADE IN TURKEY,재고 없음
AB23XK1S1561012,STONE ISLAND,U,AB,SWEATSHIRT,MADE IN TURKEY,재고 없음
AB08CK19541A003,MONCLER,K,AB,VEST Colore unico,MADE IN ARMENIA,재고 없음
AB08CK19541A003,MONCLER,K,AB,VEST Colore unico,MADE IN ARMENIA,재고 없음
AB09X786369X001,BOTTEGA VENETA,D,AB,SKIRT,MADE IN ITALY,재고 없음
AB09X786369X001,BOTTEGA VENETA,D,AB,SKIRT,MADE IN ITALY,재고 없음
AB13X18CLSP0001,CP COMPANY,U,AB,TROUSERS,MADE IN CHINA,재고 없음
AB13X18CLSP0001,CP COMPANY,U,AB,TROUSERS,MADE IN CHINA,재고 없음
AB13XPOLBBJE001,POLAR SKATE CO,U,AB,TROUSERS,MADE IN POLAND,재고 없음
AB13XPOLBBJE001,POLAR SKATE CO,U,AB,TROUSERS,MADE IN POLAND,재고 없음
AB13X2180XXX001,C.9.3,U,AB,TROUSERS,MADE IN ITALY,재고 없음
AB13X2180XXX001,C.9.3,U,AB,TROUSERS,MADE IN ITALY,재고 없음
AB03XSS25-02001,ARTE,U,AB,SHORT,MADE IN PORTUGAL,재고 없음
AB03XSS25-02001,ARTE,U,AB,SHORT,MADE IN PORTUGAL,재고 없음
AB31XHMW012P001,PYRENEX,U,AB,DOWNJACKET,MADE IN TUNISIA,재고 없음
AB31XHMW012P001,PYRENEX,U,AB,DOWNJACKET,MADE IN TUNISIA,재고 없음
AB09X1K01001001,VIVIENNE WESTWOOD,D,AB,SKIRT,MADE IN ITALY,재고 없음
AB09X1K01001001,VIVIENNE WESTWOOD,D,AB,SKIRT,MADE IN ITALY,재고 없음
AB09X8083032001,BURBERRY,D,AB,SKIRT,MADE IN POLAND,재고 없음
AB09X8083032001,BURBERRY,D,AB,SKIRT,MADE IN POLAND,재고 없음
AB09XCOGNACX001,MAX MARA,D,AB,SKIRT,MADE IN ITALY,재고 없음
AB09XCOGNACX001,MAX MARA,D,AB,SKIRT,MADE IN ITALY,재고 없음
AB09XFQ7601X001,FENDI,D,AB,SKIRT,,재고 없음
AB09XFQ7601X001,FENDI,D,AB,SKIRT,,재고 없음
AB22XBG24311001,BUTTER GOODS,U,AB,T-SHIRT,,재고 없음
AB22XBG24311001,BUTTER GOODS,U,AB,T-SHIRT,,재고 없음
AB10X18CMTS1001,CP COMPANY,U,AB,JERSEY,MADE IN CHINA,재고 없음
AB10X18CMTS1001,CP COMPANY,U,AB,JERSEY,MADE IN CHINA,재고 없음
AL20X560035X002,SAINT LAURENT,D,AL,SUNGLASSES,MADE IN ITALY,재고 없음
AL20X560035X002,SAINT LAURENT,D,AL,SUNGLASSES,MADE IN ITALY,재고 없음
AB32CP25DP53003,IL GUFO,K,AB,SET TOP PANTALONE Colore unico,MADE IN MAROCCO,재고 없음
AB32CP25DP53003,IL GUFO,K,AB,SET TOP PANTALONE Colore unico,MADE IN MAROCCO,재고 없음
BO01X818771X001,GUCCI,U,BO,mini bag,MADE IN ITALY,재고 없음
BO01X818771X001,GUCCI,U,BO,mini bag,MADE IN ITALY,재고 없음
AB22C575114X009,GUCCI,K,AB,T-SHIRT Colore unico,MADE IN ITALY,재고 없음
AB22C575114X009,GUCCI,K,AB,T-SHIRT Colore unico,MADE IN ITALY,재고 없음
AB13X18CMPA1003,CP COMPANY,U,AB,TROUSERS,MADE IN TUNISIA,재고 없음
AB13X18CMPA1003,CP COMPANY,U,AB,TROUSERS,MADE IN TUNISIA,재고 없음
AB04X634641X001,SAINT LAURENT,D,AB,SHIRT,MADE IN ITALY,재고 없음
AB04X634641X001,SAINT LAURENT,D,AB,SHIRT,MADE IN ITALY,재고 없음
AB22XS25M011001,MAJESTIC FILATURES,U,AB,T-SHIRT,MADE IN PORTUGAL,재고 없음
AB22XS25M011001,MAJESTIC FILATURES,U,AB,T-SHIRT,MADE IN PORTUGAL,재고 없음
AB04XK1S1512001,STONE ISLAND,U,AB,SHIRT,MADE IN TUNISIA,재고 없음
AB04XK1S1512001,STONE ISLAND,U,AB,SHIRT,MADE IN TUNISIA,재고 없음
CA05XM08Y0X001,MANEBI,D,CA,SANDALS,MADE IN INDIA,재고 없음
CA05XM08Y0X001,MANEBI,D,CA,SANDALS,MADE IN INDIA,재고 없음
AB09XARMTMSK004,ARMARIUM,D,AB,SKIRT,MADE IN ITALY,재고 없음
AB09XARMTMSK004,ARMARIUM,D,AB,SKIRT,MADE IN ITALY,재고 없음
AB22COBAA002040,OFF WHITE,K,AB,T-SHIRT Colore unico,MADE IN PORTUGAL,재고 없음
AB22COBAA002040,OFF WHITE,K,AB,T-SHIRT Colore unico,MADE IN PORTUGAL,재고 없음
AB13XAA9P022001,ALAIA,D,AB,TROUSERS,MADE IN ITALY,재고 없음
AB13XAA9P022001,ALAIA,D,AB,TROUSERS,MADE IN ITALY,재고 없음
AB13XHTR214X001,AMI,U,AB,TROUSERS,MADE IN ROMANIA,재고 없음
AB13XHTR214X001,AMI,U,AB,TROUSERS,MADE IN ROMANIA,재고 없음
AB13CS05XPAW002,BONPOINT,K,AB,TROUSERS Colore unico,MADE IN INDIA,재고 없음
AB13CS05XPAW002,BONPOINT,K,AB,TROUSERS Colore unico,MADE IN INDIA,재고 없음
AB22XPMAA001120,PALM ANGELS,U,AB,T-SHIRT,MADE IN ITALY,재고 없음
AB22XPMAA001120,PALM ANGELS,U,AB,T-SHIRT,MADE IN ITALY,재고 없음
AB22CM01466X002,MARNI,K,AB,T-SHIRT Colore unico,MADE IN BULGARIA,재고 없음
AB22CM01466X002,MARNI,K,AB,T-SHIRT Colore unico,MADE IN BULGARIA,재고 없음
AB22COBAA002038,OFF WHITE,K,AB,T-SHIRT Colore unico,MADE IN PORTUGAL,재고 없음
AB22COBAA002038,OFF WHITE,K,AB,T-SHIRT Colore unico,MADE IN PORTUGAL,재고 없음
AB13X250WCP0001,THE ATTICO,D,AB,TROUSERS,MADE IN ITALY,재고 없음
AB13X250WCP0001,THE ATTICO,D,AB,TROUSERS,MADE IN ITALY,재고 없음
AB13X250WCP0003,THE ATTICO,D,AB,TROUSERS,MADE IN ITALY,재고 없음
AB13X250WCP0003,THE ATTICO,D,AB,TROUSERS,MADE IN ITALY,재고 없음
AB22COBAA002042,OFF WHITE,K,AB,T-SHIRT Colore unico,MADE IN PORTUGAL,재고 없음
AB22COBAA002042,OFF WHITE,K,AB,T-SHIRT Colore unico,MADE IN PORTUGAL,재고 없음
AB22COGAA019002,OFF WHITE,K,AB,T-SHIRT Colore unico,MADE IN PORTUGAL,재고 없음
AB22COGAA019002,OFF WHITE,K,AB,T-SHIRT Colore unico,MADE IN PORTUGAL,재고 없음
AL03COBRA004001,OFF WHITE,K,AL,SOCKS Colore unico,MADE IN ITALY,재고 없음
AL03COBRA004001,OFF WHITE,K,AL,SOCKS Colore unico,MADE IN ITALY,재고 없음
CA03XL477619001,SALOMON,D,CA,SNEAKERS,MADE IN VIETNAM,재고 없음
CA03XL477619001,SALOMON,D,CA,SNEAKERS,MADE IN VIETNAM,재고 없음
AB22XMJS252A001,THOM BROWNE,U,AB,T-SHIRT,MADE IN ITALY,재고 없음
AB22XMJS252A001,THOM BROWNE,U,AB,T-SHIRT,MADE IN ITALY,재고 없음
AB03C8100074001,BURBERRY,K,AB,SHORT Colore unico,MADE IN THAILANDIA,재고 없음
AB03C8100074001,BURBERRY,K,AB,SHORT Colore unico,MADE IN THAILANDIA,재고 없음
AB23X5B3CJ3A001,VALENTINO,D,AB,SWEATSHIRT,MADE IN ITALY,재고 없음
AB23X5B3CJ3A001,VALENTINO,D,AB,SWEATSHIRT,MADE IN ITALY,재고 없음
BO01X18CMAC2001,CP COMPANY,U,BO,LEATHER BAG,MADE IN CHINA,재고 없음
BO01X18CMAC2001,CP COMPANY,U,BO,LEATHER BAG,MADE IN CHINA,재고 없음
BO01XRBWAMFD001,ROGER VIVIER,D,BO,LEATHER BAG,MADE IN ITALY,재고 없음
BO01XRBWAMFD001,ROGER VIVIER,D,BO,LEATHER BAG,MADE IN ITALY,재고 없음
AB18X381XXXX001,EXTREME CASHMERE,D,AB,TOP,MADE IN CHINA,재고 없음
AB18X381XXXX001,EXTREME CASHMERE,D,AB,TOP,MADE IN CHINA,재고 없음
AB18XALBIAXX001,LOULOU STUDIO,D,AB,TOP,MADE IN PORTUGAL,재고 없음
AB31XLTAT24A008,TATRAS,D,AB,2000030153699,MADE IN POLAND,재고 없음
AB31XLTAT24A008,TATRAS,D,AB,2000030153699,MADE IN POLAND,재고 없음
AB31CK19541A004,MONCLER,K,AB,DOWNJACKET Colore unico,,재고 없음
AB31CK19541A004,MONCLER,K,AB,DOWNJACKET Colore unico,,재고 없음
AB31XPI00190002,HERNO,D,AB,DOWNJACKET,MADE IN ROMANIA,재고 없음
AB31XPI00190002,HERNO,D,AB,DOWNJACKET,MADE IN ROMANIA,재고 없음
AB24XMKC542A001,THOM BROWNE,U,AB,CARDIGAN,MADE IN IRELAND,재고 없음
AB24XMKC542A001,THOM BROWNE,U,AB,CARDIGAN,MADE IN IRELAND,재고 없음
AB25X85241XX001,PATAGONIA,U,AB,WINDBREAKER,MADE IN VIETNAM,재고 없음
AB25X85241XX001,PATAGONIA,U,AB,WINDBREAKER,MADE IN VIETNAM,재고 없음
AB22X25UJH09001,CHLOE',D,AB,T-SHIRT,MADE IN ITALY,재고 없음
AB22X25UJH09001,CHLOE',D,AB,T-SHIRT,MADE IN ITALY,재고 없음
AB22X37655XX003,PATAGONIA,U,AB,T-SHIRT,MADE IN MEXICO,재고 없음
AB22X37655XX003,PATAGONIA,U,AB,T-SHIRT,MADE IN MEXICO,재고 없음
AB31X18CMOW0001,CP COMPANY,U,AB,DOWNJACKET,MADE IN CHINA,재고 없음
AB31X18CMOW0001,CP COMPANY,U,AB,DOWNJACKET,MADE IN CHINA,재고 없음
29494395,,Woman,Shoes,Flat shoes,ITALY,브랜드 실패(사유: None) / 카테고리 성공 / 원산지 성공
29494395,,Woman,Shoes,Flat shoes,ITALY,브랜드 실패(사유: None) / 카테고리 성공 / 원산지 성공
29494395,,Woman,Shoes,Flat shoes,ITALY,브랜드 실패(사유: None) / 카테고리 성공 / 원산지 성공
29494395,,Woman,Shoes,Flat shoes,ITALY,브랜드 실패(사유: None) / 카테고리 성공 / 원산지 성공
29494395,,Woman,Shoes,Flat shoes,ITALY,브랜드 실패(사유: None) / 카테고리 성공 / 원산지 성공
29494395,,Woman,Shoes,Flat shoes,ITALY,브랜드 실패(사유: None) / 카테고리 성공 / 원산지 성공
BO05X18CMAC1001,CP COMPANY,U,BO,BACKPACK,MADE IN CHINA,재고 없음
BO05X18CMAC1001,CP COMPANY,U,BO,BACKPACK,MADE IN CHINA,재고 없음
CA05X560773X002,BIRKENSTOCK,U,CA,SANDALS,MADE IN GERMANY,재고 없음
CA05X560773X002,BIRKENSTOCK,U,CA,SANDALS,MADE IN GERMANY,재고 없음
BO01X748849X001,SAINT LAURENT,D,BO,LEATHER BAG,MADE IN ITALY,재고 없음
BO01X748849X001,SAINT LAURENT,D,BO,LEATHER BAG,MADE IN ITALY,재고 없음
AL04XNF0A7WH004,THE NORTH FACE,U,AL,HAT,MADE IN BANGLADESH,재고 없음
BO02XL2605XX094,LONGCHAMP,D,BO,FABRIC BAG,MADE IN TUNISIA,재고 없음
BO02XL2605XX094,LONGCHAMP,D,BO,FABRIC BAG,MADE IN TUNISIA,재고 없음
AB31XK1S1541008,STONE ISLAND,U,AB,DOWNJACKET,MADE IN ROMANIA,재고 없음
AB31XK1S1541008,STONE ISLAND,U,AB,DOWNJACKET,MADE IN ROMANIA,재고 없음
PP07XPM0002F001,ISABEL MARANT,D,PP,WALLET,MADE IN INDIA,재고 없음
PP07XPM0002F001,ISABEL MARANT,D,PP,WALLET,MADE IN INDIA,재고 없음
BO01XXBWBUZK002,TODS,D,BO,LEATHER BAG,MADE IN ITALY,재고 없음
BO01XXBWBUZK002,TODS,D,BO,LEATHER BAG,MADE IN ITALY,재고 없음
CA03XCS1772X010,DOLCE&GABBANA,U,CA,SNEAKERS,MADE IN ITALY,재고 없음
CA03XCS1772X010,DOLCE&GABBANA,U,CA,SNEAKERS,MADE IN ITALY,재고 없음
AL02X495450X009,FERRAGAMO,D,AL,JEWELLERY,MADE IN ITALY,재고 없음
AL02X495450X009,FERRAGAMO,D,AL,JEWELLERY,MADE IN ITALY,재고 없음
AL11X8078779001,BURBERRY,D,AL,SCARF,MADE IN ITALY,재고 없음
AL11X8078779001,BURBERRY,D,AL,SCARF,MADE IN ITALY,재고 없음
CA03XCP05031004,VEJA,U,CA,SNEAKERS,MADE IN BRAZIL,재고 없음
CA03XCP05031004,VEJA,U,CA,SNEAKERS,MADE IN BRAZIL,재고 없음
AL11X8105913001,BURBERRY,D,AL,SCARF,MADE IN ITALY,재고 없음
AL11X8105913001,BURBERRY,D,AL,SCARF,MADE IN ITALY,재고 없음
CA08X6W2S0Q7001,VALENTINO GARAVANI,D,CA,HEELED SHOES,MADE IN ITALY,재고 없음
CA08X6W2S0Q7001,VALENTINO GARAVANI,D,CA,HEELED SHOES,MADE IN ITALY,재고 없음
BO05X18CMAC1002,CP COMPANY,U,BO,BACKPACK,MADE IN CHINA,재고 없음
BO05X18CMAC1002,CP COMPANY,U,BO,BACKPACK,MADE IN CHINA,재고 없음
BO01X243BA38005,JACQUEMUS,D,BO,LEATHER BAG,,재고 없음
BO01X243BA38005,JACQUEMUS,D,BO,LEATHER BAG,,재고 없음
BO01X8093869002,BURBERRY,D,BO,LEATHER BAG,MADE IN ITALY,재고 없음
BO01X8093869002,BURBERRY,D,BO,LEATHER BAG,MADE IN ITALY,재고 없음
CA03X6W2S0IL002,VALENTINO GARAVANI,D,CA,SNEAKERS,MADE IN ITALY,재고 없음
CA03X6W2S0IL002,VALENTINO GARAVANI,D,CA,SNEAKERS,MADE IN ITALY,재고 없음
BO02XL2605XX086,LONGCHAMP,D,BO,FABRIC BAG,MADE IN TUNISIA,재고 없음
BO02XL2605XX086,LONGCHAMP,D,BO,FABRIC BAG,MADE IN TUNISIA,재고 없음
CA03XOMIA189043,OFF WHITE,U,CA,SNEAKERS,MADE IN CHINA,재고 없음
CA03XOMIA189043,OFF WHITE,U,CA,SNEAKERS,MADE IN CHINA,재고 없음
PP02X411924X050,GUCCI,U,PP,BELT,MADE IN ITALY,재고 없음
PP02X411924X050,GUCCI,U,PP,BELT,MADE IN ITALY,재고 없음
BO01X213BA00109,JACQUEMUS,D,BO,LEATHER BAG,MADE IN ITALY,재고 없음
BO01X213BA00109,JACQUEMUS,D,BO,LEATHER BAG,MADE IN ITALY,재고 없음
CA05X1029138001,BIRKENSTOCK,U,CA,SANDALS,MADE IN GERMANY,재고 없음
CA05X1029138001,BIRKENSTOCK,U,CA,SANDALS,MADE IN GERMANY,재고 없음
AB13XPMCJ020015,PALM ANGELS,U,AB,TROUSERS,MADE IN PORTUGAL,재고 없음
AB13XPMCJ020015,PALM ANGELS,U,AB,TROUSERS,MADE IN PORTUGAL,재고 없음
AB24XCA0040F014,ISABEL MARANT ETOILE,D,AB,CARDIGAN,MADE IN CHINA,재고 없음
AB24XCA0040F014,ISABEL MARANT ETOILE,D,AB,CARDIGAN,MADE IN CHINA,재고 없음
AL02X60525XX001,TORY BURCH,D,AL,JEWELLERY,MADE IN CHINA,재고 없음
AL02X60525XX001,TORY BURCH,D,AL,JEWELLERY,MADE IN CHINA,재고 없음
AB31XK109U1A003,MONCLER X FRAGMENT,U,AB,DOWNJACKET,MADE IN ROMANIA,재고 없음
AB31XK109U1A003,MONCLER X FRAGMENT,U,AB,DOWNJACKET,MADE IN ROMANIA,재고 없음
AB04XWRIA002002,ETRO,D,AB,SHIRT,MADE IN ITALY,재고 없음
AB04XWRIA002002,ETRO,D,AB,SHIRT,MADE IN ITALY,재고 없음
AB18XA04088X001,DIESEL,U,AB,TOP,MADE IN CHINA,재고 없음
AB18XA04088X001,DIESEL,U,AB,TOP,MADE IN CHINA,재고 없음
AB18XPS24WDF001,AMIRI,D,AB,TOP,MADE IN U.S.A.,재고 없음
AB18XPS24WDF001,AMIRI,D,AB,TOP,MADE IN U.S.A.,재고 없음
AB22C561651X001,GUCCI,K,AB,T-SHIRT Colore unico,MADE IN ITALY,재고 없음
AB22C561651X001,GUCCI,K,AB,T-SHIRT Colore unico,MADE IN ITALY,재고 없음
AB22COBAA002041,OFF WHITE,K,AB,T-SHIRT Colore unico,MADE IN PORTUGAL,재고 없음
AB22COBAA002041,OFF WHITE,K,AB,T-SHIRT Colore unico,MADE IN PORTUGAL,재고 없음
PP11X771157X001,GUCCI,U,PP,CARD HOLDER,MADE IN ITALY,재고 없음
PP11X771157X001,GUCCI,U,PP,CARD HOLDER,MADE IN ITALY,재고 없음
AB22COBAA002043,OFF WHITE,K,AB,T-SHIRT Colore unico,MADE IN PORTUGAL,재고 없음
AB22COBAA002043,OFF WHITE,K,AB,T-SHIRT Colore unico,MADE IN PORTUGAL,재고 없음
AB22CS05GTSK003,BONPOINT,K,AB,T-SHIRT Colore unico,MADE IN PORTUGAL,재고 없음
AB22CS05GTSK003,BONPOINT,K,AB,T-SHIRT Colore unico,MADE IN PORTUGAL,재고 없음
AB28CP25VM67003,IL GUFO,K,AB,BABY DRESS Colore unico,MADE IN ROMANIA,재고 없음
AB28CP25VM67003,IL GUFO,K,AB,BABY DRESS Colore unico,MADE IN ROMANIA,재고 없음
PP11XJ07VL00003,JIL SANDER,D,PP,CARD HOLDER,MADE IN ITALY,재고 없음
PP11XJ07VL00003,JIL SANDER,D,PP,CARD HOLDER,MADE IN ITALY,재고 없음
AB28CP25VM67004,IL GUFO,K,AB,BABY DRESS Colore unico,MADE IN ROMANIA,재고 없음
AB28CP25VM67004,IL GUFO,K,AB,BABY DRESS Colore unico,MADE IN ROMANIA,재고 없음
AB28CS05GDRW005,BONPOINT,K,AB,BABY DRESS Colore unico,MADE IN MADAGASCAR,재고 없음
AB28CS05GDRW005,BONPOINT,K,AB,BABY DRESS Colore unico,MADE IN MADAGASCAR,재고 없음
AL04X213AC00018,JACQUEMUS,U,AL,HAT,MADE IN BULGARIA,재고 없음
AL04X213AC00018,JACQUEMUS,U,AL,HAT,MADE IN BULGARIA,재고 없음
PP12X100455X005,PINKO,D,PP,POUCH,MADE IN CHINA,재고 없음
PP12X100455X005,PINKO,D,PP,POUCH,MADE IN CHINA,재고 없음
AL04X213AC00019,JACQUEMUS,U,AL,HAT,MADE IN BULGARIA,재고 없음
AL04X213AC00019,JACQUEMUS,U,AL,HAT,MADE IN BULGARIA,재고 없음
BO01CEX00000002,EMPORIO ARMANI,D,BO,LEATHER BAG Colore unico,MADE IN CHINA,재고 없음
BO01CEX00000002,EMPORIO ARMANI,D,BO,LEATHER BAG Colore unico,MADE IN CHINA,재고 없음
BO01X6W0B0R7003,VALENTINO GARAVANI,D,BO,LEATHER BAG,,재고 없음
BO01X6W0B0R7003,VALENTINO GARAVANI,D,BO,LEATHER BAG,,재고 없음
BO01X820272X001,GUCCI,U,BO,LEATHER BAG,MADE IN ITALY,재고 없음
BO01X820272X001,GUCCI,U,BO,LEATHER BAG,MADE IN ITALY,재고 없음
PP07X8M0506X004,FENDI,D,PP,WALLET,MADE IN ITALY,재고 없음
PP07X8M0506X004,FENDI,D,PP,WALLET,MADE IN ITALY,재고 없음
PP07X8M0395X048,FENDI,D,PP,WALLET,MADE IN ITALY,재고 없음
PP07X8M0395X048,FENDI,D,PP,WALLET,MADE IN ITALY,재고 없음
PP07XPM0002F003,ISABEL MARANT,D,PP,WALLET,MADE IN INDIA,재고 없음
PP07XPM0002F003,ISABEL MARANT,D,PP,WALLET,MADE IN INDIA,재고 없음
29494613,,Woman,Clothing,Sea clothing,BULGARIA,브랜드 실패(사유: None) / 카테고리 성공 / 원산지 성공
29494613,,Woman,Clothing,Sea clothing,BULGARIA,브랜드 실패(사유: None) / 카테고리 성공 / 원산지 성공
29494613,,Woman,Clothing,Sea clothing,BULGARIA,브랜드 실패(사유: None) / 카테고리 성공 / 원산지 성공
29494613,,Woman,Clothing,Sea clothing,BULGARIA,브랜드 실패(사유: None) / 카테고리 성공 / 원산지 성공
29494613,,Woman,Clothing,Sea clothing,BULGARIA,브랜드 실패(사유: None) / 카테고리 성공 / 원산지 성공
29494613,,Woman,Clothing,Sea clothing,BULGARIA,브랜드 실패(사유: None) / 카테고리 성공 / 원산지 성공
29492358,,Man,Shoes,Flat shoes,ITALY,브랜드 실패(사유: None) / 카테고리 성공 / 원산지 성공
29492358,,Man,Shoes,Flat shoes,ITALY,브랜드 실패(사유: None) / 카테고리 성공 / 원산지 성공
29492358,,Man,Shoes,Flat shoes,ITALY,브랜드 실패(사유: None) / 카테고리 성공 / 원산지 성공
29492358,,Man,Shoes,Flat shoes,ITALY,브랜드 실패(사유: None) / 카테고리 성공 / 원산지 성공
29492358,,Man,Shoes,Flat shoes,ITALY,브랜드 실패(사유: None) / 카테고리 성공 / 원산지 성공
29492358,,Man,Shoes,Flat shoes,ITALY,브랜드 실패(사유: None) / 카테고리 성공 / 원산지 성공
AB13XPMCF039001,PALM ANGELS,U,AB,TROUSERS,MADE IN MOROCCO,재고 없음
29493427,,Kids,Accessories,Sunglasses,CHINA,브랜드 실패(사유: None) / 카테고리 성공 / 원산지 성공
29493427,,Kids,Accessories,Sunglasses,CHINA,브랜드 실패(사유: None) / 카테고리 성공 / 원산지 성공
29493427,,Kids,Accessories,Sunglasses,CHINA,브랜드 실패(사유: None) / 카테고리 성공 / 원산지 성공
29493427,,Kids,Accessories,Sunglasses,CHINA,브랜드 실패(사유: None) / 카테고리 성공 / 원산지 성공
29493427,,Kids,Accessories,Sunglasses,CHINA,브랜드 실패(사유: None) / 카테고리 성공 / 원산지 성공
29493427,,Kids,Accessories,Sunglasses,CHINA,브랜드 실패(사유: None) / 카테고리 성공 / 원산지 성공
AB13X104751X001,PINKO,D,AB,TROUSERS,MADE IN ITALY,재고 없음
AB22XPMAA10B002,PALM ANGELS,U,AB,T-SHIRT,MADE IN PORTUGAL,재고 없음
AB01X243DR18001,JACQUEMUS,D,AB,DRESS,MADE IN BULGARIA,재고 없음
AB01X243DR18001,JACQUEMUS,D,AB,DRESS,MADE IN BULGARIA,재고 없음
AB01X241KN35001,JACQUEMUS,D,AB,DRESS,MADE IN PORTUGAL,재고 없음
AB01X241KN35001,JACQUEMUS,D,AB,DRESS,MADE IN PORTUGAL,재고 없음
AB01X103889X001,PINKO,D,AB,DRESS,MADE IN ITALY,재고 없음
AB01X103889X001,PINKO,D,AB,DRESS,MADE IN ITALY,재고 없음
AB04XGI00048001,HERNO,U,AB,SHIRT,MADE IN ARMENIA,재고 없음
AB04XGI00048001,HERNO,U,AB,SHIRT,MADE IN ARMENIA,재고 없음
AB01XPS2532X001,COSTARELLOS,D,AB,DRESS,MADE IN POLAND,재고 없음
AB01XPS2532X001,COSTARELLOS,D,AB,DRESS,MADE IN POLAND,재고 없음
AB02CMAD0001006,SAINT BARTH,K,AB,BEACHWEAR,MADE IN ITALY,재고 없음
AB02CMAD0001006,SAINT BARTH,K,AB,BEACHWEAR,MADE IN ITALY,재고 없음
AB02XNADINEX001,HUNZA G,D,AB,BEACHWEAR,MADE IN MOROCCO,재고 없음
AB02XNADINEX001,HUNZA G,D,AB,BEACHWEAR,MADE IN MOROCCO,재고 없음
AB01X24AJRO8001,RABANNE,D,AB,DRESS,MADE IN PORTUGAL,재고 없음
AB01X24AJRO8001,RABANNE,D,AB,DRESS,MADE IN PORTUGAL,재고 없음
29006305,,Unisex,Accessories,Accessories,,원가 없음 또는 0원
29006305,,Unisex,Accessories,Accessories,,원가 없음 또는 0원
29006305,,Unisex,Accessories,Accessories,,원가 없음 또는 0원
29006305,,Unisex,Accessories,Accessories,,원가 없음 또는 0원
29006305,,Unisex,Accessories,Accessories,,원가 없음 또는 0원
29006305,,Unisex,Accessories,Accessories,,원가 없음 또는 0원
AB01X2511321001,MAX MARA,D,AB,DRESS,MADE IN CHINA,재고 없음
AB01X2511321001,MAX MARA,D,AB,DRESS,MADE IN CHINA,재고 없음
AB01X1125WDR003,VICTORIA BECKHAM,D,AB,DRESS,MADE IN PORTUGAL,재고 없음
AB01X1125WDR003,VICTORIA BECKHAM,D,AB,DRESS,MADE IN PORTUGAL,재고 없음
29347197,Je t'aime Milano,Woman,Accessories,Bijoux,,원가 없음 또는 0원
29347197,Je t'aime Milano,Woman,Accessories,Bijoux,,원가 없음 또는 0원
29347197,Je t'aime Milano,Woman,Accessories,Bijoux,,원가 없음 또는 0원
29347197,Je t'aime Milano,Woman,Accessories,Bijoux,,원가 없음 또는 0원
29347197,Je t'aime Milano,Woman,Accessories,Bijoux,,원가 없음 또는 0원
29347197,Je t'aime Milano,Woman,Accessories,Bijoux,,원가 없음 또는 0원
AB01XCOPR44F001,COPERNI,D,AB,DRESS,MADE IN FRANCE,재고 없음
AB01XCOPR44F001,COPERNI,D,AB,DRESS,MADE IN FRANCE,재고 없음
AB01XLACUNAX001,MAX MARA,D,AB,DRESS,MADE IN CHINA,재고 없음
AB01XLACUNAX001,MAX MARA,D,AB,DRESS,MADE IN CHINA,재고 없음
AB01XTM17010001,THE ANDAMANE,D,AB,DRESS,MADE IN ITALY,재고 없음
AB01XTM17010001,THE ANDAMANE,D,AB,DRESS,MADE IN ITALY,재고 없음
AB01X1125WDR007,VICTORIA BECKHAM,D,AB,DRESS,MADE IN PORTUGAL,재고 없음
AB01X1125WDR007,VICTORIA BECKHAM,D,AB,DRESS,MADE IN PORTUGAL,재고 없음
AB05X101598X001,PINKO,D,AB,COAT,MADE IN CHINA,재고 없음
AB05X101598X001,PINKO,D,AB,COAT,MADE IN CHINA,재고 없음
29504249,SORBET ISLAND,Woman,Accessories,Bijoux,Grecia,원가 없음 또는 0원
29504249,SORBET ISLAND,Woman,Accessories,Bijoux,Grecia,원가 없음 또는 0원
29504249,SORBET ISLAND,Woman,Accessories,Bijoux,Grecia,원가 없음 또는 0원
29504249,SORBET ISLAND,Woman,Accessories,Bijoux,Grecia,원가 없음 또는 0원
29504249,SORBET ISLAND,Woman,Accessories,Bijoux,Grecia,원가 없음 또는 0원
29504249,SORBET ISLAND,Woman,Accessories,Bijoux,Grecia,원가 없음 또는 0원
29924758,Hugo Boss,Man,Clothing,T-shirts and Polos,Portogallo,원가 없음 또는 0원
29924758,Hugo Boss,Man,Clothing,T-shirts and Polos,Portogallo,원가 없음 또는 0원
29924758,Hugo Boss,Man,Clothing,T-shirts and Polos,Portogallo,원가 없음 또는 0원
29924758,Hugo Boss,Man,Clothing,T-shirts and Polos,Portogallo,원가 없음 또는 0원
29924758,Hugo Boss,Man,Clothing,T-shirts and Polos,Portogallo,원가 없음 또는 0원
29924758,Hugo Boss,Man,Clothing,T-shirts and Polos,Portogallo,원가 없음 또는 0원
AB04CK1S1612001,STONE ISLAND,K,AB,SHIRT Colore unico,MADE IN ITALY,재고 없음
AB04CK1S1612001,STONE ISLAND,K,AB,SHIRT Colore unico,MADE IN ITALY,재고 없음
AB05X101598X002,PINKO,D,AB,COAT,MADE IN CHINA,재고 없음
AB05X101598X002,PINKO,D,AB,COAT,MADE IN CHINA,재고 없음
AB02CKS10223003,KONGES SLOJD,K,AB,BEACHWEAR,MADE IN CHINA,재고 없음
AB02CKS10223003,KONGES SLOJD,K,AB,BEACHWEAR,MADE IN CHINA,재고 없음
AB07X104456X001,PINKO,D,AB,JACKET,MADE IN CHINA,재고 없음
AB07X104456X001,PINKO,D,AB,JACKET,MADE IN CHINA,재고 없음
AB04X1125WSH002,VICTORIA BECKHAM,D,AB,SHIRT,MADE IN TURKEY,재고 없음
AB04X1125WSH002,VICTORIA BECKHAM,D,AB,SHIRT,MADE IN TURKEY,재고 없음
AB04X243SH07001,JACQUEMUS,D,AB,SHIRT,MADE IN BULGARIA,재고 없음
AB04X243SH07001,JACQUEMUS,D,AB,SHIRT,MADE IN BULGARIA,재고 없음
AB04XALOES-C005,PIERRE LOUIS MASCIA,D,AB,SHIRT,MADE IN ITALY,재고 없음
AB04XALOES-C005,PIERRE LOUIS MASCIA,D,AB,SHIRT,MADE IN ITALY,재고 없음
30030418,cultura,Man,Clothing,Shorts,ITALIA,원가 없음 또는 0원
30030418,cultura,Man,Clothing,Shorts,ITALIA,원가 없음 또는 0원
30030418,cultura,Man,Clothing,Shorts,ITALIA,원가 없음 또는 0원
30030418,cultura,Man,Clothing,Shorts,ITALIA,원가 없음 또는 0원
30030418,cultura,Man,Clothing,Shorts,ITALIA,원가 없음 또는 0원
30030418,cultura,Man,Clothing,Shorts,ITALIA,원가 없음 또는 0원
AB04X18CMOS1002,CP COMPANY,U,AB,SHIRT,MADE IN TUNISIA,재고 없음
AB04X18CMOS1002,CP COMPANY,U,AB,SHIRT,MADE IN TUNISIA,재고 없음
AB07X823408X001,BALENCIAGA,D,AB,JACKET,MADE IN JAPAN,재고 없음
AB07X823408X001,BALENCIAGA,D,AB,JACKET,MADE IN JAPAN,재고 없음
30313893,MC2 Saint Barth,Man,Clothing,T-shirts and Polos,Portogallo,원가 없음 또는 0원
30313893,MC2 Saint Barth,Man,Clothing,T-shirts and Polos,Portogallo,원가 없음 또는 0원
30313893,MC2 Saint Barth,Man,Clothing,T-shirts and Polos,Portogallo,원가 없음 또는 0원
30313893,MC2 Saint Barth,Man,Clothing,T-shirts and Polos,Portogallo,원가 없음 또는 0원
30313893,MC2 Saint Barth,Man,Clothing,T-shirts and Polos,Portogallo,원가 없음 또는 0원
30313893,MC2 Saint Barth,Man,Clothing,T-shirts and Polos,Portogallo,원가 없음 또는 0원
AB07X798524X001,GUCCI,U,AB,JACKET,MADE IN ITALY,재고 없음
AB07X798524X001,GUCCI,U,AB,JACKET,MADE IN ITALY,재고 없음
AB04XAWKSP25002,AWAKE NY,U,AB,SHIRT,,재고 없음
AB04XAWKSP25002,AWAKE NY,U,AB,SHIRT,,재고 없음
AB05X103842X001,PINKO,D,AB,COAT,MADE IN CHINA,재고 없음
AB05X103842X001,PINKO,D,AB,COAT,MADE IN CHINA,재고 없음
AB07XWJA10XX001,DARKPARK,D,AB,JACKET,,재고 없음
AB07XWJA10XX001,DARKPARK,D,AB,JACKET,,재고 없음
AB07XJ-BERTH002,TAGLIATORE,D,AB,JACKET,MADE IN ITALY,재고 없음
AB07XJ-BERTH002,TAGLIATORE,D,AB,JACKET,MADE IN ITALY,재고 없음
AB07X8108976001,BURBERRY,D,AB,JACKET,,재고 없음
AB07X8108976001,BURBERRY,D,AB,JACKET,,재고 없음
AB05X103992X001,PINKO,D,AB,COAT,MADE IN CHINA,재고 없음
AB05X103992X001,PINKO,D,AB,COAT,MADE IN CHINA,재고 없음
AB05X101573X001,PINKO,D,AB,COAT,MADE IN CHINA,재고 없음
AB05X101573X001,PINKO,D,AB,COAT,MADE IN CHINA,재고 없음
AB05XCICLADI001,MAX MARA,D,AB,COAT,MADE IN ITALY,재고 없음
AB05XCICLADI001,MAX MARA,D,AB,COAT,MADE IN ITALY,재고 없음
AB05XCICLADI002,MAX MARA,D,AB,COAT,MADE IN ITALY,재고 없음
AB05XCICLADI002,MAX MARA,D,AB,COAT,MADE IN ITALY,재고 없음
AB05X101573X002,PINKO,D,AB,COAT,MADE IN CHINA,재고 없음
AB05X101573X002,PINKO,D,AB,COAT,MADE IN CHINA,재고 없음
AB11X100414X001,PINKO,D,AB,KNITWEAR,MADE IN CHINA,재고 없음
AB11X100414X001,PINKO,D,AB,KNITWEAR,MADE IN CHINA,재고 없음
AB11XDIRCEXX003,MAX MARA,D,AB,KNITWEAR,MADE IN EXTRA UE,재고 없음
AB11XDIRCEXX003,MAX MARA,D,AB,KNITWEAR,MADE IN EXTRA UE,재고 없음
26882869,,Woman,Clothing,T-shirts and Polos,KR - South Korea,브랜드 실패(사유: None) / 카테고리 성공 / 원산지 실패(사유: KR - South Korea)
26882869,,Woman,Clothing,T-shirts and Polos,KR - South Korea,브랜드 실패(사유: None) / 카테고리 성공 / 원산지 실패(사유: KR - South Korea)
26882869,,Woman,Clothing,T-shirts and Polos,KR - South Korea,브랜드 실패(사유: None) / 카테고리 성공 / 원산지 성공
26882869,,Woman,Clothing,T-shirts and Polos,KR - South Korea,브랜드 실패(사유: None) / 카테고리 성공 / 원산지 성공
26882869,,Woman,Clothing,T-shirts and Polos,KR - South Korea,브랜드 실패(사유: None) / 카테고리 성공 / 원산지 실패(사유: KR - South Korea)
26882869,,Woman,Clothing,T-shirts and Polos,KR - South Korea,브랜드 실패(사유: None) / 카테고리 성공 / 원산지 실패(사유: KR - South Korea)
AB01XGW00131001,GIORGIO ARMANI,D,AB,DRESS,MADE IN ITALY,재고 없음
AB01XGW00131001,GIORGIO ARMANI,D,AB,DRESS,MADE IN ITALY,재고 없음
AB04XR13WR00001,R13,D,AB,SHIRT,MADE IN U.S.A.,재고 없음
AB04XR13WR00001,R13,D,AB,SHIRT,MADE IN U.S.A.,재고 없음
AB11XMKA202A006,THOM BROWNE,U,AB,KNITWEAR,MADE IN ITALY,재고 없음
AB11XMKA202A006,THOM BROWNE,U,AB,KNITWEAR,MADE IN ITALY,재고 없음
AB05X25UMA09001,CHLOE',D,AB,COAT,MADE IN ITALY,재고 없음
AB05X25UMA09001,CHLOE',D,AB,COAT,MADE IN ITALY,재고 없음
AB05XREBUSXX005,MAX MARA,D,AB,COAT,MADE IN ITALY,재고 없음
AB05XREBUSXX005,MAX MARA,D,AB,COAT,MADE IN ITALY,재고 없음
AB11X102827X002,PINKO,D,AB,KNITWEAR,MADE IN CHINA,재고 없음
AB11X102827X002,PINKO,D,AB,KNITWEAR,MADE IN CHINA,재고 없음
AB11XADDAXXX002,MAX MARA,D,AB,KNITWEAR,MADE IN CHINA,재고 없음
AB11XADDAXXX002,MAX MARA,D,AB,KNITWEAR,MADE IN CHINA,재고 없음
AB11XMICIOXX001,MAX MARA,D,AB,KNITWEAR,MADE IN ITALY,재고 없음
AB11XMICIOXX001,MAX MARA,D,AB,KNITWEAR,MADE IN ITALY,재고 없음
AB11XGENEROX001,MAX MARA,D,AB,KNITWEAR,MADE IN ITALY,재고 없음
AB11XGENEROX001,MAX MARA,D,AB,KNITWEAR,MADE IN ITALY,재고 없음
AB11XHODEIDA001,MAX MARA,D,AB,KNITWEAR,MADE IN EXTRA UE,재고 없음
AB11XHODEIDA001,MAX MARA,D,AB,KNITWEAR,MADE IN EXTRA UE,재고 없음
AB09XF9365XX001,GANNI,D,AB,SKIRT,MADE IN INDIA,재고 없음
AB09XF9365XX001,GANNI,D,AB,SKIRT,MADE IN INDIA,재고 없음
AB09XWSK02XX002,DARKPARK,D,AB,SKIRT,,재고 없음
AB09XWSK02XX002,DARKPARK,D,AB,SKIRT,,재고 없음
AB11X100414X002,PINKO,D,AB,KNITWEAR,MADE IN CHINA,재고 없음
AB11X100414X002,PINKO,D,AB,KNITWEAR,MADE IN CHINA,재고 없음
AB13X103549X001,PINKO,D,AB,TROUSERS,MADE IN ITALY,재고 없음
AB13X103549X001,PINKO,D,AB,TROUSERS,MADE IN ITALY,재고 없음
AB13X101840X003,PINKO,D,AB,TROUSERS,MADE IN ALBANIA,재고 없음
AB13X101840X003,PINKO,D,AB,TROUSERS,MADE IN ALBANIA,재고 없음
AB13XAWKSP25002,AWAKE NY,U,AB,TROUSERS,,재고 없음
AB13XAWKSP25002,AWAKE NY,U,AB,TROUSERS,,재고 없음
AB11CK19518M004,MONCLER,K,AB,KNITWEAR Colore unico,MADE IN TURKEY,재고 없음
AB11CK19518M004,MONCLER,K,AB,KNITWEAR Colore unico,MADE IN TURKEY,재고 없음
AB11X104453X002,PINKO,D,AB,KNITWEAR,MADE IN CHINA,재고 없음
AB11X104453X002,PINKO,D,AB,KNITWEAR,MADE IN CHINA,재고 없음
AB23X241JS16003,JACQUEMUS,D,AB,2000030939705,MADE IN PORTUGAL,재고 없음
AB23X241JS16003,JACQUEMUS,D,AB,2000030939705,MADE IN PORTUGAL,재고 없음
AB22X100355X006,PINKO,D,AB,T-SHIRT,MADE IN TUNISIA,재고 없음
AB22X100355X006,PINKO,D,AB,T-SHIRT,MADE IN TUNISIA,재고 없음
AB22X103320X003,PINKO,D,AB,T-SHIRT,MADE IN CHINA,재고 없음
AB22X103320X003,PINKO,D,AB,T-SHIRT,MADE IN CHINA,재고 없음
AB22XBFUTS03008,AMI,U,AB,T-SHIRT,MADE IN PORTUGAL,재고 없음
AB22XBFUTS03008,AMI,U,AB,T-SHIRT,MADE IN PORTUGAL,재고 없음
AB18XLYRAXXX001,LOULOU STUDIO,D,AB,TOP,MADE IN ROMANIA,재고 없음
AB18XLYRAXXX001,LOULOU STUDIO,D,AB,TOP,MADE IN ROMANIA,재고 없음
AB19X8104711001,BURBERRY,D,AB,TRENCH,MADE IN U.K.,재고 없음
AB19X8104711001,BURBERRY,D,AB,TRENCH,MADE IN U.K.,재고 없음
154649,JACQUEMUS,Women,Clothing,Long Dresses,France,재고 없음
AB22XK1S1521015,STONE ISLAND,U,AB,T-SHIRT,MADE IN TURKEY,재고 없음
AB22XK1S1521015,STONE ISLAND,U,AB,T-SHIRT,MADE IN TURKEY,재고 없음
AB22XK1S1522004,STONE ISLAND,U,AB,T-SHIRT,MADE IN TURKEY,재고 없음
AB22XK1S1522004,STONE ISLAND,U,AB,T-SHIRT,MADE IN TURKEY,재고 없음
148859,COPERNI,Women,Clothing,Tops,France,재고 없음
AB13XLDM5101003,LES DEUX,U,AB,TROUSERS,MADE IN TURKEY,재고 없음
AB13XLDM5101003,LES DEUX,U,AB,TROUSERS,MADE IN TURKEY,재고 없음
150684,SOEUR,Women,Bags,Crossbody Bags,,재고 없음
151896,SPORTMAX,Women,Clothing,Shorts and Bermuda shorts,,재고 없음
154903,THE ROW,Women,Clothing,Trousers,Italy,재고 없음
155866,MAISON KITSUNÉ,Men,Clothing,Tshirts and polo shirts,Portugal,재고 없음
158914,MOMONì ,Women,Clothing,Trousers,MOLDOVA,재고 없음
156151,MONCLER GRENOBLE,Men,Accessories,Hats and Gloves,Bulgaria,재고 없음
AB24XMKC171A007,THOM BROWNE,U,AB,CARDIGAN,MADE IN ITALY,재고 없음
AB24XMKC171A007,THOM BROWNE,U,AB,CARDIGAN,MADE IN ITALY,재고 없음
162184,MERCI,Women,Clothing,Blazers,Italy,재고 없음
AB22X38504XX007,PATAGONIA,U,AB,T-SHIRT,MADE IN MEXICO,재고 없음
AB22X38504XX007,PATAGONIA,U,AB,T-SHIRT,MADE IN MEXICO,재고 없음
162571,GOLDEN GOOSE,Women,Shoes,Sneakers,Italy,재고 없음
165406,LONGCHAMP,Women,Bags,Hand bags,China,재고 없음
166863,EMPORIO ARMANI,Men,Clothing,Tshirts and polo shirts,Cambodia,재고 없음
83935,CASADEI,Women,Shoes,Flat Shoes,Italy,재고 없음
86065,IL GUFO KIDS,Girl,Clothing,Trousers,Italy,원가 없음 또는 0원
138688,FRAME,Women,Clothing,Tshirts and polo shirts,,재고 없음
87947,GUCCI,Women,Accessories,Sunglasses,Italy,재고 없음
96089,FENDI,Men,Accessories,Leather Products,Italy,재고 없음
141419,JACQUEMUS,Women,Clothing,Trousers,France,재고 없음
154192,GUCCI,Women,Accessories,Leather Products,Italy,재고 없음
154754,P.A.R.O.S.H.,Women,Clothing,Long Dresses,Italy,재고 없음
154211,CHARO RUIZ,Women,Clothing,Skirts,Portugal,재고 없음
156376,VENUJA,Women,Clothing,Beachwear,China,재고 없음
158037,ETRO,Women,Clothing,Long Dresses,Italy,재고 없음
158646,MC2 SAINT BARTH KIDS,Baby girl,Bags,Hand bags,China,재고 없음
159058,BURBERRY,Men,Shoes,Sneakers,Italy,재고 없음
159415,BOTTEGA VENETA,Women,Bags,Hand bags,,재고 없음
161801,THE ROW,Women,Bags,Shoulder bags,Italy,재고 없음
AB23XMJT021H004,THOM BROWNE,U,AB,SWEATSHIRT,MADE IN JAPAN,재고 없음
AB23XMJT021H004,THOM BROWNE,U,AB,SWEATSHIRT,MADE IN JAPAN,재고 없음
162537,VERSACE,Women,Clothing,Underwear,Bosnia Erzegovina,재고 없음
164622,GUCCI,Women,Accessories,Leather Products,Italy,재고 없음
164830,PLAIN,Women,Clothing,Shirts and blouses,,재고 없음
164902,GUCCI,Women,Bags,Shoulder bags,Italy,재고 없음
165450,LONGCHAMP,Women,Bags,Hand bags,France,재고 없음
166215,AUTRY,Men,Shoes,Sneakers,,재고 없음
166416,ACNE STUDIOS,Women,Clothing,Tshirts and polo shirts,Portugal,재고 없음
167076,MAISON MARGIELA,Women,Clothing,Jeans,Italy,재고 없음
AB13X22MC000006,OBEY,U,AB,TROUSERS,MADE IN CHINA,재고 없음
AB13X22MC000006,OBEY,U,AB,TROUSERS,MADE IN CHINA,재고 없음
AB23XK1S1561018,STONE ISLAND,U,AB,SWEATSHIRT,MADE IN MOLDOVA,재고 없음
AB23XK1S1561018,STONE ISLAND,U,AB,SWEATSHIRT,MADE IN MOLDOVA,재고 없음
AB22XEH1EG01002,BALMAIN,U,AB,T-SHIRT,MADE IN PORTUGAL,재고 없음
AB22XEH1EG01002,BALMAIN,U,AB,T-SHIRT,MADE IN PORTUGAL,재고 없음
AB22XNF0A87D002,THE NORTH FACE,U,AB,T-SHIRT,MADE IN MACEDONIA,재고 없음
AB22XNF0A87D002,THE NORTH FACE,U,AB,T-SHIRT,MADE IN MACEDONIA,재고 없음
AB22XTSHM001003,SAINT BARTH,U,AB,T-SHIRT,MADE IN PORTUGAL,재고 없음
AB22XTSHM001003,SAINT BARTH,U,AB,T-SHIRT,MADE IN PORTUGAL,재고 없음
AB31XK10931A015,MONCLER,D,AB,DOWNJACKET,MADE IN ARMENIA,재고 없음
AL02X155514X001,TORY BURCH,D,AL,JEWELLERY,MADE IN CHINA,재고 없음
AL02X155514X001,TORY BURCH,D,AL,JEWELLERY,MADE IN CHINA,재고 없음
AB22X100535X006,PINKO,D,AB,T-SHIRT,MADE IN CHINA,재고 없음
AB22X100535X006,PINKO,D,AB,T-SHIRT,MADE IN CHINA,재고 없음
AL04XK10933B006,MONCLER,D,AL,HAT,MADE IN BULGARIA,재고 없음
AL04XK10933B006,MONCLER,D,AL,HAT,MADE IN BULGARIA,재고 없음
BO01X2F3HSH0004,MARC JACOBS,D,BO,LEATHER BAG,MADE IN VIETNAM,재고 없음
BO01X2F3HSH0004,MARC JACOBS,D,BO,LEATHER BAG,MADE IN VIETNAM,재고 없음
BO01X8BS081X007,FENDI,D,BO,LEATHER BAG,,재고 없음
BO01X8BS081X007,FENDI,D,BO,LEATHER BAG,,재고 없음
165388,LONGCHAMP,Women,Bags,Hand bags,Morocco,재고 없음
AB29XMPS25-K001,CASABLANCA,U,AB,POLO,MADE IN CHINA,재고 없음
AB29XMPS25-K001,CASABLANCA,U,AB,POLO,MADE IN CHINA,재고 없음
CA03XCS2332_001,DOLCE&GABBANA,U,CA,SNEAKERS,MADE IN ITALY,재고 없음
CA03XCS2332_001,DOLCE&GABBANA,U,CA,SNEAKERS,MADE IN ITALY,재고 없음
AL02X90547XX001,TORY BURCH,D,AL,JEWELLERY,MADE IN CHINA,재고 없음
AL02X90547XX001,TORY BURCH,D,AL,JEWELLERY,MADE IN CHINA,재고 없음
BO01CEW00101003,EMPORIO ARMANI,D,BO,LEATHER BAG Colore unico,MADE IN CHINA,재고 없음
BO01CEW00101003,EMPORIO ARMANI,D,BO,LEATHER BAG Colore unico,MADE IN CHINA,재고 없음
BO01XJH30314002,JW PEI,D,BO,LEATHER BAG,MADE IN CHINA,재고 없음
BO01XJH30314002,JW PEI,D,BO,LEATHER BAG,MADE IN CHINA,재고 없음
PP07XSA5UI00001,MM6,D,PP,WALLET,MADE IN ITALY,재고 없음
PP07XSA5UI00001,MM6,D,PP,WALLET,MADE IN ITALY,재고 없음
BO01X8BR833X003,FENDI,D,BO,LEATHER BAG,MADE IN ITALY,재고 없음
BO01X8BR833X003,FENDI,D,BO,LEATHER BAG,MADE IN ITALY,재고 없음
CA03XROLMMM4001,AUTRY,U,CA,SNEAKERS,MADE IN INDONESIA,재고 없음
CA03XROLMMM4001,AUTRY,U,CA,SNEAKERS,MADE IN INDONESIA,재고 없음
AB04X243DR19001,JACQUEMUS,D,AB,SHIRT,MADE IN BULGARIA,재고 없음
PP12X2R4SCP0002,MARC JACOBS,D,PP,POUCH,MADE IN VIETNAM,재고 없음
PP12X2R4SCP0002,MARC JACOBS,D,PP,POUCH,MADE IN VIETNAM,재고 없음
CA03XCP05012001,VEJA,U,CA,SNEAKERS,MADE IN BRAZIL,재고 없음
CA03XCP05012001,VEJA,U,CA,SNEAKERS,MADE IN BRAZIL,재고 없음
CA04XPX503XX003,PARIS TEXAS,D,CA,BOOTS,MADE IN ITALY,재고 없음
CA04XPX503XX003,PARIS TEXAS,D,CA,BOOTS,MADE IN ITALY,재고 없음
CA06X1230961001,CHRISTIAN LOUBOUTIN,D,CA,FLIP FLOPS,,재고 없음
CA06X1230961001,CHRISTIAN LOUBOUTIN,D,CA,FLIP FLOPS,,재고 없음
PP02X813008X001,GUCCI,D,PP,BELT,MADE IN ITALY,재고 없음
PP02X813008X001,GUCCI,D,PP,BELT,MADE IN ITALY,재고 없음
AB13XK1S1562003,STONE ISLAND,U,AB,TROUSERS,MADE IN ROMANIA,재고 없음
AB13XK1S1562003,STONE ISLAND,U,AB,TROUSERS,MADE IN ROMANIA,재고 없음
CA03XAULWMA0002,AUTRY,D,CA,SNEAKERS,MADE IN INDONESIA,재고 없음
CA03XAULWMA0002,AUTRY,D,CA,SNEAKERS,MADE IN INDONESIA,재고 없음
PP07XPM0062F002,ISABEL MARANT,D,PP,WALLET,MADE IN INDIA,재고 없음
PP07XPM0062F002,ISABEL MARANT,D,PP,WALLET,MADE IN INDIA,재고 없음
PP12X2S4SMN0001,MARC JACOBS,D,PP,POUCH,MADE IN VIETNAM,재고 없음
PP12X2S4SMN0001,MARC JACOBS,D,PP,POUCH,MADE IN VIETNAM,재고 없음
149967,GUCCI,Women,Shoes,Flat Shoes,Italy,재고 없음
153071,VERSACE,Men,Clothing,Tshirts and polo shirts,Italy,재고 없음
154063,SAINT LAURENT,Women,Clothing,Trousers,Italy,재고 없음
155151,HUNZA G,Women,Clothing,Beachwear,Morocco,재고 없음
159671,SAINT LAURENT,Women,Accessories,Belts,,재고 없음
160078,'S MAXMARA,Women,Clothing,Sweatshirts,,재고 없음
160087,'S MAXMARA,Women,Clothing,Jersey,,재고 없음
162120,ROTATE,Women,Clothing,Dresses,China,재고 없음
162596,GOLDEN GOOSE,Women,Shoes,Sneakers,Italy,재고 없음
166705,MOON BOOT KIDS,Baby girl,Shoes,Boots,Romania,재고 없음
167979,GUCCI,Women,Bags,Hand bags,Italy,재고 없음
127445,FENDI,Men,Jewelry,Watches,China,재고 없음
87948,GUCCI,Women,Accessories,Sunglasses,Japan,재고 없음
95826,GUCCI,Women,Accessories,Sunglasses,Japan,재고 없음
95845,GUCCI,Women,Accessories,Sunglasses,Japan,재고 없음
125189,BALENCIAGA,Women,Jewelry,Earrings,Japan               ,재고 없음
130414,FENDI,Men,Bags,Tote bags,Italy,재고 없음
142067,SAINT LAURENT,Women,Shoes,Ankle boots,,재고 없음
142125,SPORTMAX,Women,Clothing,Skirts,,재고 없음
147429,OSÉREE,Women,Clothing,Dresses,,재고 없음
149546,44 LABEL GROUP,Men,Clothing,Tshirts and polo shirts,,재고 없음
149551,44 LABEL GROUP,Men,Clothing,Tshirts and polo shirts,Portugal,재고 없음
150649,STELLA MCCARTNEY,Women,Bags,Hand bags,Italy,재고 없음
150687,SOEUR,Women,Bags,Shoulder bags,,재고 없음
150690,SOEUR,Women,Bags,Crossbody Bags,,재고 없음
151555,THE ANDAMANE,Women,Clothing,Blazers,,재고 없음
151667,POLO RALPH LAUREN,Men,Clothing,Tshirts and polo shirts,Bangladesh,재고 없음
153684,MONCLER GRENOBLE,Women,Clothing,Down jackets,Romania,재고 없음
154304,PALM ANGELS,Men,Clothing,Tshirts and polo shirts,Italy,재고 없음
154557,OFF-WHITE,Men,Clothing,Tshirts and polo shirts,,재고 없음
154898,THE ROW,Women,Bags,Crossbody Bags,Italy,재고 없음
158679,CELINE,Women,Bags,Crossbody Bags,Italy,재고 없음
158948,BALENCIAGA,Men,Clothing,Tshirts and polo shirts,Portugal,재고 없음
162260,DRAGON DIFFUSION,Women,Bags,Tote bags,,재고 없음
163141,SPORTMAX,Women,Clothing,Long Dresses,,재고 없음
163213,FEDERICA TOSI,Women,Jewelry,Earrings,,재고 없음
164607,MAXMARA STUDIO,Women,Accessories,Scarfs and foulards,Italy,재고 없음
164621,GUCCI,Women,Accessories,Leather Products,Italy,재고 없음
165377,LONGCHAMP,Women,Bags,Hand bags,,재고 없음
166212,AUTRY,Women,Shoes,Sneakers,,재고 없음
166370,BALENCIAGA,Women,Clothing,Outerwear,Italy ,재고 없음
166790,MOON BOOT KIDS,Baby girl,Shoes,Boots,Hungary,재고 없음
168010,BOTTEGA VENETA,Women,Bags,Hand bags,Italy,재고 없음
119707,GUCCI,Women,Clothing,Dresses,Italy,재고 없음
CA03XAULWLL1019,AUTRY,D,CA,SNEAKERS,MADE IN INDONESIA,재고 없음
137598,SAINT LAURENT,Women,Accessories,Hats and Gloves,Italy,재고 없음
137744,GUCCI,Women,Accessories,Sunglasses,Italy,재고 없음
139757,GUCCI,Men,Accessories,Belts,Italy,재고 없음
144365,P.A.R.O.S.H.,Women,Clothing,Trousers,,재고 없음
151263,SELF-PORTRAIT,Women,Jewelry,Earrings,China,재고 없음
153827,GUCCI,Women,Shoes,Heels,Italy,재고 없음
154576,OFF-WHITE,Men,Clothing,Tshirts and polo shirts,,재고 없음
154876,MARNI KIDS,Baby girl,Bags,Crossbody Bags,Colombia,재고 없음
154885,THE ROW,Women,Bags,Hand bags,Italy,재고 없음
155142,HUNZA G,Women,Clothing,Beachwear,Morocco,재고 없음
158057,SKIN1004,Beauty & F,Beauty,Beauty creams,,재고 없음
158866,MONCLER KIDS,Baby girl,Clothing,Jersey,Portugal,재고 없음
162068,BRUNELLO CUCINELLI,Women,Clothing,Tshirts and polo shirts,Italy,재고 없음
164161,FENDI,Men,Shoes,Sneakers,Italy,재고 없음
166213,AUTRY,Men,Shoes,Sneakers,,재고 없음
150326,MARINE SERRE,Women,Clothing,Dresses,,재고 없음
152499,BURBERRY,Men,Clothing,Outerwear,Great Britain,재고 없음
153962,STUART WEITZMAN,Women,Shoes,Loafers,Spain,재고 없음
154039,DRIES VAN NOTEN,Women,Clothing,Jeans,,재고 없음
159937,GUCCI,Women,Accessories,Belts,Italy,재고 없음
162301,PLAIN,Women,Accessories,Scarfs and foulards,Italy,재고 없음
162407,PLAIN,Women,Clothing,Trousers,,재고 없음
149365,GUCCI,Women,Bags,Hand bags,Italy,재고 없음
165340,LONGCHAMP,Women,Bags,Tote bags,,재고 없음
165360,LONGCHAMP,Women,Bags,Hand bags,Morocco,재고 없음
165368,LONGCHAMP,Women,Bags,Hand bags,China,재고 없음
166214,AUTRY,Women,Shoes,Sneakers,,재고 없음
166603,AUTRY,Women,Shoes,Sneakers,,재고 없음
166704,AUTRY,Men,Shoes,Sneakers,,재고 없음
168825,BALMAIN,Men,Shoes,Sneakers,,재고 없음
29494063,,Kids,Accessories,Sunglasses,CHINA,브랜드 실패(사유: None) / 카테고리 성공 / 원산지 성공
29494063,,Kids,Accessories,Sunglasses,CHINA,브랜드 실패(사유: None) / 카테고리 성공 / 원산지 성공
29494063,,Kids,Accessories,Sunglasses,CHINA,브랜드 실패(사유: None) / 카테고리 성공 / 원산지 성공
29494063,,Kids,Accessories,Sunglasses,CHINA,브랜드 실패(사유: None) / 카테고리 성공 / 원산지 성공
29494063,,Kids,Accessories,Sunglasses,CHINA,브랜드 실패(사유: None) / 카테고리 성공 / 원산지 성공
29494063,,Kids,Accessories,Sunglasses,CHINA,브랜드 실패(사유: None) / 카테고리 성공 / 원산지 성공
31713747,,Unisex,Shoes,Sneakers,,브랜드 실패(사유: None) / 카테고리 성공 / 원산지 성공
31713747,,Unisex,Shoes,Sneakers,,브랜드 실패(사유: None) / 카테고리 성공 / 원산지 성공
31713747,,Unisex,Shoes,Sneakers,,브랜드 실패(사유: None) / 카테고리 성공 / 원산지 성공
31713747,,Unisex,Shoes,Sneakers,,브랜드 실패(사유: None) / 카테고리 성공 / 원산지 성공
31713747,,Unisex,Shoes,Sneakers,,브랜드 실패(사유: None) / 카테고리 성공 / 원산지 성공
31713747,,Unisex,Shoes,Sneakers,,브랜드 실패(사유: None) / 카테고리 성공 / 원산지 성공
31858237,,Woman,Clothing,Skirts,,브랜드 실패(사유: None) / 카테고리 성공 / 원산지 성공
31858237,,Woman,Clothing,Skirts,,브랜드 실패(사유: None) / 카테고리 성공 / 원산지 성공
31858237,,Woman,Clothing,Skirts,,브랜드 실패(사유: None) / 카테고리 성공 / 원산지 성공
31858237,,Woman,Clothing,Skirts,,브랜드 실패(사유: None) / 카테고리 성공 / 원산지 성공
31858237,,Woman,Clothing,Skirts,,브랜드 실패(사유: None) / 카테고리 성공 / 원산지 성공
31858237,,Woman,Clothing,Skirts,,브랜드 실패(사유: None) / 카테고리 성공 / 원산지 성공
31858799,,Woman,Clothing,Skirts,,브랜드 실패(사유: None) / 카테고리 성공 / 원산지 성공
31858799,,Woman,Clothing,Skirts,,브랜드 실패(사유: None) / 카테고리 성공 / 원산지 성공
31858799,,Woman,Clothing,Skirts,,브랜드 실패(사유: None) / 카테고리 성공 / 원산지 성공
31858799,,Woman,Clothing,Skirts,,브랜드 실패(사유: None) / 카테고리 성공 / 원산지 성공
31858799,,Woman,Clothing,Skirts,,브랜드 실패(사유: None) / 카테고리 성공 / 원산지 성공
31858799,,Woman,Clothing,Skirts,,브랜드 실패(사유: None) / 카테고리 성공 / 원산지 성공
162202,SOFT GOAT,Women,Clothing,Jersey,,재고 없음
162354,DRAGON DIFFUSION,Women,Bags,Hand bags,,재고 없음
165641,'S MAXMARA,Women,Clothing,Outerwear,,재고 없음
166722,AUTRY,Women,Shoes,Sneakers,,재고 없음
150679,SOEUR,Women,Bags,Crossbody Bags,,재고 없음
150682,SOEUR,Women,Bags,Shoulder bags,Italy,재고 없음
155109,ROTATE,Women,Clothing,Long Dresses,China,재고 없음
155112,ROTATE,Women,Clothing,Skirts,China,재고 없음
155850,JEFFREY CAMPBELL,Women,Shoes,Loafers,,재고 없음
156335,PHILOSOPHY di LORENZO SERAFINI,Women,Clothing,Long Dresses,,재고 없음
156379,MOSCHINO KIDS,Baby girl,Clothing,Skirts,China,재고 없음
159040,BA&SH,Women,Clothing,Shirts and blouses,Italy,재고 없음
159341,GUCCI,Men,Bags,Clutches and pochettes,Italy,재고 없음
163228,FEDERICA TOSI,Women,Jewelry,Necklaces,,재고 없음
164352,OSOI,Women,Bags,Shoulder bags,,재고 없음
164496,FENDI KIDS,Baby boy,Clothing,Shorts and Bermuda shorts,Italy,재고 없음
165347,LONGCHAMP,Women,Bags,Hand bags,,재고 없음
165404,LONGCHAMP,Women,Bags,Tote bags,China,재고 없음
166137,REPRESENT,Men,Clothing,Tshirts and polo shirts,Portugal,재고 없음
166220,AUTRY,Women,Shoes,Sneakers,,재고 없음
143304,THE ROW,Women,Bags,Shoulder bags,,재고 없음
87949,GUCCI,Men,Accessories,Sunglasses,Italy,재고 없음
90852,FRAME,Women,Clothing,Tshirts and polo shirts,Peru,재고 없음
162204,SOFT GOAT,Women,Clothing,Jersey,,재고 없음
162203,SOFT GOAT,Women,Clothing,Jersey,,재고 없음
158310,FENDI,Women,Clothing,Outerwear,Italy,재고 없음
162384,BALMAIN,Men,Clothing,Tshirts and polo shirts,,재고 없음
162827,PHOEBE PHILO,Women,Clothing,Trousers,,재고 없음
166194,MARC JACOBS,Women,Bags,Shoulder bags,Vietnam,재고 없음
167060,TAGLIATORE,Men,Accessories,Papillon and ties,Italy,재고 없음
167075,TAGLIATORE,Men,Accessories,Papillon and ties,Italy,재고 없음
167269,SPORTMAX,Women,Clothing,Jersey,,재고 없음
167272,FEDERICA TOSI,Women,Jewelry,Necklaces,Italy,재고 없음
167287,FENDI,Men,Accessories,Hats and Gloves,,재고 없음
29494121,,Man,Shoes,Flat shoes,ITALIA,브랜드 실패(사유: None) / 카테고리 성공 / 원산지 성공
29494121,,Man,Shoes,Flat shoes,ITALIA,브랜드 실패(사유: None) / 카테고리 성공 / 원산지 성공
29494121,,Man,Shoes,Flat shoes,ITALIA,브랜드 실패(사유: None) / 카테고리 성공 / 원산지 성공
29494121,,Man,Shoes,Flat shoes,ITALIA,브랜드 실패(사유: None) / 카테고리 성공 / 원산지 성공
29494121,,Man,Shoes,Flat shoes,ITALIA,브랜드 실패(사유: None) / 카테고리 성공 / 원산지 성공
29494121,,Man,Shoes,Flat shoes,ITALIA,브랜드 실패(사유: None) / 카테고리 성공 / 원산지 성공
22010131,Longchamp,Woman,Bags,Bags..,Cina,재고 없음
22010131,Longchamp,Woman,Bags,Bags..,Cina,재고 없음
26883330,Haikure,Man,Clothing,Jeans,I,브랜드 성공 / 카테고리 성공 / 원산지 실패(사유: I)
26883330,Haikure,Man,Clothing,Jeans,I,브랜드 성공 / 카테고리 성공 / 원산지 실패(사유: I)
26883330,Haikure,Man,Clothing,Jeans,I,브랜드 성공 / 카테고리 성공 / 원산지 실패(사유: I)
26883330,Haikure,Man,Clothing,Jeans,I,브랜드 성공 / 카테고리 성공 / 원산지 실패(사유: I)
26883330,Haikure,Man,Clothing,Jeans,I,브랜드 성공 / 카테고리 성공 / 원산지 실패(사유: I)
26883330,Haikure,Man,Clothing,Jeans,I,브랜드 성공 / 카테고리 성공 / 원산지 실패(사유: I)
168544,TWINSET,Women,Shoes,Flat Shoes,India,재고 없음
26882239,Represent,Man,Clothing,Sea clothing,"CHINA, PEOPLE'S REPUBLIC OF","브랜드 성공 / 카테고리 성공 / 원산지 실패(사유: CHINA, PEOPLE'S REPUBLIC OF)"
26882239,Represent,Man,Clothing,Sea clothing,"CHINA, PEOPLE'S REPUBLIC OF","브랜드 성공 / 카테고리 성공 / 원산지 실패(사유: CHINA, PEOPLE'S REPUBLIC OF)"
26882239,Represent,Man,Clothing,Sea clothing,"CHINA, PEOPLE'S REPUBLIC OF","브랜드 성공 / 카테고리 성공 / 원산지 실패(사유: CHINA, PEOPLE'S REPUBLIC OF)"
26882239,Represent,Man,Clothing,Sea clothing,"CHINA, PEOPLE'S REPUBLIC OF","브랜드 성공 / 카테고리 성공 / 원산지 실패(사유: CHINA, PEOPLE'S REPUBLIC OF)"
26882239,Represent,Man,Clothing,Sea clothing,"CHINA, PEOPLE'S REPUBLIC OF","브랜드 성공 / 카테고리 성공 / 원산지 실패(사유: CHINA, PEOPLE'S REPUBLIC OF)"
26882239,Represent,Man,Clothing,Sea clothing,"CHINA, PEOPLE'S REPUBLIC OF","브랜드 성공 / 카테고리 성공 / 원산지 실패(사유: CHINA, PEOPLE'S REPUBLIC OF)"
26889122,,Woman,Clothing,Shirts,KR - South Korea,브랜드 실패(사유: None) / 카테고리 성공 / 원산지 실패(사유: KR - South Korea)
26889122,,Woman,Clothing,Shirts,KR - South Korea,브랜드 실패(사유: None) / 카테고리 성공 / 원산지 실패(사유: KR - South Korea)
26889122,,Woman,Clothing,Shirts,KR - South Korea,브랜드 실패(사유: None) / 카테고리 성공 / 원산지 성공
26889122,,Woman,Clothing,Shirts,KR - South Korea,브랜드 실패(사유: None) / 카테고리 성공 / 원산지 성공
26889122,,Woman,Clothing,Shirts,KR - South Korea,브랜드 실패(사유: None) / 카테고리 성공 / 원산지 실패(사유: KR - South Korea)
26889122,,Woman,Clothing,Shirts,KR - South Korea,브랜드 실패(사유: None) / 카테고리 성공 / 원산지 실패(사유: KR - South Korea)
1\4\4\6863\751532\0,AMI,MAN,CLOTHING,KNITWEARS,IT : ITALY,브랜드 성공 / 카테고리 성공 / 원산지 실패(사유: IT : ITALY)
1\4\4\6863\751532\0,AMI,MAN,CLOTHING,KNITWEARS,IT : ITALY,브랜드 성공 / 카테고리 성공 / 원산지 실패(사유: IT : ITALY)
1\4\4\6863\751532\0,AMI,MAN,CLOTHING,KNITWEARS,IT : ITALY,브랜드 성공 / 카테고리 성공 / 원산지 실패(사유: IT : ITALY)
1\4\4\6863\751532\0,AMI,MAN,CLOTHING,KNITWEARS,IT : ITALY,브랜드 성공 / 카테고리 성공 / 원산지 실패(사유: IT : ITALY)
144767,PARIS TEXAS,Women,Shoes,Boots,,재고 없음
150760,AGUA BY AGUA BENDITA,Women,Clothing,Dresses,Colombia,재고 없음
157487,MONCLER GENIUS,Men,Clothing,Tshirts and polo shirts,Turkey,재고 없음
150192,VIVIENNE WESTWOOD,Women,Clothing,Jersey,Italy,재고 없음
144038,AXEL ARIGATO,Women,Shoes,Sneakers,Portugal,재고 없음
147297,FENDI,Men,Shoes,Flat Shoes,Italy,재고 없음
150779,MOTHER,Women,Clothing,Jeans,Usa,재고 없음
154650,JACQUEMUS,Women,Clothing,Dresses,France,재고 없음
155306,ZIMMERMANN,Women,Clothing,Dresses,Sri Lanka,재고 없음
157392,GOLDEN GOOSE,Women,Clothing,Blazers,Italy,재고 없음
160210,POLO RALPH LAUREN,Men,Clothing,Tshirts and polo shirts,Bangladesh,재고 없음
155755,SAINT LAURENT,Women,Accessories,Sunglasses,Japon,재고 없음
149820,GUCCI,Men,Accessories,Hats and Gloves,Italy,재고 없음
148817,JIMMY CHOO,Women,Shoes,Heels,Italy,재고 없음
157442,MONCLER GENIUS,Men,Clothing,Jersey,Italy,재고 없음
163608,JIL SANDER,Men,Clothing,Tshirts and polo shirts,Italy,재고 없음
151913,MAX MARA,Women,Accessories,Scarfs and foulards,Italy,재고 없음
153390,PINKO,Women,Clothing,Outerwear,China,재고 없음
158611,MC2 SAINT BARTH KIDS,Baby boy,Clothing,Tshirts and polo shirts,Portugal,재고 없음
133799,BOTTEGA VENETA,Women,Shoes,Flat Shoes,Italy,재고 없음
157470,MONCLER GENIUS,Men,Clothing,Tshirts and polo shirts,Turkey,재고 없음
150557,CHLOÉ,Women,Bags,Crossbody Bags,Italy,재고 없음
145198,GUCCI,Men,Accessories,Belts,Italy,재고 없음
166810,DRÔLE DE MONSIEUR,Men,Clothing,Trousers,Moldova,재고 없음
167485,SAINT LAURENT,Women,Bags,Hand bags,Italy,재고 없음
157449,MONCLER GENIUS,Men,Clothing,Shorts and Bermuda shorts,Turkey,재고 없음
141059,STONE ISLAND KIDS,Baby boy,Clothing,Trousers,Romania,재고 없음
157452,MONCLER GENIUS,Men,Clothing,Sweatshirts,Albania,재고 없음
159640,POLO RALPH LAUREN,Women,Clothing,Tshirts and polo shirts,Turkey,재고 없음
160220,POLO RALPH LAUREN,Men,Clothing,Tshirts and polo shirts,Bangladesh,재고 없음
166243,JIL SANDER,Men,Clothing,Tshirts and polo shirts,Italy,재고 없음
29006429,CALLING JUNE,Woman,Clothing,Dresses,India,원가 없음 또는 0원
29006429,CALLING JUNE,Woman,Clothing,Dresses,India,원가 없음 또는 0원
29006429,CALLING JUNE,Woman,Clothing,Dresses,India,원가 없음 또는 0원
29006429,CALLING JUNE,Woman,Clothing,Dresses,India,원가 없음 또는 0원
29006429,CALLING JUNE,Woman,Clothing,Dresses,India,원가 없음 또는 0원
29006429,CALLING JUNE,Woman,Clothing,Dresses,India,원가 없음 또는 0원
29924765,CUBA LAB,Woman,Bags,Bags..,ITALIA,원가 없음 또는 0원
29924765,CUBA LAB,Woman,Bags,Bags..,ITALIA,원가 없음 또는 0원
29924765,CUBA LAB,Woman,Bags,Bags..,ITALIA,원가 없음 또는 0원
29924765,CUBA LAB,Woman,Bags,Bags..,ITALIA,원가 없음 또는 0원
29924765,CUBA LAB,Woman,Bags,Bags..,ITALIA,원가 없음 또는 0원
29924765,CUBA LAB,Woman,Bags,Bags..,ITALIA,원가 없음 또는 0원
30313990,VANESSA BARONI,Woman,Accessories,Bijoux,Italy,원가 없음 또는 0원
30313990,VANESSA BARONI,Woman,Accessories,Bijoux,Italy,원가 없음 또는 0원
30313990,VANESSA BARONI,Woman,Accessories,Bijoux,Italy,원가 없음 또는 0원
30313990,VANESSA BARONI,Woman,Accessories,Bijoux,Italy,원가 없음 또는 0원
30313990,VANESSA BARONI,Woman,Accessories,Bijoux,Italy,원가 없음 또는 0원
30313990,VANESSA BARONI,Woman,Accessories,Bijoux,Italy,원가 없음 또는 0원
30314007,Escapulario,Woman,Accessories,Bijoux,Brasile,원가 없음 또는 0원
30314007,Escapulario,Woman,Accessories,Bijoux,Brasile,원가 없음 또는 0원
30314007,Escapulario,Woman,Accessories,Bijoux,Brasile,원가 없음 또는 0원
30314007,Escapulario,Woman,Accessories,Bijoux,Brasile,원가 없음 또는 0원
30314007,Escapulario,Woman,Accessories,Bijoux,Brasile,원가 없음 또는 0원
30314007,Escapulario,Woman,Accessories,Bijoux,Brasile,원가 없음 또는 0원
30356525,,Woman,Clothing,Sea clothing,ITALIA,브랜드 실패(사유: None) / 카테고리 성공 / 원산지 성공
30356525,,Woman,Clothing,Sea clothing,ITALIA,브랜드 실패(사유: None) / 카테고리 성공 / 원산지 성공
30356525,,Woman,Clothing,Sea clothing,ITALIA,브랜드 실패(사유: None) / 카테고리 성공 / 원산지 성공
30356525,,Woman,Clothing,Sea clothing,ITALIA,브랜드 실패(사유: None) / 카테고리 성공 / 원산지 성공
30356525,,Woman,Clothing,Sea clothing,ITALIA,브랜드 실패(사유: None) / 카테고리 성공 / 원산지 성공
30356525,,Woman,Clothing,Sea clothing,ITALIA,브랜드 실패(사유: None) / 카테고리 성공 / 원산지 성공
30356543,Hugo Boss,Man,Clothing,T-shirts and Polos,Turchia,원가 없음 또는 0원
30356543,Hugo Boss,Man,Clothing,T-shirts and Polos,Turchia,원가 없음 또는 0원
30356543,Hugo Boss,Man,Clothing,T-shirts and Polos,Turchia,원가 없음 또는 0원
30356543,Hugo Boss,Man,Clothing,T-shirts and Polos,Turchia,원가 없음 또는 0원
30356543,Hugo Boss,Man,Clothing,T-shirts and Polos,Turchia,원가 없음 또는 0원
30356543,Hugo Boss,Man,Clothing,T-shirts and Polos,Turchia,원가 없음 또는 0원
30356560,Hugo Boss,Man,Clothing,Shirts,India,원가 없음 또는 0원
30356560,Hugo Boss,Man,Clothing,Shirts,India,원가 없음 또는 0원
30356560,Hugo Boss,Man,Clothing,Shirts,India,원가 없음 또는 0원
30356560,Hugo Boss,Man,Clothing,Shirts,India,원가 없음 또는 0원
30356560,Hugo Boss,Man,Clothing,Shirts,India,원가 없음 또는 0원
30356560,Hugo Boss,Man,Clothing,Shirts,India,원가 없음 또는 0원
30730379,CUBA LAB,Woman,Bags,Bags..,ITALIA,원가 없음 또는 0원
30730379,CUBA LAB,Woman,Bags,Bags..,ITALIA,원가 없음 또는 0원
30730379,CUBA LAB,Woman,Bags,Bags..,ITALIA,원가 없음 또는 0원
30730379,CUBA LAB,Woman,Bags,Bags..,ITALIA,원가 없음 또는 0원
30730379,CUBA LAB,Woman,Bags,Bags..,ITALIA,원가 없음 또는 0원
30730379,CUBA LAB,Woman,Bags,Bags..,ITALIA,원가 없음 또는 0원
31126343,MC2 Saint Barth,Man,Clothing,Sea clothing,Moldova,원가 없음 또는 0원
31126343,MC2 Saint Barth,Man,Clothing,Sea clothing,Moldova,원가 없음 또는 0원
31126343,MC2 Saint Barth,Man,Clothing,Sea clothing,Moldova,원가 없음 또는 0원
31126343,MC2 Saint Barth,Man,Clothing,Sea clothing,Moldova,원가 없음 또는 0원
31126343,MC2 Saint Barth,Man,Clothing,Sea clothing,Moldova,원가 없음 또는 0원
31126343,MC2 Saint Barth,Man,Clothing,Sea clothing,Moldova,원가 없음 또는 0원
31126352,MC2 Saint Barth,Man,Clothing,T-shirts and Polos,Portogallo,원가 없음 또는 0원
31126352,MC2 Saint Barth,Man,Clothing,T-shirts and Polos,Portogallo,원가 없음 또는 0원
31126352,MC2 Saint Barth,Man,Clothing,T-shirts and Polos,Portogallo,원가 없음 또는 0원
31126352,MC2 Saint Barth,Man,Clothing,T-shirts and Polos,Portogallo,원가 없음 또는 0원
31126352,MC2 Saint Barth,Man,Clothing,T-shirts and Polos,Portogallo,원가 없음 또는 0원
31126352,MC2 Saint Barth,Man,Clothing,T-shirts and Polos,Portogallo,원가 없음 또는 0원
31297135,VANESSA BARONI,Woman,Accessories,Bijoux,ITALIA,원가 없음 또는 0원
31297135,VANESSA BARONI,Woman,Accessories,Bijoux,ITALIA,원가 없음 또는 0원
31297135,VANESSA BARONI,Woman,Accessories,Bijoux,ITALIA,원가 없음 또는 0원
31297135,VANESSA BARONI,Woman,Accessories,Bijoux,ITALIA,원가 없음 또는 0원
31297135,VANESSA BARONI,Woman,Accessories,Bijoux,ITALIA,원가 없음 또는 0원
31297135,VANESSA BARONI,Woman,Accessories,Bijoux,ITALIA,원가 없음 또는 0원
31717543,SELF PORTRAIT,Woman,Bags,Bags..,"CHINA, PEOPLE'S REPUBLIC OF","브랜드 성공 / 카테고리 성공 / 원산지 실패(사유: CHINA, PEOPLE'S REPUBLIC OF)"
31717543,SELF PORTRAIT,Woman,Bags,Bags..,"CHINA, PEOPLE'S REPUBLIC OF","브랜드 성공 / 카테고리 성공 / 원산지 실패(사유: CHINA, PEOPLE'S REPUBLIC OF)"
31717543,SELF PORTRAIT,Woman,Bags,Bags..,"CHINA, PEOPLE'S REPUBLIC OF","브랜드 성공 / 카테고리 성공 / 원산지 실패(사유: CHINA, PEOPLE'S REPUBLIC OF)"
31717543,SELF PORTRAIT,Woman,Bags,Bags..,"CHINA, PEOPLE'S REPUBLIC OF","브랜드 성공 / 카테고리 성공 / 원산지 실패(사유: CHINA, PEOPLE'S REPUBLIC OF)"
31717543,SELF PORTRAIT,Woman,Bags,Bags..,"CHINA, PEOPLE'S REPUBLIC OF","브랜드 성공 / 카테고리 성공 / 원산지 실패(사유: CHINA, PEOPLE'S REPUBLIC OF)"
31717543,SELF PORTRAIT,Woman,Bags,Bags..,"CHINA, PEOPLE'S REPUBLIC OF","브랜드 성공 / 카테고리 성공 / 원산지 실패(사유: CHINA, PEOPLE'S REPUBLIC OF)"
31717556,SELF PORTRAIT,Woman,Clothing,Dresses,"CHINA, PEOPLE'S REPUBLIC OF","브랜드 성공 / 카테고리 성공 / 원산지 실패(사유: CHINA, PEOPLE'S REPUBLIC OF)"
31717556,SELF PORTRAIT,Woman,Clothing,Dresses,"CHINA, PEOPLE'S REPUBLIC OF","브랜드 성공 / 카테고리 성공 / 원산지 실패(사유: CHINA, PEOPLE'S REPUBLIC OF)"
31717556,SELF PORTRAIT,Woman,Clothing,Dresses,"CHINA, PEOPLE'S REPUBLIC OF","브랜드 성공 / 카테고리 성공 / 원산지 실패(사유: CHINA, PEOPLE'S REPUBLIC OF)"
31717556,SELF PORTRAIT,Woman,Clothing,Dresses,"CHINA, PEOPLE'S REPUBLIC OF","브랜드 성공 / 카테고리 성공 / 원산지 실패(사유: CHINA, PEOPLE'S REPUBLIC OF)"
31717556,SELF PORTRAIT,Woman,Clothing,Dresses,"CHINA, PEOPLE'S REPUBLIC OF","브랜드 성공 / 카테고리 성공 / 원산지 실패(사유: CHINA, PEOPLE'S REPUBLIC OF)"
31717556,SELF PORTRAIT,Woman,Clothing,Dresses,"CHINA, PEOPLE'S REPUBLIC OF","브랜드 성공 / 카테고리 성공 / 원산지 실패(사유: CHINA, PEOPLE'S REPUBLIC OF)"
31717560,,Kids,Accessories,Accessories,China,브랜드 실패(사유: None) / 카테고리 성공 / 원산지 성공
31717560,,Kids,Accessories,Accessories,China,브랜드 실패(사유: None) / 카테고리 성공 / 원산지 성공
31717560,,Kids,Accessories,Accessories,China,브랜드 실패(사유: None) / 카테고리 성공 / 원산지 성공
31717560,,Kids,Accessories,Accessories,China,브랜드 실패(사유: None) / 카테고리 성공 / 원산지 성공
31717560,,Kids,Accessories,Accessories,China,브랜드 실패(사유: None) / 카테고리 성공 / 원산지 성공
31717560,,Kids,Accessories,Accessories,China,브랜드 실패(사유: None) / 카테고리 성공 / 원산지 성공
31717595,,Kids,Accessories,Accessories,China,브랜드 실패(사유: None) / 카테고리 성공 / 원산지 성공
31717595,,Kids,Accessories,Accessories,China,브랜드 실패(사유: None) / 카테고리 성공 / 원산지 성공
31717595,,Kids,Accessories,Accessories,China,브랜드 실패(사유: None) / 카테고리 성공 / 원산지 성공
31717595,,Kids,Accessories,Accessories,China,브랜드 실패(사유: None) / 카테고리 성공 / 원산지 성공
31717595,,Kids,Accessories,Accessories,China,브랜드 실패(사유: None) / 카테고리 성공 / 원산지 성공
31717595,,Kids,Accessories,Accessories,China,브랜드 실패(사유: None) / 카테고리 성공 / 원산지 성공
31717601,SELF PORTRAIT,Woman,Clothing,Dresses,"CHINA, PEOPLE'S REPUBLIC OF","브랜드 성공 / 카테고리 성공 / 원산지 실패(사유: CHINA, PEOPLE'S REPUBLIC OF)"
31717601,SELF PORTRAIT,Woman,Clothing,Dresses,"CHINA, PEOPLE'S REPUBLIC OF","브랜드 성공 / 카테고리 성공 / 원산지 실패(사유: CHINA, PEOPLE'S REPUBLIC OF)"
31717601,SELF PORTRAIT,Woman,Clothing,Dresses,"CHINA, PEOPLE'S REPUBLIC OF","브랜드 성공 / 카테고리 성공 / 원산지 실패(사유: CHINA, PEOPLE'S REPUBLIC OF)"
31717601,SELF PORTRAIT,Woman,Clothing,Dresses,"CHINA, PEOPLE'S REPUBLIC OF","브랜드 성공 / 카테고리 성공 / 원산지 실패(사유: CHINA, PEOPLE'S REPUBLIC OF)"
31717601,SELF PORTRAIT,Woman,Clothing,Dresses,"CHINA, PEOPLE'S REPUBLIC OF","브랜드 성공 / 카테고리 성공 / 원산지 실패(사유: CHINA, PEOPLE'S REPUBLIC OF)"
31717601,SELF PORTRAIT,Woman,Clothing,Dresses,"CHINA, PEOPLE'S REPUBLIC OF","브랜드 성공 / 카테고리 성공 / 원산지 실패(사유: CHINA, PEOPLE'S REPUBLIC OF)"
29925075,SORBET ISLAND,Woman,Clothing,Sea clothing,EUROPA,원가 없음 또는 0원
29925075,SORBET ISLAND,Woman,Clothing,Sea clothing,EUROPA,원가 없음 또는 0원
29925075,SORBET ISLAND,Woman,Clothing,Sea clothing,EUROPA,원가 없음 또는 0원
29925075,SORBET ISLAND,Woman,Clothing,Sea clothing,EUROPA,원가 없음 또는 0원
29925075,SORBET ISLAND,Woman,Clothing,Sea clothing,EUROPA,원가 없음 또는 0원
29925075,SORBET ISLAND,Woman,Clothing,Sea clothing,EUROPA,원가 없음 또는 0원
154311,PALM ANGELS,Men,Clothing,Sweatshirts,,재고 없음
166934,PLAIN,Women,Clothing,Blazers,,재고 없음
160045,TAGLIATORE,Men,Clothing,Tshirts and polo shirts,Italy,재고 없음
146654,BOTTEGA VENETA,Women,Bags,Hand bags,Italy,재고 없음
159834,MAX MARA,Women,Clothing,Tshirts and polo shirts,,재고 없음
157413,MAISON MARGIELA,Women,Bags,Hand bags,Italy,재고 없음
156383,VENUJA,Women,Clothing,Beachwear,China,재고 없음
149654,MYTHS,Men,Clothing,Shorts and Bermuda shorts,,재고 없음
149661,MYTHS,Men,Clothing,Shorts and Bermuda shorts,,재고 없음
150231,PURPLE BRAND,Men,Clothing,Jeans,,재고 없음
150667,TALLER MARMO,Women,Clothing,Beachwear,Italy,재고 없음
150724,SAINT LAURENT,Women,Shoes,Wedges,Italy,재고 없음
152366,JACQUEMUS,Men,Clothing,Tshirts and polo shirts,Portugal,재고 없음
152594,FERRAGAMO,Men,Shoes,Sneakers,Italy,재고 없음
153085,VERSACE,Women,Clothing,Shirts and blouses,Italy,재고 없음
155123,BRUNELLO CUCINELLI,Women,Clothing,Jersey,Italy,재고 없음
155510,JW ANDERSON,Men,Clothing,Tshirts and polo shirts,,재고 없음
157467,NEMA,Women,Clothing,Long Dresses,Greece,재고 없음
157514,PARIS TEXAS,Women,Shoes,Heels,Italy,재고 없음
158538,SEMICOUTURE,Women,Clothing,Long Dresses,Italy,재고 없음
158575,SEMICOUTURE,Women,Clothing,Tops,Italy,재고 없음
163447,BURBERRY,Men,Clothing,Tshirts and polo shirts,Vietnam,재고 없음
158980,UGG,Men,Shoes,Flat Shoes,,재고 없음
159121,BRUNELLO CUCINELLI,Women,Clothing,Trousers,Italy,재고 없음
159846,MAX MARA,Women,Clothing,Outerwear,,재고 없음
160013,NORMA KAMALI,Women,Clothing,Tops,,재고 없음
160024,NORMA KAMALI,Women,Clothing,Trousers,,재고 없음
160033,NORMA KAMALI,Women,Clothing,Jumpsuits,,재고 없음
160281,MULBERRY,Women,Bags,Shoulder bags,Turkey,재고 없음
160960,DRAGON DIFFUSION,Women,Bags,Tote bags,India,재고 없음
160973,VERSACE,Women,Clothing,Tops,Bosnia Erzegovina,재고 없음
161159,TALLER MARMO,Women,Clothing,Long Dresses,,재고 없음
161762,BRUNELLO CUCINELLI,Women,Clothing,Trousers,,재고 없음
161998,STUART WEITZMAN,Women,Shoes,Flat Shoes,Spain,재고 없음
162201,SOFT GOAT,Women,Clothing,Jersey,,재고 없음
162383,BALMAIN,Men,Clothing,Tshirts and polo shirts,,재고 없음
162562,VERSACE,Men,Jewelry,Earrings,Italy,재고 없음
163051,SUNFLOWER,Men,Clothing,Jeans,,재고 없음
163317,TORY BURCH,Women,Bags,Crossbody Bags,Vietnam,재고 없음
164672,GUCCI,Men,Shoes,Sneakers,,재고 없음
165586,GOLD HAWK,Women,Clothing,Tops,,재고 없음
165931,TWINSET,Women,Shoes,Flat Shoes,,재고 없음
165961,BRUNELLO CUCINELLI,Women,Clothing,Jersey,Italy,재고 없음
166065,BIRKENSTOCK KIDS,Baby boy,Shoes,Flat Shoes,,재고 없음
166510,AQUAZZURA,Women,Shoes,Heels,Italy,재고 없음
166715,SUNFLOWER,Men,Clothing,Tshirts and polo shirts,,재고 없음
166808,SUNFLOWER,Men,Clothing,Tshirts and polo shirts,Portugal,재고 없음
166848,MARC JACOBS,Women,Accessories,Leather Products,,재고 없음
166909,JW ANDERSON,Men,Accessories,Accessories,,재고 없음
167067,TAGLIATORE,Men,Accessories,Papillon and ties,Italy,재고 없음
167180,SPORTMAX,Women,Clothing,Shirts and blouses,,재고 없음
141475,AXEL ARIGATO,Women,Shoes,Sneakers,Portugal,재고 없음
147434,OSÉREE,Women,Clothing,Beachwear,,재고 없음
147445,OSÉREE,Women,Clothing,Beachwear,,재고 없음
149657,MYTHS,Men,Clothing,Shorts and Bermuda shorts,,재고 없음
150315,CASTANER,Women,Shoes,Wedges,Spain,재고 없음
151237,SELF-PORTRAIT,Women,Clothing,Dresses,,재고 없음
154034,DRIES VAN NOTEN,Women,Clothing,Skirts,Bulgaria,재고 없음
157162,POLO RALPH LAUREN,Men,Accessories,Hats and Gloves,,재고 없음
157630,ERES,Women,Clothing,Underwear,,재고 없음
158525,SEMICOUTURE,Women,Clothing,Long Dresses,Italy,재고 없음
159124,BRUNELLO CUCINELLI,Women,Shoes,Loafers,Italy,재고 없음
159868,MAX MARA,Women,Clothing,Jersey,,재고 없음
161740,JIL SANDER,Men,Clothing,Tshirts and polo shirts,Italy,재고 없음
161772,BRUNELLO CUCINELLI,Women,Shoes,Flat Shoes,Italy,재고 없음
161997,STUART WEITZMAN,Women,Shoes,Flat Shoes,Spain,재고 없음
162070,BRUNELLO CUCINELLI,Women,Clothing,Jersey,,재고 없음
162121,ROTATE,Women,Clothing,Long Dresses,China,재고 없음
162209,SOFT GOAT,Women,Clothing,Jersey,,재고 없음
163018,BRUNELLO CUCINELLI,Women,Clothing,Jersey,Italy,재고 없음
163649,THOM BROWNE,Men,Clothing,Tshirts and polo shirts,,재고 없음
164203,THE ATTICO,Women,Clothing,Dresses,Italy,재고 없음
164221,LONGCHAMP,Women,Bags,Hand bags,,재고 없음
164325,BRUNELLO CUCINELLI,Women,Jewelry,Earrings,,재고 없음
165207,VALENTINO GARAVANI,Men,Shoes,Sneakers,,재고 없음
165588,GOLD HAWK,Women,Clothing,Tops,,재고 없음
166070,BIRKENSTOCK KIDS,Baby boy,Shoes,Flat Shoes,,재고 없음
166680,SUNFLOWER,Men,Clothing,Tshirts and polo shirts,,재고 없음
166750,MARC JACOBS,Women,Bags,Crossbody Bags,,재고 없음
167319,FENDI,Women,Bags,Tote bags,Italy,재고 없음
169263,MISSONI HOME,home,undefined,Beach towels,,재고 없음
148431,UGG,Men,Shoes,Flat Shoes,,재고 없음
148435,UGG,Men,Shoes,Flat Shoes,,재고 없음
150585,ROTATE,Women,Clothing,Skirts,China,재고 없음
153542,BRUNELLO CUCINELLI,Women,Clothing,Tshirts and polo shirts,Italy,재고 없음
153734,SOLACE LONDON,Women,Clothing,Long Dresses,,재고 없음
154210,CHARO RUIZ,Women,Clothing,Tops,Portugal,재고 없음
154719,P.A.R.O.S.H.,Women,Clothing,Long Dresses,Italy,재고 없음
155124,ROTATE,Women,Clothing,Dresses,China,재고 없음
155140,THE ANDAMANE,Women,Clothing,Trousers,Italy,재고 없음
155490,JW ANDERSON,Men,Clothing,Tops,,재고 없음
157044,TWENTY FOURHAITCH,Women,Bags,Clutches and pochettes,,재고 없음
157585,BURBERRY,Men,Clothing,Shirts and blouses,Italy,재고 없음
158888,SAINT LAURENT,Men,Bags,Crossbody Bags,,재고 없음
159112,BRUNELLO CUCINELLI,Women,Clothing,Jersey,Italy,재고 없음
159831,MAX MARA,Women,Clothing,Jersey,,재고 없음
159856,MAX MARA,Women,Clothing,Jersey,Italy,재고 없음
160006,NORMA KAMALI,Women,Clothing,Dresses,,재고 없음
160571,STUART WEITZMAN,Women,Shoes,Heels,Spain,재고 없음
161730,OSOI,Women,Bags,Shoulder bags,China,재고 없음
161763,BRUNELLO CUCINELLI,Women,Clothing,Trousers,,재고 없음
162380,BALMAIN,Men,Clothing,Tshirts and polo shirts,,재고 없음
159829,MAXMARA PURE,Women,Clothing,Tshirts and polo shirts,,재고 없음
162539,VERSACE,Men,Jewelry,Necklaces,Italy,재고 없음
163222,FEDERICA TOSI,Women,Jewelry,Necklaces,,재고 없음
162559,VERSACE,Men,Clothing,Shirts and blouses,,재고 없음
163214,FEDERICA TOSI,Women,Jewelry,Necklaces,,재고 없음
163303,TORY BURCH,Women,Bags,Tote bags,CAMBOGIA,재고 없음
163653,TOM FORD,Women,Clothing,Jersey,Italy,재고 없음
163691,TOM FORD,Women,Bags,Tote bags,Italy,재고 없음
166864,AUTRY,Men,Shoes,Sneakers,,재고 없음
167267,VEJA,Unisex,Shoes,Sneakers,,재고 없음
168818,ICON DENIM,Women,Clothing,Jeans,,재고 없음
168819,ICON DENIM,Women,Clothing,Jeans,,재고 없음
153053,VERSACE HOME,home,Textiles,Bathrobes,Italy,재고 없음
154758,P.A.R.O.S.H.,Women,Clothing,Trousers,China,재고 없음
158993,UGG,Women,Shoes,Flat Shoes,,재고 없음
159256,DOLCE E GABBANA,Men,Clothing,Underwear,Bosnia and Herzegovina,재고 없음
159838,MAX MARA,Women,Clothing,Jersey,Italy,재고 없음
153489,ANJUNA,Women,Clothing,Dresses,,재고 없음
154717,P.A.R.O.S.H.,Women,Clothing,Trousers,Italy,재고 없음
154737,P.A.R.O.S.H.,Women,Clothing,Trousers,Italy,재고 없음
154742,P.A.R.O.S.H.,Women,Clothing,Trousers,China,재고 없음
160017,NORMA KAMALI,Women,Clothing,Tops,,재고 없음
162196,SOFT GOAT,Women,Clothing,Jersey,,재고 없음
162373,BALMAIN,Men,Clothing,Tshirts and polo shirts,,재고 없음
162376,BALMAIN,Men,Clothing,Shirts and blouses,,재고 없음
147512,THOM BROWNE,Men,Clothing,Tshirts and polo shirts,,재고 없음
152467,MSGM,Women,Clothing,Tshirts and polo shirts,Italy,재고 없음
152441,MSGM,Women,Clothing,Tops,Italy,재고 없음
155861,MAISON KITSUNÉ,Men,Accessories,Hats and Gloves,China,재고 없음
157113,JIMMY CHOO,Women,Shoes,Heels,Italy,재고 없음
157784,STONE ISLAND KIDS,Baby boy,Clothing,Beachwear,Italy,원가 없음 또는 0원
157778,STONE ISLAND KIDS,Baby boy,Clothing,Trousers,Romania,원가 없음 또는 0원
157809,STONE ISLAND KIDS,Baby boy,Clothing,Shorts and Bermuda shorts,Tunisia,원가 없음 또는 0원
158555,SEMICOUTURE,Women,Clothing,Trousers,Italy,재고 없음
159147,DOLCE E GABBANA,Men,Shoes,Sneakers,,재고 없음
167243,MAXMARA STUDIO,Women,Clothing,Skirts,,재고 없음
167264,MAXMARA STUDIO,Women,Clothing,Trousers,,재고 없음
147406,STUART WEITZMAN,Women,Shoes,Heels,Spain,재고 없음
149535,KENZO,Women,Clothing,Tshirts and polo shirts,Portugal,재고 없음
151549,THE ANDAMANE,Women,Clothing,Long Dresses,,재고 없음
152458,MSGM,Women,Clothing,Blazers,Italy,재고 없음
152462,MSGM,Men,Clothing,Tshirts and polo shirts,,재고 없음
152448,MSGM,Men,Clothing,Shirts and blouses,,재고 없음
159733,POLO RALPH LAUREN,Women,Bags,Shoulder bags,China,재고 없음
152440,MSGM,Women,Clothing,Trousers,Italy,재고 없음
152452,MSGM,Men,Clothing,Shirts and blouses,,재고 없음
152449,MSGM,Women,Clothing,Shirts and blouses,Italy,재고 없음
158564,SEMICOUTURE,Women,Clothing,Skirts,Italy,재고 없음
158566,SEMICOUTURE,Women,Clothing,Shirts and blouses,Italy,재고 없음
159636,THE ATTICO,Women,Bags,Shoulder bags,,재고 없음
159851,MAX MARA,Women,Clothing,Tshirts and polo shirts,,재고 없음
164720,SEAFARER,Women,Clothing,Jeans,,재고 없음
165331,LONGCHAMP,Women,Bags,Tote bags,China,재고 없음
163654,TOM FORD,Women,Clothing,Outerwear,Italy,재고 없음
164319,FEDERICA TOSI,Women,Clothing,Beachwear,,재고 없음
165832,AGOLDE,Women,Clothing,Jeans,Turkey,재고 없음
166973,PLAIN,Women,Clothing,Outerwear,Italy,재고 없음
166997,PLAIN,Women,Clothing,Shirts and blouses,Italy,재고 없음
166966,PLAIN,Women,Clothing,Blazers,,재고 없음
166996,PLAIN,Women,Clothing,Dresses,,재고 없음
167012,PLAIN,Women,Clothing,Outerwear,,재고 없음
167054,PLAIN,Women,Clothing,Skirts,,재고 없음
156357,PHILOSOPHY di LORENZO SERAFINI,Women,Clothing,Beachwear,,재고 없음
167053,PLAIN,Women,Clothing,Shirts and blouses,,재고 없음
151552,THE ANDAMANE,Women,Clothing,Jumpsuits,,재고 없음
165583,LIDFORT,Men,Shoes,Loafers,Italy,재고 없음
165657,POLO RALPH LAUREN,Men,Clothing,Beachwear,,재고 없음
165584,LIDFORT,Men,Shoes,Loafers,Italy,재고 없음
156371,VENUJA,Women,Clothing,Skirts,China,재고 없음
156963,BOTTEGA VENETA,Men,Clothing,Tshirts and polo shirts,Italy,재고 없음
156962,BOTTEGA VENETA,Women,Clothing,Tshirts and polo shirts,Italy,재고 없음
156972,BOTTEGA VENETA,Men,Clothing,Tshirts and polo shirts,Italy,재고 없음
162542,VERSACE,Men,Clothing,Tshirts and polo shirts,,재고 없음
167172,SPORTMAX,Women,Clothing,Outerwear,,재고 없음
167208,MAXMARA STUDIO,Women,Clothing,Blazers,,재고 없음
159346,GUCCI,Men,Clothing,Tshirts and polo shirts,Italy,재고 없음
162304,UGG,Women,Shoes,Flat Shoes,,재고 없음
166346,BALENCIAGA,Women,Shoes,Sneakers,China,재고 없음
167199,MAX MARA,Women,Clothing,Outerwear,,재고 없음
167230,MAX MARA,Women,Clothing,Blazers,,재고 없음
163225,FEDERICA TOSI,Women,Jewelry,Earrings,,재고 없음
164320,BRUNELLO CUCINELLI,Women,Bags,Shoulder bags,,재고 없음
165587,GOLD HAWK,Women,Clothing,Tops,,재고 없음
165662,VERSACE,Women,Shoes,Wedges,,재고 없음
165712,CHLOÉ,Women,Clothing,Jersey,Italy,재고 없음
166015,MARNI KIDS,Baby boy,Clothing,Tshirts and polo shirts,,재고 없음
166201,AQUAZZURA,Women,Shoes,Heels,Italy,재고 없음
166869,FORTE_FORTE,Women,Clothing,Long Dresses,,재고 없음
167195,SPORTMAX,Women,Clothing,Tops,,재고 없음
167233,MAX MARA,Women,Clothing,Outerwear,,재고 없음
168820,ICON DENIM,Women,Clothing,Jeans,,재고 없음
147944,VICTORIA BECKHAM,Women,Clothing,Trousers,Italy,재고 없음
149538,KENZO,Women,Clothing,Tops,Portugal,재고 없음
149667,MYTHS,Men,Clothing,Trousers,,재고 없음
149874,THE ROW,Women,Shoes,Sneakers,Italy,재고 없음
150615,DIESEL,Women,Clothing,Tops,China,재고 없음
152311,FENDI,Men,Jewelry,Bracelet,,재고 없음
152597,FERRAGAMO,Men,Shoes,Loafers,Italy,재고 없음
155294,JW ANDERSON,Men,Clothing,Shorts and Bermuda shorts,,재고 없음
155395,JW ANDERSON,Men,Clothing,Tshirts and polo shirts,,재고 없음
156432,MOSCHINO KIDS,Baby boy,Clothing,Sweatshirts,Portugal,재고 없음
158559,SEMICOUTURE,Women,Shoes,Heels,Italy,재고 없음
158778,GANNI,Women,Shoes,Ballerinas,Brazil,재고 없음
158824,ANTONELLI,Women,Clothing,Long Dresses,Italy,재고 없음
158992,UGG,Women,Shoes,Ankle boots,Vietnam,재고 없음
159045,IBELIV,Women,Bags,Hand bags,,재고 없음
159842,MAX MARA,Women,Clothing,Jersey,Italy,재고 없음
159862,MAX MARA,Women,Clothing,Trousers,,재고 없음
160009,NORMA KAMALI,Women,Clothing,Long Dresses,,재고 없음
161995,STUART WEITZMAN,Women,Shoes,Ankle boots,Spain,재고 없음
163425,BURBERRY,Men,Clothing,Tshirts and polo shirts,Vietnam,재고 없음
163605,JIL SANDER,Men,Clothing,Tshirts and polo shirts,Italy,재고 없음
163682,TOM FORD,Women,Clothing,Skirts,Italy,재고 없음
164205,THE ATTICO,Women,Clothing,Beachwear,Portugal,재고 없음
164308,BRUNELLO CUCINELLI,Women,Clothing,Shirts and blouses,Italy,재고 없음
164323,BRUNELLO CUCINELLI,Women,Bags,Crossbody Bags,,재고 없음
165215,VALENTINO GARAVANI,Men,Shoes,Sneakers,,재고 없음
165429,LONGCHAMP,Women,Bags,Hand bags,,재고 없음
166176,MARC JACOBS,Women,Bags,Hand bags,Vietnam,재고 없음
166257,BALENCIAGA,Women,Clothing,Shirts and blouses,Italy ,재고 없음
166407,BALMAIN,Women,Clothing,Tshirts and polo shirts,Portugal,재고 없음
166969,VEJA,Unisex,Shoes,Sneakers,,재고 없음
167138,STONE ISLAND KIDS,Baby boy,Clothing,Tshirts and polo shirts,,재고 없음
167959,GUCCI,Women,Bags,Crossbody Bags,,재고 없음
168029,FERRAGAMO,Women,Bags,Shoulder bags,,재고 없음
147421,OSÉREE,Women,Clothing,Beachwear,,재고 없음
148432,UGG,Men,Shoes,Flat Shoes,,재고 없음
151285,LE MONDE BERYL,Women,Shoes,Ballerinas,,재고 없음
151501,AUTRY,Women,Shoes,Sneakers,Indonesia,재고 없음
153660,SIMKHAI,Women,Clothing,Dresses,China,재고 없음
154728,P.A.R.O.S.H.,Women,Clothing,Long Dresses,Italy,재고 없음
155431,JW ANDERSON,Men,Clothing,Shirts and blouses,,재고 없음
156178,SAINT LAURENT,Men,Bags,Hand bags,Italy,재고 없음
157507,PARIS TEXAS,Women,Shoes,Ballerinas,Italy,재고 없음
158232,THEORY,Women,Clothing,Tshirts and polo shirts,,재고 없음
158379,FERRAGAMO,Men,Shoes,Loafers,Italy,재고 없음
158381,FERRAGAMO,Men,Shoes,Loafers,Italy,재고 없음
159277,TIMBERLAND,Men,Shoes,Loafers,,재고 없음
159694,THE ATTICO,Women,Bags,Shoulder bags,Italy,재고 없음
159852,MAXMARA PURE,Women,Clothing,Tshirts and polo shirts,,재고 없음
160032,NORMA KAMALI,Women,Clothing,Dresses,,재고 없음
160038,TAGLIATORE,Men,Clothing,Tshirts and polo shirts,,재고 없음
161532,MARC JACOBS,Women,Bags,Shoulder bags,,재고 없음
161765,BRUNELLO CUCINELLI,Women,Clothing,Blazers,Italy,재고 없음
162198,SOFT GOAT,Women,Clothing,Jersey,,재고 없음
162205,SOFT GOAT,Women,Clothing,Jersey,,재고 없음
162533,VERSACE,Men,Clothing,Tshirts and polo shirts,Italy,재고 없음
162545,VERSACE,Men,Jewelry,Necklaces,,재고 없음
163288,EQUIPMENT,Women,Clothing,Shirts and blouses,,재고 없음
163607,JIL SANDER,Men,Clothing,Shirts and blouses,Italy,재고 없음
164305,BRUNELLO CUCINELLI,Women,Clothing,Shirts and blouses,,재고 없음
164312,BRUNELLO CUCINELLI,Women,Shoes,Ballerinas,,재고 없음
164321,BRUNELLO CUCINELLI,Women,Jewelry,Earrings,,재고 없음
164329,BRUNELLO CUCINELLI,Women,Accessories,Hats and Gloves,,재고 없음
165099,BALENCIAGA,Women,Clothing,Tshirts and polo shirts,Portugal,재고 없음
165206,VALENTINO,Men,Clothing,Tshirts and polo shirts,Italy,재고 없음
166209,MARC JACOBS,Women,Bags,Hand bags,Vietnam,재고 없음
166573,SUNFLOWER,Men,Clothing,Shirts and blouses,,재고 없음
166877,FORTE_FORTE,Women,Clothing,Tops,,재고 없음
167055,JIL SANDER,Men,Clothing,Tshirts and polo shirts,,재고 없음
167058,TAGLIATORE,Men,Accessories,Papillon and ties,Italy,재고 없음
167059,TAGLIATORE,Men,Accessories,Papillon and ties,Italy,재고 없음
167143,MAXMARA STUDIO,Women,Clothing,Tops,,재고 없음
167232,VEJA,Unisex,Shoes,Sneakers,,재고 없음
167981,GUCCI,Women,Bags,Crossbody Bags,,재고 없음
168817,ICON DENIM,Women,Clothing,Jeans,,재고 없음
141821,THE ROW,Women,Clothing,Outerwear,Italy,재고 없음
147444,OSÉREE,Women,Clothing,Beachwear,,재고 없음
149639,ERL,Men,Clothing,Tshirts and polo shirts,Turkey,재고 없음
152414,FENDI KIDS,Baby boy,Clothing,Trousers,Italy,원가 없음 또는 0원
153057,VERSACE,Men,Clothing,Underwear,Bosnia and Herzegovina,재고 없음
153108,PUMA,Unisex,Shoes,Sneakers,Cambodia,재고 없음
153539,BRUNELLO CUCINELLI,Women,Clothing,Tshirts and polo shirts,Italy,재고 없음
154302,PALM ANGELS,Men,Clothing,Trousers,China,재고 없음
155412,JW ANDERSON,Men,Clothing,Tshirts and polo shirts,,재고 없음
156250,CHLOÉ KIDS,Baby girl,Bags,Hand bags,Tunisia,원가 없음 또는 0원
156257,CHLOÉ KIDS,Baby girl,Clothing,Sweatshirts,Tunisia,재고 없음
156736,MONCLER GRENOBLE,Women,Clothing,Tshirts and polo shirts,Turkey,재고 없음
677669a50e38513ea8ba9ee4,MCM,MAN,UOMO,ABBIGLIAMENTO,"MADE IN KOREA, SOUTH","브랜드 성공 / 카테고리 성공 / 원산지 실패(사유: MADE IN KOREA, SOUTH)"
677669a50e38513ea8ba9ee4,MCM,MAN,UOMO,ABBIGLIAMENTO,"MADE IN KOREA, SOUTH","브랜드 성공 / 카테고리 성공 / 원산지 실패(사유: MADE IN KOREA, SOUTH)"
677669a50e38513ea8ba9ee4,MCM,MAN,UOMO,ABBIGLIAMENTO,"MADE IN KOREA, SOUTH","브랜드 성공 / 카테고리 성공 / 원산지 실패(사유: MADE IN KOREA, SOUTH)"
677669a50e38513ea8ba9ee4,MCM,MAN,UOMO,ABBIGLIAMENTO,"MADE IN KOREA, SOUTH","브랜드 성공 / 카테고리 성공 / 원산지 실패(사유: MADE IN KOREA, SOUTH)"
677669a50e38513ea8ba9ee4,MCM,MAN,UOMO,ABBIGLIAMENTO,"MADE IN KOREA, SOUTH","브랜드 성공 / 카테고리 성공 / 원산지 실패(사유: MADE IN KOREA, SOUTH)"
677669a50e38513ea8ba9ee4,MCM,MAN,UOMO,ABBIGLIAMENTO,"MADE IN KOREA, SOUTH","브랜드 성공 / 카테고리 성공 / 원산지 실패(사유: MADE IN KOREA, SOUTH)"
163211,FEDERICA TOSI,Women,Jewelry,Earrings,,재고 없음
163217,FEDERICA TOSI,Women,Accessories,Belts,,재고 없음
163293,TORY BURCH,Women,Jewelry,Bracelet,China,재고 없음
166244,THOM BROWNE,Men,Clothing,Jersey,Italy,재고 없음
166676,AUTRY,Men,Shoes,Sneakers,,재고 없음
166723,SUNFLOWER,Men,Clothing,Shirts and blouses,,재고 없음
166763,VEJA,Unisex,Shoes,Sneakers,,재고 없음
166776,VEJA,Unisex,Shoes,Sneakers,,재고 없음
166938,FENDI KIDS,Baby girl,Clothing,Dresses,,재고 없음
167988,FERRAGAMO,Women,Bags,Shoulder bags,,재고 없음
150668,LANVIN,Unisex,Shoes,Sneakers,Italy,재고 없음
152416,FENDI KIDS,Baby boy,Clothing,Shirts and blouses,Italy,원가 없음 또는 0원
159863,MAX MARA,Women,Clothing,Jersey,,재고 없음
159876,MAX MARA,Women,Clothing,Jersey,,재고 없음
163309,TORY BURCH,Women,Jewelry,Bracelet,China,재고 없음
160781,POLO RALPH LAUREN KIDS,Baby boy,Clothing,Shirts and blouses,Vietnam,재고 없음
162206,SOFT GOAT,Women,Clothing,Jersey,,재고 없음
162379,BALMAIN,Men,Clothing,Tshirts and polo shirts,,재고 없음
162534,VERSACE,Men,Clothing,Beachwear,Turkey,재고 없음
162563,VERSACE,Men,Clothing,Beachwear,Turkey,재고 없음
162564,VERSACE,Men,Clothing,Underwear,Bosnia Erzegovina,재고 없음
163210,FEDERICA TOSI,Women,Jewelry,Earrings,,재고 없음
163221,FEDERICA TOSI,Women,Jewelry,Earrings,,재고 없음
164604,GUCCI,Men,Clothing,Outerwear,Italy,재고 없음
165211,VALENTINO GARAVANI,Men,Shoes,Flat Shoes,,재고 없음
165212,VALENTINO GARAVANI,Men,Shoes,Sneakers,,재고 없음
166181,ACNE STUDIOS,Men,Clothing,Tshirts and polo shirts,Portugal,재고 없음
166229,AUTRY,Men,Shoes,Sneakers,,재고 없음
166814,MARC JACOBS,Women,Bags,Hand bags,Vietnam,재고 없음
166915,POLO RALPH LAUREN,Men,Clothing,Sweatshirts,,재고 없음
166912,POLO RALPH LAUREN,Men,Clothing,Tshirts and polo shirts,,재고 없음
166916,POLO RALPH LAUREN,Men,Clothing,Sweatshirts,,재고 없음
167215,POLO RALPH LAUREN,Men,Clothing,Tshirts and polo shirts,China,재고 없음
152421,FENDI KIDS,Baby girl,Shoes,Ballerinas,Italy,원가 없음 또는 0원
154746,P.A.R.O.S.H.,Women,Clothing,Trousers,Italy,재고 없음
154751,P.A.R.O.S.H.,Women,Clothing,Trousers,China,재고 없음
159216,DOLCE E GABBANA,Men,Clothing,Underwear,Bosnia and Herzegovina,재고 없음
159252,DOLCE E GABBANA,Men,Clothing,Underwear,Bosnia and Herzegovina,재고 없음
159865,MAXMARA PURE,Women,Clothing,Skirts,,재고 없음
159872,MAX MARA,Women,Clothing,Dresses,,재고 없음
161769,TOM FORD,Men,Jewelry,Bracelet,,재고 없음
162197,SOFT GOAT,Women,Clothing,Suits,,재고 없음
162210,SOFT GOAT,Women,Clothing,Jersey,,재고 없음
162566,VERSACE,Women,Clothing,Shirts and blouses,,재고 없음
165402,LONGCHAMP,Women,Bags,Shoulder bags,France,재고 없음
166189,MARC JACOBS,Women,Bags,Hand bags,Vietnam,재고 없음
166287,BALENCIAGA,Women,Clothing,Trousers,Italy ,재고 없음
166852,MARC JACOBS,Women,Bags,Crossbody Bags,,재고 없음
168574,MAISON MARGIELA,Women,Shoes,Ankle boots,Italy,재고 없음
169056,ICON DENIM,Women,Clothing,Shorts and Bermuda shorts,,재고 없음
152426,FENDI KIDS,Baby boy,Clothing,Shorts and Bermuda shorts,Italy,원가 없음 또는 0원
166648,JIMMY CHOO,Women,Bags,Hand bags,,재고 없음
166872,FORTE_FORTE,Women,Clothing,Long Dresses,,재고 없음
150475,VEJA,Unisex,Shoes,Sneakers,,재고 없음
152468,MSGM,Women,Clothing,Shirts and blouses,India,재고 없음
152445,MSGM,Men,Clothing,Tshirts and polo shirts,Italy,재고 없음
153080,VERSACE,Women,Clothing,Beachwear,,재고 없음
29006604,,Man,Bags,Bags..,VN,브랜드 실패(사유: None) / 카테고리 성공 / 원산지 성공
29006604,,Man,Bags,Bags..,VN,브랜드 실패(사유: None) / 카테고리 성공 / 원산지 성공
29006604,,Man,Bags,Bags..,VN,브랜드 실패(사유: None) / 카테고리 성공 / 원산지 성공
29006604,,Man,Bags,Bags..,VN,브랜드 실패(사유: None) / 카테고리 성공 / 원산지 성공
29006604,,Man,Bags,Bags..,VN,브랜드 실패(사유: None) / 카테고리 성공 / 원산지 성공
29006604,,Man,Bags,Bags..,VN,브랜드 실패(사유: None) / 카테고리 성공 / 원산지 성공
166873,FORTE_FORTE,Women,Clothing,Long Dresses,,재고 없음
166976,ELEVENTY,Men,Clothing,Jersey,,재고 없음
167050,PLAIN,Women,Clothing,Skirts,,재고 없음
147509,THOM BROWNE,Men,Clothing,Shorts and Bermuda shorts,,재고 없음
153959,STUART WEITZMAN,Women,Shoes,Flat Shoes,Vietnam,재고 없음
154674,SIMKHAI,Women,Clothing,Dresses,China,재고 없음
157751,STONE ISLAND KIDS,Baby boy,Clothing,Tshirts and polo shirts,Tunisia,원가 없음 또는 0원
157764,STONE ISLAND KIDS,Baby boy,Clothing,Tshirts and polo shirts,Tunisia,원가 없음 또는 0원
157785,STONE ISLAND KIDS,Baby boy,Clothing,Sweatshirts,Romania,원가 없음 또는 0원
158079,MSGM,Women,Clothing,Skirts,Italy,재고 없음
158549,SEMICOUTURE,Women,Clothing,Tshirts and polo shirts,Italy,재고 없음
158741,TAGLIATORE,Women,Clothing,Blazers,Italy,재고 없음
158742,TAGLIATORE,Women,Clothing,Blazers,Italy,재고 없음
158749,TAGLIATORE,Women,Clothing,Blazers,Italy,재고 없음
167037,DSQUARED2,Men,Clothing,Jeans,,재고 없음
167184,MAXMARA STUDIO,Women,Clothing,Outerwear,,재고 없음
167244,MAXMARA STUDIO,Women,Clothing,Tshirts and polo shirts,,재고 없음
167268,MAXMARA STUDIO,Women,Clothing,Skirts,,재고 없음
29347019,Pero,Woman,Clothing,Trousers,India,원가 없음 또는 0원
29347019,Pero,Woman,Clothing,Trousers,India,원가 없음 또는 0원
29347019,Pero,Woman,Clothing,Trousers,India,원가 없음 또는 0원
29347019,Pero,Woman,Clothing,Trousers,India,원가 없음 또는 0원
29347019,Pero,Woman,Clothing,Trousers,India,원가 없음 또는 0원
29347019,Pero,Woman,Clothing,Trousers,India,원가 없음 또는 0원
29347087,Berwich,Woman,Clothing,Trousers,ITALIA,원가 없음 또는 0원
29347087,Berwich,Woman,Clothing,Trousers,ITALIA,원가 없음 또는 0원
29347087,Berwich,Woman,Clothing,Trousers,ITALIA,원가 없음 또는 0원
29347087,Berwich,Woman,Clothing,Trousers,ITALIA,원가 없음 또는 0원
29347087,Berwich,Woman,Clothing,Trousers,ITALIA,원가 없음 또는 0원
29347087,Berwich,Woman,Clothing,Trousers,ITALIA,원가 없음 또는 0원
29347184,Pero,Woman,Clothing,Dresses,India,원가 없음 또는 0원
29347184,Pero,Woman,Clothing,Dresses,India,원가 없음 또는 0원
29347184,Pero,Woman,Clothing,Dresses,India,원가 없음 또는 0원
29347184,Pero,Woman,Clothing,Dresses,India,원가 없음 또는 0원
29347184,Pero,Woman,Clothing,Dresses,India,원가 없음 또는 0원
29347184,Pero,Woman,Clothing,Dresses,India,원가 없음 또는 0원
29504165,MC2 Saint Barth,Man,Clothing,T-shirts and Polos,China,원가 없음 또는 0원
29504165,MC2 Saint Barth,Man,Clothing,T-shirts and Polos,China,원가 없음 또는 0원
29504165,MC2 Saint Barth,Man,Clothing,T-shirts and Polos,China,원가 없음 또는 0원
29504165,MC2 Saint Barth,Man,Clothing,T-shirts and Polos,China,원가 없음 또는 0원
29504165,MC2 Saint Barth,Man,Clothing,T-shirts and Polos,China,원가 없음 또는 0원
29504165,MC2 Saint Barth,Man,Clothing,T-shirts and Polos,China,원가 없음 또는 0원
29504239,MC2 Saint Barth,Woman,Bags,Bags..,Cina,원가 없음 또는 0원
29504239,MC2 Saint Barth,Woman,Bags,Bags..,Cina,원가 없음 또는 0원
29504239,MC2 Saint Barth,Woman,Bags,Bags..,Cina,원가 없음 또는 0원
29504239,MC2 Saint Barth,Woman,Bags,Bags..,Cina,원가 없음 또는 0원
29504239,MC2 Saint Barth,Woman,Bags,Bags..,Cina,원가 없음 또는 0원
29504239,MC2 Saint Barth,Woman,Bags,Bags..,Cina,원가 없음 또는 0원
29924776,Hugo Boss,Man,Clothing,T-shirts and Polos,Portogallo,원가 없음 또는 0원
29924776,Hugo Boss,Man,Clothing,T-shirts and Polos,Portogallo,원가 없음 또는 0원
29924776,Hugo Boss,Man,Clothing,T-shirts and Polos,Portogallo,원가 없음 또는 0원
29924776,Hugo Boss,Man,Clothing,T-shirts and Polos,Portogallo,원가 없음 또는 0원
29924776,Hugo Boss,Man,Clothing,T-shirts and Polos,Portogallo,원가 없음 또는 0원
29924776,Hugo Boss,Man,Clothing,T-shirts and Polos,Portogallo,원가 없음 또는 0원
29924797,SORBET ISLAND,Woman,Clothing,Sea clothing,Europa,원가 없음 또는 0원
29924797,SORBET ISLAND,Woman,Clothing,Sea clothing,Europa,원가 없음 또는 0원
29924797,SORBET ISLAND,Woman,Clothing,Sea clothing,Europa,원가 없음 또는 0원
29924797,SORBET ISLAND,Woman,Clothing,Sea clothing,Europa,원가 없음 또는 0원
29924797,SORBET ISLAND,Woman,Clothing,Sea clothing,Europa,원가 없음 또는 0원
29924797,SORBET ISLAND,Woman,Clothing,Sea clothing,Europa,원가 없음 또는 0원
29924967,cultura,Man,Clothing,Shorts,ITALIA,원가 없음 또는 0원
29924967,cultura,Man,Clothing,Shorts,ITALIA,원가 없음 또는 0원
29924967,cultura,Man,Clothing,Shorts,ITALIA,원가 없음 또는 0원
29924967,cultura,Man,Clothing,Shorts,ITALIA,원가 없음 또는 0원
29924967,cultura,Man,Clothing,Shorts,ITALIA,원가 없음 또는 0원
29924967,cultura,Man,Clothing,Shorts,ITALIA,원가 없음 또는 0원
29925074,Hugo Boss,Man,Clothing,Trousers,Turchia,원가 없음 또는 0원
29925074,Hugo Boss,Man,Clothing,Trousers,Turchia,원가 없음 또는 0원
29925074,Hugo Boss,Man,Clothing,Trousers,Turchia,원가 없음 또는 0원
29925074,Hugo Boss,Man,Clothing,Trousers,Turchia,원가 없음 또는 0원
29925074,Hugo Boss,Man,Clothing,Trousers,Turchia,원가 없음 또는 0원
29925074,Hugo Boss,Man,Clothing,Trousers,Turchia,원가 없음 또는 0원
30030407,VANESSA BARONI,Woman,Accessories,Bijoux,Italy,원가 없음 또는 0원
30030407,VANESSA BARONI,Woman,Accessories,Bijoux,Italy,원가 없음 또는 0원
30030407,VANESSA BARONI,Woman,Accessories,Bijoux,Italy,원가 없음 또는 0원
30030407,VANESSA BARONI,Woman,Accessories,Bijoux,Italy,원가 없음 또는 0원
30030407,VANESSA BARONI,Woman,Accessories,Bijoux,Italy,원가 없음 또는 0원
30030407,VANESSA BARONI,Woman,Accessories,Bijoux,Italy,원가 없음 또는 0원
30030514,SELF PORTRAIT,Woman,Clothing,Skirts,China,원가 없음 또는 0원
30030514,SELF PORTRAIT,Woman,Clothing,Skirts,China,원가 없음 또는 0원
30030514,SELF PORTRAIT,Woman,Clothing,Skirts,China,원가 없음 또는 0원
30030514,SELF PORTRAIT,Woman,Clothing,Skirts,China,원가 없음 또는 0원
30030514,SELF PORTRAIT,Woman,Clothing,Skirts,China,원가 없음 또는 0원
30030514,SELF PORTRAIT,Woman,Clothing,Skirts,China,원가 없음 또는 0원
30313964,MC2 Saint Barth,Man,Clothing,T-shirts and Polos,china,원가 없음 또는 0원
30313964,MC2 Saint Barth,Man,Clothing,T-shirts and Polos,china,원가 없음 또는 0원
30313964,MC2 Saint Barth,Man,Clothing,T-shirts and Polos,china,원가 없음 또는 0원
30313964,MC2 Saint Barth,Man,Clothing,T-shirts and Polos,china,원가 없음 또는 0원
30313964,MC2 Saint Barth,Man,Clothing,T-shirts and Polos,china,원가 없음 또는 0원
30313964,MC2 Saint Barth,Man,Clothing,T-shirts and Polos,china,원가 없음 또는 0원
158787,GANNI,Women,Clothing,Shorts and Bermuda shorts,Tunisia,재고 없음
163284,EQUIPMENT,Women,Clothing,Shirts and blouses,,재고 없음
165272,DOLCE E GABBANA,Men,Clothing,Beachwear,,재고 없음
166954,PLAIN,Women,Clothing,Outerwear,,재고 없음
166985,PLAIN,Women,Clothing,Trousers,,재고 없음
148016,GIVENCHY,Men,Clothing,Tshirts and polo shirts,Portugal,재고 없음
163687,THOM BROWNE,Men,Clothing,Tshirts and polo shirts,,재고 없음
164656,MAXMARA STUDIO,Women,Clothing,Outerwear,,재고 없음
167242,MAXMARA STUDIO,Women,Clothing,Dresses,,재고 없음
166980,PLAIN,Women,Clothing,Shirts and blouses,Italy,재고 없음
154185,TORY BURCH,Women,Shoes,Flat Shoes,China,재고 없음
161158,TALLER MARMO,Women,Clothing,Long Dresses,,재고 없음
167162,MAX MARA,Women,Clothing,Outerwear,,재고 없음
167218,MAXMARA STUDIO,Women,Clothing,Skirts,,재고 없음
159942,GUCCI,Women,Clothing,Tshirts and polo shirts,Italy,재고 없음
150652,TALLER MARMO,Women,Clothing,Long Dresses,Italy,재고 없음
154017,DRIES VAN NOTEN,Women,Clothing,Sweatshirts,,재고 없음
166219,AUTRY,Men,Shoes,Sneakers,,재고 없음
148567,DOLCE E GABBANA,Women,Clothing,Beachwear,Italy,재고 없음
167227,SPORTMAX,Women,Clothing,Outerwear,,재고 없음
169550,ICON DENIM,Men,Clothing,Shorts and Bermuda shorts,,재고 없음
158721,BALENCIAGA,Women,Clothing,Tshirts and polo shirts,Portugal,재고 없음
163376,BURBERRY,Women,Clothing,Outerwear,England,재고 없음
157802,STONE ISLAND KIDS,Baby boy,Clothing,Sweatshirts,Turkey,원가 없음 또는 0원
158562,SEMICOUTURE,Women,Clothing,Trousers,Italy,재고 없음
158744,TAGLIATORE,Women,Clothing,Suits,Italy,재고 없음
158974,UGG,Men,Shoes,Flat Shoes,Vietnam,재고 없음
159047,IBELIV,Women,Bags,Crossbody Bags,,재고 없음
160482,MICHAEL MICHAEL KORS,Women,Bags,Shoulder bags,Indonesia,재고 없음
160972,VERSACE,Men,Clothing,Tshirts and polo shirts,,재고 없음
161844,NEW BALANCE,Unisex,Shoes,Sneakers,Vietnam,재고 없음
162207,SOFT GOAT,Women,Clothing,Jersey,,재고 없음
162553,VERSACE,Men,Clothing,Tshirts and polo shirts,Bosnia Erzegovina,재고 없음
163313,TORY BURCH,Women,Bags,Tote bags,CAMBOGIA,재고 없음
163610,JIL SANDER,Men,Clothing,Trousers,Italy,재고 없음
164662,GUCCI,Women,Bags,Crossbody Bags,,재고 없음
165213,VALENTINO GARAVANI,Men,Shoes,Flat Shoes,,재고 없음
165267,AMIRI,Men,Shoes,Sneakers,,재고 없음
165585,LIDFORT,Men,Shoes,Loafers,Italy,재고 없음
165664,JW ANDERSON,Men,Bags,Crossbody Bags,,재고 없음
165893,FERRAGAMO,Men,Accessories,Leather Products,Italy,재고 없음
166211,MARC JACOBS,Women,Bags,Crossbody Bags,,재고 없음
166350,BALENCIAGA,Men,Accessories,Belts,Italy ,재고 없음
166456,VEJA,Unisex,Shoes,Sneakers,,재고 없음
166785,SUNFLOWER,Men,Clothing,Jeans,,재고 없음
166883,DSQUARED2,Men,Accessories,Hats and Gloves,,재고 없음
166886,DSQUARED2,Men,Accessories,Hats and Gloves,,재고 없음
167066,MARINE SERRE,Men,Clothing,Jersey,,재고 없음
168591,MAISON MARGIELA,Women,Shoes,Ankle boots,Italy,재고 없음
169418,PLAIN,Women,Clothing,Jersey,,재고 없음
147404,STUART WEITZMAN,Women,Shoes,Heels,Spain,재고 없음
147415,OSÉREE,Women,Clothing,Beachwear,,재고 없음
149549,KENZO,Women,Clothing,Tshirts and polo shirts,Portugal,재고 없음
149788,GUCCI,Men,Accessories,Hats and Gloves,Italy,재고 없음
150292,SEBAGO,Men,Shoes,Loafers,Mexico,재고 없음
151236,SELF-PORTRAIT,Women,Clothing,Dresses,China,재고 없음
153664,SIMKHAI,Women,Clothing,Dresses,China,재고 없음
153960,STUART WEITZMAN,Women,Shoes,Heels,Spain,재고 없음
154619,JW ANDERSON,Men,Clothing,Tshirts and polo shirts,Portgual,재고 없음
154761,P.A.R.O.S.H.,Women,Clothing,Tops,India,재고 없음
154762,P.A.R.O.S.H.,Women,Clothing,Outerwear,Italy,재고 없음
154767,P.A.R.O.S.H.,Women,Clothing,Shirts and blouses,Italy,재고 없음
155114,ROTATE,Women,Clothing,Skirts,China,재고 없음
155445,JW ANDERSON,Men,Clothing,Tops,,재고 없음
157434,NEMA,Women,Clothing,Dresses,Greece,재고 없음
157774,STONE ISLAND KIDS,Baby boy,Clothing,Outerwear,Indonesia,원가 없음 또는 0원
158390,GUCCI,Men,Accessories,Papillon and ties,,재고 없음
158530,SEMICOUTURE,Women,Clothing,Trousers,Italy,재고 없음
159283,TIMBERLAND,Men,Shoes,Loafers,,재고 없음
159312,TIMBERLAND,Men,Shoes,Ankle boots,,재고 없음
159832,MAX MARA,Women,Clothing,Jersey,,재고 없음
161764,BRUNELLO CUCINELLI,Women,Clothing,Long Dresses,,재고 없음
161846,NEW BALANCE,Unisex,Shoes,Sneakers,China,재고 없음
161994,STUART WEITZMAN,Women,Shoes,Ankle boots,Spain,재고 없음
161996,STUART WEITZMAN,Women,Shoes,Ballerinas,Spain,재고 없음
162055,YVMIN X SHUSHU TONG,Women,Jewelry,Earrings,,재고 없음
162122,ROTATE,Women,Clothing,Long Dresses,China,재고 없음
162547,VERSACE,Men,Clothing,Underwear,Bosnia Erzegovina,재고 없음
162697,VIVIENNE WESTWOOD,Men,Clothing,Tshirts and polo shirts,,재고 없음
163054,AMI PARIS,Men,Accessories,Hats and Gloves,Italy,재고 없음
163212,FEDERICA TOSI,Women,Accessories,Belts,,재고 없음
164208,THE ATTICO,Women,Clothing,Beachwear,Portugal,재고 없음
164646,GUCCI,Men,Accessories,Belts,,재고 없음
165154,C.P. COMPANY,Men,Clothing,Tshirts and polo shirts,China,재고 없음
165277,DOLCE E GABBANA,Men,Clothing,Tshirts and polo shirts,Italy,재고 없음
165635,PARIS TEXAS,Women,Shoes,Heels,,재고 없음
165831,MARC JACOBS,Women,Bags,Hand bags,Vietnam,재고 없음
166827,AUTRY,Men,Shoes,Sneakers,,재고 없음
166840,MARC JACOBS,Women,Accessories,Leather Products,,재고 없음
166917,AMIRI,Men,Clothing,Tshirts and polo shirts,,재고 없음
167248,MAXMARA STUDIO,Women,Clothing,Outerwear,,재고 없음
167337,FENDI,Men,Accessories,Belts,,재고 없음
168560,CHLOÉ KIDS,Baby girl,Bags,Crossbody Bags,,재고 없음
168563,MAISON MARGIELA,Women,Shoes,Ankle boots,Italy,재고 없음
169260,MISSONI HOME,home,undefined,Beach towels,,재고 없음
154618,JW ANDERSON,Men,Clothing,Tshirts and polo shirts,Portgual,재고 없음
154637,OSOI,Women,Bags,Shoulder bags,Korea,재고 없음
154734,P.A.R.O.S.H.,Women,Clothing,Trousers,Italy,재고 없음
155410,LARDINI,Men,Clothing,Trousers,Italy,재고 없음
156331,PHILOSOPHY di LORENZO SERAFINI,Women,Shoes,Flat Shoes,,재고 없음
157719,FORTE_FORTE,Women,Clothing,Long Dresses,Italy,재고 없음
158594,VERSACE HOME,home,Textiles,Towels,,재고 없음
159034,BA&SH,Women,Clothing,Shirts and blouses,India,재고 없음
160486,MICHAEL MICHAEL KORS,Women,Bags,Hand bags,Indonesia,재고 없음
161160,TALLER MARMO,Women,Clothing,Dresses,,재고 없음
161771,BRUNELLO CUCINELLI,Women,Shoes,Sneakers,Italy,재고 없음
162199,SOFT GOAT,Women,Clothing,Jersey,,재고 없음
162544,VERSACE,Women,Clothing,Long Dresses,,재고 없음
162546,VERSACE,Women,Clothing,Shorts and Bermuda shorts,,재고 없음
163227,FEDERICA TOSI,Women,Jewelry,Earrings,,재고 없음
163618,TAGLIATORE,Men,Accessories,Papillon and ties,,재고 없음
165699,CHLOÉ,Women,Clothing,Tshirts and polo shirts,,재고 없음
165950,BRUNELLO CUCINELLI,Women,Clothing,Jersey,,재고 없음
169429,PLAIN,Women,Clothing,Jersey,,재고 없음
159835,MAX MARA,Women,Clothing,Jersey,Italy,재고 없음
159858,MAX MARA,Women,Clothing,Trousers,,재고 없음
161709,SOEUR,Women,Bags,Shoulder bags,Indonesia,재고 없음
162528,VERSACE,Women,Clothing,Dresses,,재고 없음
163449,BURBERRY,Men,Clothing,Tshirts and polo shirts,Portugal,재고 없음
164653,GUCCI,Men,Accessories,Belts,,재고 없음
166230,CHLOÉ,Women,Accessories,Belts,,재고 없음
166282,BALENCIAGA,Women,Bags,Hand bags,Italy ,재고 없음
166633,PALM ANGELS,Men,Clothing,Sweatshirts,Portugal,재고 없음
166679,SUNFLOWER,Men,Clothing,Tshirts and polo shirts,Portugal,재고 없음
166692,AUTRY,Men,Shoes,Sneakers,,재고 없음
167170,SPORTMAX,Women,Clothing,Trousers,,재고 없음
167949,GUCCI,Women,Bags,Crossbody Bags,,재고 없음
167968,GUCCI,Women,Accessories,Leather Products,,재고 없음
150693,SOEUR,Women,Shoes,Flat Shoes,,재고 없음
153480,ANJUNA,Women,Clothing,Dresses,,재고 없음
154027,DRIES VAN NOTEN,Women,Clothing,Shirts and blouses,Tiunisia,재고 없음
158995,UGG,Women,Shoes,Flat Shoes,,재고 없음
163218,FEDERICA TOSI,Women,Jewelry,Earrings,,재고 없음
163223,FEDERICA TOSI,Women,Jewelry,Earrings,,재고 없음
163220,FEDERICA TOSI,Women,Jewelry,Necklaces,,재고 없음
163699,THOM BROWNE,Men,Clothing,Outerwear,,재고 없음
164444,CHLOÉ,Women,Bags,Hand bags,Italy,재고 없음
165089,BALENCIAGA,Women,Clothing,Tshirts and polo shirts,Portugal,재고 없음
167056,SAINT LAURENT,Women,Accessories,Papillon and ties,Italy,재고 없음
167065,MARINE SERRE,Men,Clothing,Jersey,,재고 없음
167072,TAGLIATORE,Men,Accessories,Papillon and ties,Italy,재고 없음
167078,MAISON MARGIELA,Women,Accessories,Leather Products,Italy,재고 없음
159808,POLO RALPH LAUREN,Men,Clothing,Jersey,China,재고 없음
162200,SOFT GOAT,Women,Clothing,Jersey,,재고 없음
162208,SOFT GOAT,Women,Clothing,Jersey,,재고 없음
166174,MARC JACOBS,Women,Bags,Shoulder bags,Vietnam,재고 없음
166342,BALENCIAGA,Women,Bags,Hand bags,Italy ,재고 없음
166911,JW ANDERSON,Men,Clothing,Sweatshirts,,재고 없음
166919,AMIRI,Men,Clothing,Tshirts and polo shirts,,재고 없음
167139,MAXMARA STUDIO,Women,Clothing,Skirts,,재고 없음
157763,STONE ISLAND KIDS,Baby boy,Clothing,Tshirts and polo shirts,Turkey,원가 없음 또는 0원
157783,STONE ISLAND KIDS,Baby boy,Clothing,Beachwear,Indonesia,원가 없음 또는 0원
157806,STONE ISLAND KIDS,Baby boy,Clothing,Down jackets,Vietnam,원가 없음 또는 0원
157857,POLO RALPH LAUREN KIDS,Baby boy,Clothing,Jeans,Egypt,재고 없음
158547,SEMICOUTURE,Women,Clothing,Trousers,Italy,재고 없음
158554,SEMICOUTURE,Women,Clothing,Jersey,China,재고 없음
158563,SEMICOUTURE,Women,Clothing,Skirts,Italy,재고 없음
160036,TAGLIATORE,Men,Clothing,Blazers,Italy,재고 없음
160046,TAGLIATORE,Men,Clothing,Tshirts and polo shirts,Italy,재고 없음
162662,PUMA,Unisex,Shoes,Sneakers,,재고 없음
166860,JIMMY CHOO,Women,Bags,Clutches and pochettes,,재고 없음
147398,STUART WEITZMAN,Women,Shoes,Sneakers,Italy,재고 없음
147401,STUART WEITZMAN,Women,Shoes,Sneakers,Italy,재고 없음
157786,STONE ISLAND KIDS,Baby boy,Clothing,Sweatshirts,Romania,원가 없음 또는 0원
157788,STONE ISLAND KIDS,Baby boy,Clothing,Sweatshirts,Tunisia,원가 없음 또는 0원
158569,SEMICOUTURE,Women,Clothing,Long Dresses,Italy,재고 없음
165645,POLO RALPH LAUREN,Men,Clothing,Tshirts and polo shirts,,재고 없음
165830,JACOB COHEN,Men,Clothing,Jeans,Italy,재고 없음
149576,KENZO,Men,Clothing,Trousers,Portugal,재고 없음
150842,JACQUEMUS,Women,Accessories,Hats and Gloves,Madagascar,재고 없음
157780,STONE ISLAND KIDS,Baby boy,Clothing,Trousers,Romania,원가 없음 또는 0원
162325,SEMICOUTURE,Women,Clothing,Trousers,Italy,재고 없음
162524,VENUJA,Women,Clothing,Beachwear,5% Polyamide 15% Elastane,재고 없음
166759,JIMMY CHOO,Women,Bags,Clutches and pochettes,,재고 없음
158558,SEMICOUTURE,Women,Clothing,Long Dresses,Italy,재고 없음
158808,ANTONELLI,Women,Clothing,Long Dresses,Italy,재고 없음
31126369,Pinko,Woman,Clothing,Dresses,Tunisia,원가 없음 또는 0원
31126369,Pinko,Woman,Clothing,Dresses,Tunisia,원가 없음 또는 0원
31126369,Pinko,Woman,Clothing,Dresses,Tunisia,원가 없음 또는 0원
31126369,Pinko,Woman,Clothing,Dresses,Tunisia,원가 없음 또는 0원
31126369,Pinko,Woman,Clothing,Dresses,Tunisia,원가 없음 또는 0원
31126369,Pinko,Woman,Clothing,Dresses,Tunisia,원가 없음 또는 0원
31717561,,Girl,Accessories,Accessories,China,브랜드 실패(사유: None) / 카테고리 성공 / 원산지 성공
31717561,,Girl,Accessories,Accessories,China,브랜드 실패(사유: None) / 카테고리 성공 / 원산지 성공
31717561,,Girl,Accessories,Accessories,China,브랜드 실패(사유: None) / 카테고리 성공 / 원산지 성공
31717561,,Girl,Accessories,Accessories,China,브랜드 실패(사유: None) / 카테고리 성공 / 원산지 성공
31717561,,Girl,Accessories,Accessories,China,브랜드 실패(사유: None) / 카테고리 성공 / 원산지 성공
31717561,,Girl,Accessories,Accessories,China,브랜드 실패(사유: None) / 카테고리 성공 / 원산지 성공
31717587,SELF PORTRAIT,Woman,Clothing,Dresses,"CHINA, PEOPLE'S REPUBLIC OF","브랜드 성공 / 카테고리 성공 / 원산지 실패(사유: CHINA, PEOPLE'S REPUBLIC OF)"
31717587,SELF PORTRAIT,Woman,Clothing,Dresses,"CHINA, PEOPLE'S REPUBLIC OF","브랜드 성공 / 카테고리 성공 / 원산지 실패(사유: CHINA, PEOPLE'S REPUBLIC OF)"
31717587,SELF PORTRAIT,Woman,Clothing,Dresses,"CHINA, PEOPLE'S REPUBLIC OF","브랜드 성공 / 카테고리 성공 / 원산지 실패(사유: CHINA, PEOPLE'S REPUBLIC OF)"
31717587,SELF PORTRAIT,Woman,Clothing,Dresses,"CHINA, PEOPLE'S REPUBLIC OF","브랜드 성공 / 카테고리 성공 / 원산지 실패(사유: CHINA, PEOPLE'S REPUBLIC OF)"
31717587,SELF PORTRAIT,Woman,Clothing,Dresses,"CHINA, PEOPLE'S REPUBLIC OF","브랜드 성공 / 카테고리 성공 / 원산지 실패(사유: CHINA, PEOPLE'S REPUBLIC OF)"
31717587,SELF PORTRAIT,Woman,Clothing,Dresses,"CHINA, PEOPLE'S REPUBLIC OF","브랜드 성공 / 카테고리 성공 / 원산지 실패(사유: CHINA, PEOPLE'S REPUBLIC OF)"
31121868,ADIDAS X AVAVAV,Unisex,Clothing,T-shirts and Polos,China,브랜드 실패(사유: ADIDAS X AVAVAV) / 카테고리 성공 / 원산지 성공
31121868,ADIDAS X AVAVAV,Unisex,Clothing,T-shirts and Polos,China,브랜드 실패(사유: ADIDAS X AVAVAV) / 카테고리 성공 / 원산지 성공
31121868,ADIDAS X AVAVAV,Unisex,Clothing,T-shirts and Polos,China,브랜드 실패(사유: ADIDAS X AVAVAV) / 카테고리 성공 / 원산지 성공
31121868,ADIDAS X AVAVAV,Unisex,Clothing,T-shirts and Polos,China,브랜드 실패(사유: ADIDAS X AVAVAV) / 카테고리 성공 / 원산지 성공
AB22CS05XTSK001,BONPOINT,K,AB,T-SHIRT Colore unico,MADE IN PORTUGAL,재고 없음
AB22CS05XTSK001,BONPOINT,K,AB,T-SHIRT Colore unico,MADE IN PORTUGAL,재고 없음
AB02X032509X001,ERES,D,AB,BEACHWEAR,MADE IN FRANCE,재고 없음
AB02X032509X001,ERES,D,AB,BEACHWEAR,MADE IN FRANCE,재고 없음
AB07XNDSS24J001,NENSI DOJAKA,D,AB,JACKET,MADE IN ITALY,재고 없음
AB07XNDSS24J001,NENSI DOJAKA,D,AB,JACKET,MADE IN ITALY,재고 없음
